{
  "custom": {},
  "params": {
    "rowData": ""
  },
  "propConfig": {
    "params.rowData": {
      "paramDirection": "input",
      "persistent": true
    }
  },
  "props": {
    "defaultSize": {
      "height": 53,
      "width": 75
    }
  },
  "root": {
    "children": [
      {
        "meta": {
          "name": "icon_conexion_0"
        },
        "position": {
          "height": 20,
          "width": 20,
          "x": "40%",
          "y": 1
        },
        "propConfig": {
          "meta.visible": {
            "binding": {
              "config": {
                "path": "view.params.rowData[\"CONEXION\"]"
              },
              "transforms": [
                {
                  "code": "\ttry:\n\t\tif value \u003d\u003d None or float(value) \u003c\u003d -103: # value \u003e int(0)\n\t\t\tx \u003d True\n\t\telse:\n\t\t\tx \u003d False\n\t\treturn x\n\texcept:\n\t\treturn False\n\t\u0027\u0027\u0027try:\n\t\tif float(value) \u003c -103 : # value \u003e int(0)             or (str(value) \u003d\u003d None) null  float(value) \u003c -103 \n\t\t\tx \u003d True\n\t\telse:\n\t\t\tx \u003d False\n\t\treturn x\n\texcept:\n\t\treturn False\u0027\u0027\u0027",
                  "type": "script"
                }
              ],
              "type": "property"
            }
          }
        },
        "props": {
          "fit": {
            "mode": "fill"
          },
          "source": "/system/images/Exterran/icon_conexion_0.png"
        },
        "type": "ia.display.image"
      },
      {
        "meta": {
          "name": "icon_conexion_1"
        },
        "position": {
          "height": 20,
          "rotate": {
            "anchor": "50% 36%"
          },
          "width": 20,
          "x": "40%",
          "y": 1
        },
        "propConfig": {
          "meta.visible": {
            "binding": {
              "config": {
                "path": "view.params.rowData[\"CONEXION\"]"
              },
              "transforms": [
                {
                  "code": "\ttry:\n\t\tif float(value) \u003c\u003d -94 and float(value) \u003e -103: # value \u003e int(0)\n\t\t\tx \u003d True\n\t\telse:\n\t\t\tx \u003d False\n\t\treturn x\n\texcept:\n\t\treturn False",
                  "type": "script"
                }
              ],
              "type": "property"
            }
          }
        },
        "props": {
          "fit": {
            "mode": "fill"
          },
          "source": "/system/images/Exterran/icon_conexion_1.png"
        },
        "type": "ia.display.image"
      },
      {
        "meta": {
          "name": "icon_conexion_2"
        },
        "position": {
          "height": 20,
          "width": 20,
          "x": "40%",
          "y": 1
        },
        "propConfig": {
          "meta.visible": {
            "binding": {
              "config": {
                "path": "../NumericEntryField.props.value"
              },
              "transforms": [
                {
                  "code": "\ttry:\n\t\tif (self.getSibling(\"icon_conexion_0\").meta.visible \u003d\u003d False) and (self.getSibling(\"icon_conexion_1\").meta.visible \u003d\u003d False) and (self.getSibling(\"icon_conexion_3\").meta.visible \u003d\u003d False) and (self.getSibling(\"icon_conexion_4\").meta.visible \u003d\u003d False):\n\t\t#if int(value) \u003c\u003d -85 and int(value) \u003e -94 : # value \u003e int(0)\n\t\t\tx \u003d True\n\t\telse:\n\t\t\tx \u003d False\n\t\treturn x\n\texcept:\n\t\treturn False\n\u0027\u0027\u0027\ttry:\n\t\tif float(value) \u003c\u003d -85 and float(value) \u003e -94 : # value \u003e int(0)\n\t\t\tx \u003d True\n\t\telse:\n\t\t\tx \u003d False\n\t\treturn x\n\texcept:\n\t\treturn False\u0027\u0027\u0027",
                  "type": "script"
                }
              ],
              "type": "property"
            }
          }
        },
        "props": {
          "fit": {
            "mode": "fill"
          },
          "source": "/system/images/Exterran/icon_conexion_2.png"
        },
        "type": "ia.display.image"
      },
      {
        "meta": {
          "name": "icon_conexion_3"
        },
        "position": {
          "height": 20,
          "width": 20,
          "x": "40%",
          "y": 1
        },
        "propConfig": {
          "meta.visible": {
            "binding": {
              "config": {
                "path": "view.params.rowData[\"CONEXION\"]"
              },
              "transforms": [
                {
                  "code": "\ttry:\n\t\tif float(value) \u003c\u003d -75 and float(value) \u003e -85: # value \u003e int(0)\n\t\t\tx \u003d True\n\t\telse:\n\t\t\tx \u003d False\n\t\treturn x\n\texcept:\n\t\treturn False",
                  "type": "script"
                }
              ],
              "type": "property"
            }
          }
        },
        "props": {
          "fit": {
            "mode": "fill"
          },
          "source": "/system/images/Exterran/icon_conexion_3.png"
        },
        "type": "ia.display.image"
      },
      {
        "meta": {
          "name": "icon_conexion_4"
        },
        "position": {
          "height": 20,
          "width": 20,
          "x": "40%",
          "y": 1
        },
        "propConfig": {
          "meta.visible": {
            "binding": {
              "config": {
                "path": "view.params.rowData[\"CONEXION\"]"
              },
              "transforms": [
                {
                  "code": "\ttry:\n\t\tif float(value) \u003e float(-75): # value \u003e int(0)\n\t\t\tx \u003d True\n\t\telse:\n\t\t\tx \u003d False\n\t\treturn x\n\texcept:\n\t\treturn False",
                  "type": "script"
                }
              ],
              "type": "property"
            }
          }
        },
        "props": {
          "fit": {
            "mode": "fill"
          },
          "source": "/system/images/Exterran/icon_conexion_4.png"
        },
        "type": "ia.display.image"
      },
      {
        "meta": {
          "name": "NumericEntryField",
          "visible": false
        },
        "position": {
          "height": 24,
          "width": 46,
          "x": 10,
          "y": 21
        },
        "propConfig": {
          "props.value": {
            "binding": {
              "config": {
                "path": "view.params.rowData[\"CONEXION\"]"
              },
              "transforms": [
                {
                  "code": "\treturn int(value)",
                  "type": "script"
                }
              ],
              "type": "property"
            }
          }
        },
        "type": "ia.input.numeric-entry-field"
      }
    ],
    "meta": {
      "name": "root"
    },
    "props": {
      "style": {
        "backgroundColor": ""
      }
    },
    "type": "ia.container.coord"
  }
}