{
  "custom": {},
  "params": {},
  "props": {
    "defaultSize": {
      "height": 21,
      "width": 21
    }
  },
  "root": {
    "children": [
      {
        "meta": {
          "name": "Evento_t_verde"
        },
        "position": {
          "height": 20,
          "width": 20,
          "x": 1,
          "y": 1
        },
        "props": {
          "fit": {
            "height": 20,
            "mode": "fill",
            "width": 20
          },
          "source": "/system/images/sample-images/LogosEXTERRAN/Evento_t_verde.png",
          "style": {
            "backgroundColor": "#454d55"
          }
        },
        "type": "ia.display.image"
      }
    ],
    "meta": {
      "name": "root"
    },
    "type": "ia.container.coord"
  }
}