{
  "custom": {},
  "params": {},
  "props": {
    "defaultSize": {
      "height": 52,
      "width": 812
    },
    "loading": {
      "mode": "blocking"
    }
  },
  "root": {
    "children": [
      {
        "children": [
          {
            "children": [
              {
                "meta": {
                  "name": "flagImg"
                },
                "position": {
                  "height": 25,
                  "width": 25,
                  "x": 120,
                  "y": 14
                },
                "props": {
                  "fit": {
                    "mode": "fill"
                  },
                  "source": "/system/images/flag.png",
                  "style": {
                    "cursor": "pointer"
                  },
                  "tint": {
                    "color": "#007bff",
                    "enabled": true
                  }
                },
                "type": "ia.display.image"
              },
              {
                "events": {
                  "dom": {
                    "onClick": {
                      "config": {
                        "draggable": false,
                        "id": "AtJ6wWnx",
                        "modal": true,
                        "overlayDismiss": true,
                        "position": {
                          "relativeLocation": "bottom-left"
                        },
                        "positionType": "relative",
                        "resizable": false,
                        "showCloseIcon": false,
                        "type": "toggle",
                        "viewPath": "Docks/User_view",
                        "viewportBound": false
                      },
                      "scope": "C",
                      "type": "popup"
                    }
                  }
                },
                "meta": {
                  "name": "UserImage"
                },
                "position": {
                  "height": 25,
                  "width": 25,
                  "x": 60,
                  "y": 14
                },
                "props": {
                  "fit": {
                    "mode": "fill"
                  },
                  "source": "/system/images/user icon.png",
                  "style": {
                    "cursor": "pointer"
                  },
                  "tint": {
                    "color": "#FFBE00",
                    "enabled": true
                  }
                },
                "type": "ia.display.image"
              },
              {
                "events": {
                  "dom": {
                    "onClick": {
                      "config": {
                        "draggable": true,
                        "id": "exportpopup",
                        "modal": true,
                        "overlayDismiss": true,
                        "resizable": false,
                        "showCloseIcon": true,
                        "title": "¿Descargar datos de tabla?",
                        "type": "open",
                        "viewPath": "Docks/PopUpExport",
                        "viewportBound": false
                      },
                      "scope": "C",
                      "type": "popup"
                    }
                  }
                },
                "meta": {
                  "name": "ExportImage"
                },
                "position": {
                  "height": 25,
                  "width": 25,
                  "y": 14
                },
                "props": {
                  "fit": {
                    "mode": "fill"
                  },
                  "source": "/system/images/download-pdf-icon-white.png",
                  "style": {
                    "cursor": "pointer"
                  },
                  "tint": {
                    "color": "#17a2b8",
                    "enabled": true
                  }
                },
                "type": "ia.display.image"
              }
            ],
            "meta": {
              "name": "CoordinateContainer"
            },
            "position": {
              "basis": "166px",
              "x": -175
            },
            "propConfig": {
              "position.x": {
                "binding": {
                  "config": {
                    "path": "page.props.dimensions.primaryView.width"
                  },
                  "enabled": false,
                  "transforms": [
                    {
                      "code": "\treturn value-175",
                      "type": "script"
                    }
                  ],
                  "type": "property"
                }
              }
            },
            "type": "ia.container.coord"
          }
        ],
        "meta": {
          "name": "FlexContainer"
        },
        "position": {
          "height": "100%",
          "width": "100%"
        },
        "props": {
          "justify": "flex-end"
        },
        "type": "ia.container.flex"
      },
      {
        "events": {
          "dom": {
            "onClick": {
              "config": {
                "script": "\tsystem.perspective.toggleDock(\u0027dockleft\u0027)"
              },
              "scope": "G",
              "type": "script"
            }
          }
        },
        "meta": {
          "name": "hamburger"
        },
        "position": {
          "height": 24,
          "width": 18,
          "x": 22,
          "y": 15.5
        },
        "props": {
          "fit": {
            "mode": "percent"
          },
          "source": "/system/images/hamburger icon.png",
          "style": {
            "cursor": "pointer"
          },
          "tint": {
            "color": "#C8C8C8",
            "enabled": true
          }
        },
        "type": "ia.display.image"
      },
      {
        "events": {
          "component": {
            "onItemClicked": {
              "config": {
                "script": "\t# if event.enabled:\n\t\t# add your action handling code\n\tself.getSibling(\"Label\").props.text \u003d event.path"
              },
              "scope": "G",
              "type": "script"
            }
          }
        },
        "meta": {
          "name": "HorizontalMenu"
        },
        "position": {
          "height": "100%",
          "width": 415,
          "x": 50
        },
        "props": {
          "itemStyle": {
            "classes": "ExterranDockNavBar/ItemMainBar"
          },
          "items": [
            {
              "enabled": true,
              "icon": {
                "path": ""
              },
              "items": [
                {
                  "enabled": true,
                  "icon": {
                    "path": ""
                  },
                  "items": [],
                  "label": "Home",
                  "style": {
                    "backgroundColor": "",
                    "classes": "ExterranDockNavBar/ItemSubBar"
                  },
                  "target": "/"
                },
                {
                  "enabled": true,
                  "icon": {
                    "path": ""
                  },
                  "items": [],
                  "label": "Estado de flota",
                  "style": {
                    "classes": "ExterranDockNavBar/ItemSubBar"
                  },
                  "target": "/EstadoFlota"
                }
              ],
              "label": "General",
              "style": {
                "classes": "",
                "fontFamily": "sans-serif",
                "fontSize": 16
              },
              "target": ""
            },
            {
              "enabled": true,
              "icon": {
                "color": "",
                "path": ""
              },
              "items": [
                {
                  "enabled": true,
                  "icon": {
                    "path": ""
                  },
                  "items": [],
                  "label": "Selección de activos",
                  "style": {
                    "classes": "ExterranDockNavBar/ItemSubBar"
                  },
                  "target": "/seleccion-de-activos"
                },
                {
                  "enabled": true,
                  "icon": {
                    "path": ""
                  },
                  "items": [],
                  "label": "Resumen Datos Técnicos",
                  "style": {
                    "classes": "ExterranDockNavBar/ItemSubBar"
                  },
                  "target": "/Resumen-Datos-Tecnicos"
                }
              ],
              "label": "Activos",
              "style": {
                "classes": "",
                "fontFamily": "sans-serif",
                "fontSize": 16
              },
              "target": ""
            },
            {
              "enabled": true,
              "icon": {
                "path": ""
              },
              "items": [
                {
                  "enabled": true,
                  "icon": {
                    "path": ""
                  },
                  "items": [],
                  "label": "Gestión de Eventos",
                  "style": {
                    "classes": "ExterranDockNavBar/ItemSubBar"
                  },
                  "target": "/gestion-de-eventos"
                },
                {
                  "enabled": true,
                  "icon": {
                    "path": ""
                  },
                  "items": [],
                  "label": "Histórico de Eventos",
                  "style": {
                    "classes": "ExterranDockNavBar/ItemSubBar"
                  },
                  "target": "/historico-de-eventos"
                },
                {
                  "enabled": true,
                  "icon": {
                    "path": ""
                  },
                  "items": [],
                  "label": "Resumen de Eventos",
                  "style": {
                    "classes": "ExterranDockNavBar/ItemSubBar"
                  },
                  "target": "/Resumen-de-Eventos"
                },
                {
                  "enabled": true,
                  "icon": {
                    "path": ""
                  },
                  "items": [],
                  "label": "Log Paros",
                  "style": {
                    "classes": "ExterranDockNavBar/ItemSubBar"
                  },
                  "target": "/Log-Paros"
                }
              ],
              "label": "Eventos",
              "style": {
                "classes": "",
                "fontFamily": "sans-serif",
                "fontSize": 16
              },
              "target": ""
            },
            {
              "enabled": true,
              "icon": {
                "path": ""
              },
              "items": [
                {
                  "enabled": true,
                  "icon": {
                    "path": ""
                  },
                  "items": [],
                  "label": "Organigrama",
                  "style": {
                    "classes": "ExterranDockNavBar/ItemSubBar"
                  },
                  "target": ""
                },
                {
                  "enabled": true,
                  "icon": {
                    "path": ""
                  },
                  "items": [],
                  "label": "Contacto",
                  "style": {
                    "classes": "ExterranDockNavBar/ItemSubBar"
                  },
                  "target": "/Contacto"
                }
              ],
              "label": "Organización",
              "style": {
                "fontFamily": "sans-serif",
                "fontSize": 16
              },
              "target": ""
            }
          ],
          "style": {
            "classes": "ExterranDockNavBar/ItemMainBar"
          }
        },
        "type": "ia.navigation.horizontalmenu"
      },
      {
        "meta": {
          "name": "Label",
          "visible": false
        },
        "position": {
          "height": 32,
          "width": 68,
          "x": 510,
          "y": 9.5
        },
        "props": {
          "text": [
            2,
            2
          ],
          "textStyle": {
            "color": "#FFFFFF"
          }
        },
        "type": "ia.display.label"
      }
    ],
    "custom": {
      "key": null
    },
    "meta": {
      "name": "root"
    },
    "props": {
      "style": {
        "backgroundColor": "#343a40",
        "borderBottomColor": "#454d55",
        "borderBottomLeftRadius": 1,
        "borderBottomRightRadius": 1,
        "borderBottomStyle": "solid",
        "borderBottomWidth": "1px",
        "borderLeftColor": "#",
        "borderLeftStyle": "none",
        "borderLeftWidth": 0.5,
        "borderRightColor": "#",
        "borderRightStyle": "none",
        "borderRightWidth": 1,
        "borderTopColor": "#",
        "borderTopLeftRadius": 1,
        "borderTopRightRadius": 1,
        "borderTopStyle": "none",
        "borderTopWidth": 0.5,
        "fill": "#C53F3F00",
        "opacity": "1",
        "outlineColor": "#000000",
        "outlineStyle": "none",
        "outlineWidth": "0",
        "overflow": "visible",
        "stroke": "#FF131300",
        "strokeWidth": "0"
      }
    },
    "type": "ia.container.coord"
  }
}