{
  "custom": {},
  "params": {
    "path": {
      "ACTIVO": "",
      "DISTRITO": "",
      "LEVELVAR": "",
      "LOCACION": "",
      "PAIS": "",
      "REGION": "",
      "YACIMIENTO": ""
    },
    "tipo": "Motor",
    "value": {
      "Marca_Motor": "Caterpillar"
    }
  },
  "propConfig": {
    "params.path": {
      "paramDirection": "input",
      "persistent": true
    },
    "params.tipo": {
      "paramDirection": "input",
      "persistent": true
    },
    "params.value": {
      "paramDirection": "input",
      "persistent": true
    }
  },
  "props": {
    "defaultSize": {
      "height": 200,
      "width": 186
    },
    "loading": {
      "mode": "blocking"
    }
  },
  "root": {
    "children": [
      {
        "meta": {
          "name": "Motor_Table"
        },
        "position": {
          "height": "99%",
          "width": "99%",
          "x": 1,
          "y": 1
        },
        "propConfig": {
          "custom.activ": {
            "binding": {
              "config": {
                "path": "view.params.path.ACTIVO"
              },
              "type": "property"
            }
          },
          "custom.dis": {
            "binding": {
              "config": {
                "path": "view.params.path.DISTRITO"
              },
              "type": "property"
            }
          },
          "custom.level_var": {
            "binding": {
              "config": {
                "path": "view.params.path.LEVELVAR"
              },
              "type": "property"
            }
          },
          "custom.loca": {
            "binding": {
              "config": {
                "path": "view.params.path.LOCACION"
              },
              "type": "property"
            }
          },
          "custom.pai": {
            "binding": {
              "config": {
                "path": "view.params.path.PAIS"
              },
              "type": "property"
            }
          },
          "custom.reg": {
            "binding": {
              "config": {
                "path": "view.params.path.REGION"
              },
              "type": "property"
            }
          },
          "custom.yaci": {
            "binding": {
              "config": {
                "path": "view.params.path.YACIMIENTO"
              },
              "type": "property"
            }
          },
          "props.data": {
            "binding": {
              "config": {
                "parameters": {
                  "Activo": "{this.custom.activ}",
                  "Distrito": "{this.custom.dis}",
                  "Locacion": "{this.custom.loca}",
                  "Pais": "{this.custom.pai}",
                  "Region": "{this.custom.reg}",
                  "Yacimiento": "{this.custom.yaci}",
                  "level_var": "{this.custom.level_var}",
                  "marcaMotor": "{view.params.value.Marca_Motor}",
                  "what": "{../Label.props.text}"
                },
                "queryPath": "Queries Tablas/Resumen Datos Tecnicos/RTQP-Resumen-MotorSV",
                "returnFormat": "json"
              },
              "transforms": [
                {
                  "code": "# convert the incoming value data\n\ttry:\n\t\theader \u003d [\"Marca_Motor\", \"Modelo_Motor\", \"Cant\"]\n\t\n\t#rango \u003d range(len(value)) # de 0 a 4, si hay 5 filas\n\t\tlist_aux\u003d[]\n\t\tlist_aux.append([value[0][\"Marca_Motor\"], value[0][\"Modelo_Motor\"], 1])\n\t\t\n\t\tki \u003d 1\n\t\twhile ki \u003c\u003d len(value)-1: #hasta el ultimo del original\n\t\t\tssj \u003d ki\n\t\t\tbuu \u003d 0\n\t\t\texiste \u003d 0\n\t\t\n\t\t\twhile buu \u003c\u003d len(list_aux)-1 and existe \u003d\u003d 0:\n\t\t\t\tif list_aux[buu][0] \u003d\u003d value[ssj][\"Marca_Motor\"]:\n\t\t\t\t\tif list_aux[buu][1] \u003d\u003d value[ssj][\"Modelo_Motor\"]:\n\t\t\t\t\t\tlist_aux[buu][2] \u003d list_aux[buu][2]+1\n\t\t\t\t\t\texiste \u003d 1\n\t\t\t\tbuu \u003d buu +1\n\t\t\tif existe \u003d\u003d 0:\n\t\t\t\tlist_aux.append([value[ssj][\"Marca_Motor\"], value[ssj][\"Modelo_Motor\"], 1])\n\t\t#END WHILE i\n\t\t\tki \u003d ki + 1\n\t\t# return the results\n\t\tdsds \u003d system.dataset.toDataSet(header, list_aux) \n\t\t\n\t\treturn dsds\n\texcept:\n\t\treturn \"\"",
                  "type": "script"
                }
              ],
              "type": "query"
            }
          }
        },
        "props": {
          "bodyStyle": {
            "classes": "ResumenDatosTecnicos/Exterran-TableSubview-root"
          },
          "cells": {
            "style": {
              "fontFamily": "Roboto"
            }
          },
          "columns": [
            {
              "align": "center",
              "boolean": "checkbox",
              "dateFormat": "MM/DD/YYYY",
              "editable": false,
              "field": "Marca_Motor",
              "footer": {
                "align": "center",
                "justify": "left",
                "style": {
                  "classes": ""
                },
                "title": ""
              },
              "header": {
                "align": "center",
                "justify": "left",
                "style": {
                  "classes": ""
                },
                "title": ""
              },
              "justify": "left",
              "number": "value",
              "numberFormat": "0,0.##",
              "progressBar": {
                "bar": {
                  "color": "",
                  "style": {
                    "classes": ""
                  }
                },
                "max": 100,
                "min": 0,
                "track": {
                  "color": "",
                  "style": {
                    "classes": ""
                  }
                },
                "value": {
                  "enabled": true,
                  "format": "0,0.##",
                  "justify": "center",
                  "style": {
                    "classes": ""
                  }
                }
              },
              "render": "auto",
              "resizable": false,
              "sort": "none",
              "sortable": false,
              "strictWidth": true,
              "style": {
                "classes": ""
              },
              "toggleSwitch": {
                "color": {
                  "selected": "",
                  "unselected": ""
                }
              },
              "viewParams": {},
              "viewPath": "",
              "visible": false,
              "width": 50
            },
            {
              "align": "center",
              "boolean": "checkbox",
              "dateFormat": "MM/DD/YYYY",
              "editable": false,
              "field": "Modelo_Motor",
              "footer": {
                "align": "center",
                "justify": "left",
                "style": {
                  "classes": ""
                },
                "title": ""
              },
              "header": {
                "align": "center",
                "justify": "left",
                "style": {
                  "classes": ""
                },
                "title": ""
              },
              "justify": "left",
              "number": "value",
              "numberFormat": "0,0.##",
              "progressBar": {
                "bar": {
                  "color": "",
                  "style": {
                    "classes": ""
                  }
                },
                "max": 100,
                "min": 0,
                "track": {
                  "color": "",
                  "style": {
                    "classes": ""
                  }
                },
                "value": {
                  "enabled": true,
                  "format": "0,0.##",
                  "justify": "center",
                  "style": {
                    "classes": ""
                  }
                }
              },
              "render": "auto",
              "resizable": false,
              "sort": "none",
              "sortable": false,
              "strictWidth": false,
              "style": {
                "classes": "",
                "color": "#ffffff"
              },
              "toggleSwitch": {
                "color": {
                  "selected": "",
                  "unselected": ""
                }
              },
              "viewParams": {},
              "viewPath": "",
              "visible": true,
              "width": ""
            },
            {
              "align": "center",
              "boolean": "checkbox",
              "dateFormat": "MM/DD/YYYY",
              "editable": false,
              "field": "Cant",
              "footer": {
                "align": "center",
                "justify": "left",
                "style": {
                  "classes": ""
                },
                "title": ""
              },
              "header": {
                "align": "center",
                "justify": "left",
                "style": {
                  "classes": ""
                },
                "title": ""
              },
              "justify": "left",
              "number": "value",
              "numberFormat": "0,0.##",
              "progressBar": {
                "bar": {
                  "color": "",
                  "style": {
                    "classes": ""
                  }
                },
                "max": 100,
                "min": 0,
                "track": {
                  "color": "",
                  "style": {
                    "classes": ""
                  }
                },
                "value": {
                  "enabled": true,
                  "format": "0,0.##",
                  "justify": "center",
                  "style": {
                    "classes": ""
                  }
                }
              },
              "render": "auto",
              "resizable": false,
              "sort": "none",
              "sortable": false,
              "strictWidth": false,
              "style": {
                "classes": "",
                "color": "#FFFFFF"
              },
              "toggleSwitch": {
                "color": {
                  "selected": "",
                  "unselected": ""
                }
              },
              "viewParams": {},
              "viewPath": "",
              "visible": true,
              "width": ""
            }
          ],
          "emptyMessage": {
            "style": {
              "backgroundColor": "#303030"
            }
          },
          "enableHeader": false,
          "pager": {
            "bottom": false
          },
          "rows": {
            "highlight": {
              "color": "#1d2124"
            },
            "style": {
              "backgroundColor": "#6c757d",
              "classes": "ResumenDatosTecnicos/Exterran-TableRows"
            },
            "subview": {
              "viewPath": "Exterran-Resumen Datos Tecnicos/Subview-Motor"
            },
            "subviewExpansionMode": "single"
          },
          "selection": {
            "enableRowSelection": false
          },
          "style": {
            "backgroundColor": "#6c757d",
            "borderBottomStyle": "none",
            "borderLeftStyle": "none",
            "borderRightStyle": "none",
            "borderTopStyle": "none"
          },
          "virtualized": false
        },
        "type": "ia.display.table"
      },
      {
        "meta": {
          "name": "Label",
          "visible": false
        },
        "position": {
          "height": 10,
          "width": 10,
          "x": 10,
          "y": 10
        },
        "propConfig": {
          "props.text": {
            "binding": {
              "config": {
                "path": "view.params.tipo"
              },
              "type": "property"
            }
          }
        },
        "props": {
          "style": {
            "backgroundColor": "#FF0000"
          }
        },
        "type": "ia.display.label"
      }
    ],
    "meta": {
      "name": "root"
    },
    "props": {
      "style": {
        "classes": "ResumenDatosTecnicos/Exterran-TableSubview-root"
      }
    },
    "type": "ia.container.coord"
  }
}