{
  "custom": {},
  "params": {},
  "props": {
    "defaultSize": {
      "height": 1110,
      "width": 1594
    }
  },
  "root": {
    "children": [
      {
        "meta": {
          "name": "Image"
        },
        "position": {
          "height": "100%",
          "width": "100%"
        },
        "props": {
          "fit": {
            "mode": "fill"
          },
          "source": "/system/images/planta2.jpg"
        },
        "type": "ia.display.image"
      },
      {
        "children": [
          {
            "meta": {
              "name": "Label"
            },
            "position": {
              "height": 32,
              "width": 365,
              "x": 1,
              "y": 107
            },
            "props": {
              "style": {
                "borderBottomColor": "#FFFFFF",
                "borderBottomStyle": "solid",
                "borderBottomWidth": 1,
                "borderLeftStyle": "hidden",
                "borderRightStyle": "hidden",
                "borderTopStyle": "hidden"
              },
              "text": "Contactanos...",
              "textStyle": {
                "color": "#FFFFFF",
                "fontFamily": "Roboto",
                "fontSize": 25
              }
            },
            "type": "ia.display.label"
          },
          {
            "meta": {
              "name": "Label_0"
            },
            "position": {
              "height": 32,
              "width": 365,
              "x": 1,
              "y": 161
            },
            "props": {
              "style": {
                "borderBottomColor": "#FFFFFF",
                "borderBottomStyle": "none",
                "borderLeftStyle": "none",
                "borderRightStyle": "none",
                "borderTopStyle": "none"
              },
              "text": "Email:",
              "textStyle": {
                "color": "#FFFFFF",
                "fontFamily": "Roboto",
                "fontSize": 20
              }
            },
            "type": "ia.display.label"
          },
          {
            "meta": {
              "name": "Label_1"
            },
            "position": {
              "height": 32,
              "width": 365,
              "x": 1,
              "y": 218
            },
            "props": {
              "style": {
                "borderBottomColor": "#FFFFFF",
                "borderBottomStyle": "none",
                "borderLeftStyle": "none",
                "borderRightStyle": "none",
                "borderTopStyle": "none"
              },
              "text": "Telefono:",
              "textStyle": {
                "color": "#FFFFFF",
                "fontFamily": "Roboto",
                "fontSize": 20
              }
            },
            "type": "ia.display.label"
          }
        ],
        "meta": {
          "name": "CoordinateContainer"
        },
        "position": {
          "height": "99%",
          "width": 367
        },
        "props": {
          "style": {
            "backgroundColor": "#40445B88"
          }
        },
        "type": "ia.container.coord"
      }
    ],
    "meta": {
      "name": "root"
    },
    "type": "ia.container.coord"
  }
}