{
  "custom": {
    "DockCloseOpen": 0
  },
  "params": {},
  "propConfig": {
    "custom.DockCloseOpen": {
      "binding": {
        "config": {
          "path": "page.props.dimensions.viewport.width"
        },
        "enabled": false,
        "transforms": [
          {
            "code": "\t#width \u003d int((10* value)/100 )\n\tif value \u003c 1097:\n\t\tsystem.perspective.closeDock(\u0027dockleft\u0027)\n\telse:\n\t\tsystem.perspective.openDock(\"dockleft\")\n\treturn value",
            "type": "script"
          }
        ],
        "type": "property"
      },
      "persistent": true
    }
  },
  "props": {
    "defaultSize": {
      "height": 985,
      "width": 144
    },
    "loading": {
      "mode": "blocking"
    }
  },
  "root": {
    "children": [
      {
        "meta": {
          "name": "myBackground"
        },
        "position": {
          "height": 1000,
          "width": "100%"
        },
        "props": {
          "style": {
            "borderBottomStyle": "solid",
            "borderBottomWidth": "1px",
            "classes": "PropiedadesDropdown/MainStyle"
          }
        },
        "type": "ia.container.flex"
      },
      {
        "meta": {
          "name": "ApplyPNG"
        },
        "position": {
          "height": 17,
          "width": 18,
          "x": 108,
          "y": 157
        },
        "props": {
          "fit": {
            "mode": "fill"
          },
          "source": "/system/images/apply.png",
          "tint": {
            "color": "#32cd32",
            "enabled": true
          }
        },
        "type": "ia.display.image"
      },
      {
        "meta": {
          "name": "Div3"
        },
        "position": {
          "height": 60,
          "width": "94%",
          "x": "3%",
          "y": 135
        },
        "props": {
          "style": {
            "borderBottomColor": "#6c757d",
            "borderBottomStyle": "solid",
            "borderBottomWidth": "1px"
          }
        },
        "type": "ia.container.flex"
      },
      {
        "meta": {
          "name": "Div1"
        },
        "position": {
          "height": 58,
          "width": "100%",
          "x": "0%",
          "y": "0%"
        },
        "props": {
          "style": {
            "borderBottomColor": "#6c757d",
            "borderBottomStyle": "solid",
            "borderBottomWidth": "1px"
          }
        },
        "type": "ia.container.flex"
      },
      {
        "custom": {
          "pathDock": "em.Path LIKE \u0027\\%\u0027"
        },
        "events": {
          "component": {
            "onActionPerformed": {
              "config": {
                "script": "\tmyPath \u003d str(\"\")\n\t\n\ttry:\n\t\trango \u003d len(self.props.value)\n\t\tfor i in range(rango):\n\t\t\tif i \u003d\u003d 0:\n\t\t\t\tmyPath \u003d \"em.Path LIKE \u0027\\\\\" + self.props.value[i] + \"%\u0027\"\n\t\t\telse:\n\t\t\t\tmyPath \u003d myPath + \" OR em.Path LIKE \u0027\\\\\" + self.props.value[i] + \"%\u0027\"\n\texcept:\n\t\tmyPath \u003d \"em.Path LIKE \u0027\\\\%\u0027\"\n\t\t\n\tself.custom.pathDock \u003d myPath\n\tself.getSibling(\"ApplyPNG\").props.tint.color \u003d \u0027#32cd32\u0027\n\tsystem.perspective.sendMessage(messageType\u003d\u0027applyfilter\u0027, payload\u003d{\u0027datos\u0027: 2}, scope\u003d\u0027page\u0027)"
              },
              "scope": "G",
              "type": "script"
            }
          }
        },
        "meta": {
          "name": "Dropdown_Region"
        },
        "position": {
          "height": 88,
          "width": "94%",
          "x": "3%",
          "y": 235
        },
        "propConfig": {
          "props.options": {
            "binding": {
              "config": {
                "parameters": {
                  "var_PAI": "{../Dropdown_Pais.custom.pathDock}"
                },
                "queryPath": "Queries Dock/1 REGION Query"
              },
              "type": "query"
            }
          }
        },
        "props": {
          "dropdownOptionStyle": {
            "classes": "PropiedadesDropdown/Dropdown-Style"
          },
          "multiSelect": true,
          "placeholder": {
            "color": "white",
            "text": "Region..."
          },
          "search": {
            "matching": "start"
          },
          "showClearIcon": true,
          "style": {
            "backgroundColor": "#343a40",
            "classes": "PropiedadesDropdown/MainStyle"
          },
          "value": null,
          "wrapMultiSelectValues": false
        },
        "type": "ia.input.dropdown"
      },
      {
        "custom": {
          "pathDock": "em.Path LIKE \u0027\\%\u0027"
        },
        "events": {
          "component": {
            "onActionPerformed": {
              "config": {
                "script": "\tmyPath \u003d str(\"\")\n\t\t\n\ttry:\n\t\trango \u003d len(self.props.value)\n\t\tfor i in range(rango):\n\t\t\tif i \u003d\u003d 0:\n\t\t\t\tmyPath \u003d \"em.Path LIKE \u0027\\%\\\\\" + self.props.value[i] + \"%\u0027\"\n\t\t\telse:\n\t\t\t\tmyPath \u003d myPath + \" OR em.Path LIKE \u0027\\%\\\\\" + self.props.value[i] + \"%\u0027\"\n\texcept:\n\t\tmyPath \u003d \"em.Path LIKE \u0027\\\\%\u0027\"\n\t\t\n\tself.custom.pathDock \u003d myPath\n\tself.getSibling(\"ApplyPNG\").props.tint.color \u003d \u0027#32cd32\u0027"
              },
              "scope": "G",
              "type": "script"
            }
          }
        },
        "meta": {
          "name": "Dropdown_Pais"
        },
        "position": {
          "height": 88,
          "width": "94%",
          "x": "3%",
          "y": 355
        },
        "propConfig": {
          "props.options": {
            "binding": {
              "config": {
                "parameters": {
                  "var_REG": "{../Dropdown_Region.custom.pathDock}"
                },
                "queryPath": "Queries Dock/2 PAIS Query",
                "returnFormat": "dataset"
              },
              "type": "query"
            }
          }
        },
        "props": {
          "dropdownOptionStyle": {
            "classes": "PropiedadesDropdown/Dropdown-Style"
          },
          "multiSelect": true,
          "placeholder": {
            "color": "white",
            "text": "Pais..."
          },
          "search": {
            "matching": "start"
          },
          "showClearIcon": true,
          "style": {
            "backgroundColor": "#343a40",
            "classes": "PropiedadesDropdown/MainStyle"
          },
          "value": null
        },
        "type": "ia.input.dropdown"
      },
      {
        "custom": {
          "pathDock": "em.Path LIKE \u0027\\%\u0027"
        },
        "events": {
          "component": {
            "onActionPerformed": {
              "config": {
                "script": "\tmyPath \u003d str(\"\")\n\t\t\t\t\n\ttry:\n\t\trango \u003d len(self.props.value)\n\t\tfor i in range(rango):\n\t\t\tif i \u003d\u003d 0:\n\t\t\t\tmyPath \u003d \"em.Path LIKE \u0027\\%\\%\\\\\" + self.props.value[i] + \"%\u0027\"\n\t\t\telse:\n\t\t\t\tmyPath \u003d myPath + \" OR em.Path LIKE \u0027\\%\\%\\\\\" + self.props.value[i] + \"%\u0027\"\n\texcept:\n\t\tmyPath \u003d \"em.Path LIKE \u0027\\\\%\u0027\"\n\t\t\n\tself.custom.pathDock \u003d myPath\n\tself.getSibling(\"ApplyPNG\").props.tint.color \u003d \u0027#32cd32\u0027"
              },
              "scope": "G",
              "type": "script"
            }
          }
        },
        "meta": {
          "name": "Dropdown_Distrito"
        },
        "position": {
          "height": 88,
          "width": "94%",
          "x": "3%",
          "y": 475
        },
        "propConfig": {
          "props.options": {
            "binding": {
              "config": {
                "parameters": {
                  "var_PAI": "{../Dropdown_Pais.custom.pathDock}"
                },
                "queryPath": "Queries Dock/3 DISTRITO Query"
              },
              "type": "query"
            }
          }
        },
        "props": {
          "dropdownOptionStyle": {
            "classes": "PropiedadesDropdown/Dropdown-Style"
          },
          "multiSelect": true,
          "placeholder": {
            "color": "white",
            "text": "Distrito..."
          },
          "search": {
            "matching": "start"
          },
          "showClearIcon": true,
          "style": {
            "backgroundColor": "#343a40",
            "classes": "PropiedadesDropdown/MainStyle"
          },
          "value": null
        },
        "type": "ia.input.dropdown"
      },
      {
        "custom": {
          "pathDock": "em.Path LIKE \u0027\\%\u0027"
        },
        "events": {
          "component": {
            "onActionPerformed": {
              "config": {
                "script": "\tmyPath \u003d str(\"\")\n\t\t\t\t\n\ttry:\n\t\trango \u003d len(self.props.value)\n\t\tfor i in range(rango):\n\t\t\tif i \u003d\u003d 0:\n\t\t\t\tmyPath \u003d \"em.Path LIKE \u0027\\%\\%\\%\\\\\" + self.props.value[i] + \"%\u0027\"\n\t\t\telse:\n\t\t\t\tmyPath \u003d myPath + \" OR em.Path LIKE \u0027\\%\\%\\%\\\\\" + self.props.value[i] + \"%\u0027\"\n\texcept:\n\t\tmyPath \u003d \"em.Path LIKE \u0027\\\\%\u0027\"\n\t\t\n\tself.custom.pathDock \u003d myPath\n\tself.getSibling(\"ApplyPNG\").props.tint.color \u003d \u0027#32cd32\u0027"
              },
              "scope": "G",
              "type": "script"
            }
          }
        },
        "meta": {
          "name": "Dropdown_Yacimiento"
        },
        "position": {
          "height": 88,
          "width": "94%",
          "x": "3%",
          "y": 595
        },
        "propConfig": {
          "props.options": {
            "binding": {
              "config": {
                "parameters": {
                  "var_DIS": "{../Dropdown_Distrito.custom.pathDock}"
                },
                "queryPath": "Queries Dock/4 YACIMIENTO Query"
              },
              "type": "query"
            }
          }
        },
        "props": {
          "dropdownOptionStyle": {
            "classes": "PropiedadesDropdown/Dropdown-Style"
          },
          "multiSelect": true,
          "placeholder": {
            "color": "white",
            "text": "Yacimiento..."
          },
          "search": {
            "matching": "start"
          },
          "showClearIcon": true,
          "style": {
            "backgroundColor": "#343a40",
            "classes": "PropiedadesDropdown/MainStyle"
          },
          "value": null
        },
        "type": "ia.input.dropdown"
      },
      {
        "custom": {
          "pathDock": "em.Path LIKE \u0027\\%\u0027"
        },
        "events": {
          "component": {
            "onActionPerformed": {
              "config": {
                "script": "\tmyPath \u003d str(\"\")\n\t\t\t\t\n\ttry:\n\t\trango \u003d len(self.props.value)\n\t\tfor i in range(rango):\n\t\t\tif i \u003d\u003d 0:\n\t\t\t\tmyPath \u003d \"em.Path LIKE \u0027\\%\\%\\%\\%\\\\\" + self.props.value[i] + \"%\u0027\"\n\t\t\telse:\n\t\t\t\tmyPath \u003d myPath + \" OR em.Path LIKE \u0027\\%\\%\\%\\%\\\\\" + self.props.value[i] + \"%\u0027\"\n\texcept:\n\t\tmyPath \u003d \"em.Path LIKE \u0027\\\\%\u0027\"\n\t\t\n\tself.custom.pathDock \u003d myPath\n\tself.getSibling(\"ApplyPNG\").props.tint.color \u003d \u0027#32cd32\u0027"
              },
              "scope": "G",
              "type": "script"
            }
          }
        },
        "meta": {
          "name": "Dropdown_Locacion"
        },
        "position": {
          "height": 88,
          "width": "94%",
          "x": "3%",
          "y": 715
        },
        "propConfig": {
          "props.options": {
            "binding": {
              "config": {
                "parameters": {
                  "var_YAC": "{../Dropdown_Yacimiento.custom.pathDock}"
                },
                "queryPath": "Queries Dock/5 LOCACION Query"
              },
              "type": "query"
            }
          }
        },
        "props": {
          "dropdownOptionStyle": {
            "classes": "PropiedadesDropdown/Dropdown-Style"
          },
          "multiSelect": true,
          "placeholder": {
            "color": "white",
            "text": "Locacion..."
          },
          "search": {
            "matching": "start"
          },
          "showClearIcon": true,
          "style": {
            "backgroundColor": "#343a40",
            "classes": "PropiedadesDropdown/MainStyle"
          },
          "value": null
        },
        "type": "ia.input.dropdown"
      },
      {
        "custom": {
          "activodatost": "em.Path LIKE \u0027\\%\u0027",
          "pathDock": "em.Path LIKE \u0027\\%\u0027"
        },
        "events": {
          "component": {
            "onActionPerformed": {
              "config": {
                "script": "\tmyPath \u003d str(\"\")\n\tactivodatost \u003d str(\"\")\n\ttry:\n\t\trango \u003d len(self.props.value)\n\t\tfor i in range(rango):\n\t\t\tif i \u003d\u003d 0:\n\t\t\t\tmyPath \u003d \"em.Name LIKE \u0027\" + self.props.value[i] + \"\u0027 OR replace(SUBSTRING( em.Path,INSTR(em.Path,\u0027\\\u0027,1,6)+1, Abs(INSTR(em.Path,\u0027\\\u0027,1,7)-INSTR(em.Path,\u0027\\\u0027,1,6))) ,\u0027\\\u0027,\u0027\u0027 ) \u003d \u0027\" + self.props.value[i] + \"\u0027\"   \n\t\t\t\tactivodatost \u003d\"em.Path LIKE \u0027\\%\\%\\%\\%\\%\\\\\" + self.props.value[i] + \"%\u0027\" # solo para resumen datos tecnicos\n\t\t\telse:\n\t\t\t\tmyPath \u003d myPath + \" OR em.Name LIKE \u0027\" + self.props.value[i] + \"\u0027 OR replace(SUBSTRING( em.Path,INSTR(em.Path,\u0027\\\u0027,1,6)+1, Abs(INSTR(em.Path,\u0027\\\u0027,1,7)-INSTR(em.Path,\u0027\\\u0027,1,6))) ,\u0027\\\u0027,\u0027\u0027 ) \u003d \u0027\" + self.props.value[i] + \"\u0027\"\n\t\t\t\tactivodatost \u003d myPath + \" OR em.Path LIKE \u0027\\%\\%\\%\\%\\%\\\\\" + self.props.value[i] + \"%\u0027\" # solo para resumen datos tecnicos\n\texcept:\n\t\tmyPath \u003d  \"em.Path LIKE \u0027\\%\u0027\"\n\t\tactivodatost \u003d \"em.Path LIKE \u0027\\%\u0027\" # solo para resumen datos tecnicos\n\tself.custom.pathDock \u003d myPath\n\tself.custom.activodatost \u003d activodatost # solo para resumen datos tecnicos\n\tself.getSibling(\"ApplyPNG\").props.tint.color \u003d \u0027#32cd32\u0027"
              },
              "scope": "G",
              "type": "script"
            }
          }
        },
        "meta": {
          "name": "Dropdown_Activo"
        },
        "position": {
          "height": 88,
          "width": "94%",
          "x": "3%",
          "y": 835
        },
        "propConfig": {
          "props.options": {
            "binding": {
              "config": {
                "parameters": {
                  "var_LOC": "{../Dropdown_Locacion.custom.pathDock}"
                },
                "queryPath": "Queries Dock/6 ACTIVO Query"
              },
              "type": "query"
            }
          }
        },
        "props": {
          "dropdownOptionStyle": {
            "classes": "PropiedadesDropdown/Dropdown-Style"
          },
          "multiSelect": true,
          "placeholder": {
            "color": "white",
            "text": "Activo..."
          },
          "search": {
            "matching": "start"
          },
          "showClearIcon": true,
          "style": {
            "backgroundColor": "#343a40",
            "classes": "PropiedadesDropdown/MainStyle"
          },
          "value": null
        },
        "type": "ia.input.dropdown"
      },
      {
        "meta": {
          "name": "ExterranLogo"
        },
        "position": {
          "height": 35,
          "width": 175,
          "x": 40,
          "y": 12
        },
        "propConfig": {
          "custom.HEIGHT_CUSTOM": {
            "binding": {
              "config": {
                "path": "page.props.dimensions.viewport.height"
              },
              "transforms": [
                {
                  "code": "\theight\u003d int((4*value)/100)\n\treturn height",
                  "type": "script"
                }
              ],
              "type": "property"
            }
          },
          "custom.WIDTH_CUSTOM": {
            "binding": {
              "config": {
                "path": "page.props.dimensions.viewport.width"
              },
              "transforms": [
                {
                  "code": "\twidth\u003d int((2*value)/100)\n\treturn width",
                  "type": "script"
                }
              ],
              "type": "property"
            }
          }
        },
        "props": {
          "fit": {
            "mode": "fill"
          },
          "source": "/system/images/sample-images/LogosEXTERRAN/exterran round logo.png",
          "style": {
            "textShadow": "#000000"
          },
          "tint": {
            "color": "#FF2929",
            "enabled": true
          }
        },
        "type": "ia.display.image"
      },
      {
        "events": {
          "dom": {
            "onClick": {
              "config": {
                "page": "/Dashboard"
              },
              "scope": "C",
              "type": "nav"
            }
          }
        },
        "meta": {
          "name": "FlexLink"
        },
        "position": {
          "height": 60,
          "width": "94%",
          "x": "3%"
        },
        "props": {
          "style": {
            "borderBottomColor": "#6c757d",
            "cursor": "pointer"
          }
        },
        "type": "ia.container.flex"
      },
      {
        "custom": {
          "levelDock": 0
        },
        "events": {
          "dom": {
            "onClick": {
              "config": {
                "script": "\tif self.getSibling(\"ApplyPNG\").props.tint.color \u003c\u003e \u0027#c0c0c0\u0027:\n\t\tlevelvara \u003d 0\n\t\tregiona \u003d self.getSibling(\"Dropdown_Region\").custom.pathDock\n\t\tpaisa \u003d self.getSibling(\"Dropdown_Pais\").custom.pathDock\n\t\tdistritoa \u003d self.getSibling(\"Dropdown_Distrito\").custom.pathDock\n\t\tyacimientoa \u003d self.getSibling(\"Dropdown_Yacimiento\").custom.pathDock\n\t\tlocaciona \u003d self.getSibling(\"Dropdown_Locacion\").custom.pathDock\n\t\tactivoa \u003d self.getSibling(\"Dropdown_Activo\").custom.pathDock\n\t\tactivodatost \u003d self.getSibling(\"Dropdown_Activo\").custom.activodatost\n\t\t#self.session.custom.pageIdSes \u003d self.page.props.pageId\n\t\t#self.session.custom.regionSes \u003d regiona\n\t\t#self.session.custom.paisSes \u003d paisa\n\t\t#self.session.custom.distritoSes \u003d distritoa\n\t\t#self.session.custom.yacimientoSes \u003d yacimientoa\n\t\t#self.session.custom.locacionSes \u003d locaciona\n\t\t#self.session.custom.activoSes \u003d activoa\n\t\t\n\t\tif not activoa \u003d\u003d  \"em.Path LIKE \u0027\\%\u0027\":\n\t\t\tlevelvara \u003d 5\n\t\telif not locaciona \u003d\u003d \"em.Path LIKE \u0027\\%\u0027\":\n\t\t\tlevelvara \u003d 4\n\t\telif not yacimientoa \u003d\u003d \"em.Path LIKE \u0027\\%\u0027\":\n\t\t\tlevelvara \u003d 3\n\t\telif not distritoa \u003d\u003d \"em.Path LIKE \u0027\\%\u0027\":\n\t\t\tlevelvara \u003d 2\n\t\telif not paisa \u003d\u003d \"em.Path LIKE \u0027\\%\u0027\":\n\t\t\tlevelvara \u003d 1\n\t\telse: \n\t\t\tlevelvara \u003d 0\n\t\t\n\t\t#self.session.custom.levelSes \u003d levelvara\n\t\tsystem.perspective.sendMessage(messageType\u003d\u0027mensajito\u0027, payload\u003d{\u0027regionSes\u0027:regiona, \u0027paisSes\u0027: paisa, \u0027distritoSes\u0027: distritoa, \u0027yacimientoSes\u0027: yacimientoa, \u0027locacionSes\u0027: locaciona, \u0027activoSes\u0027: activoa, \u0027levelvarSes\u0027: levelvara, \u0027activodatost\u0027: activodatost }, scope\u003d\u0027page\u0027)\n\t\tself.custom.levelDock \u003d levelvara\n\t\tself.getSibling(\"ApplyPNG\").props.tint.color \u003d \u0027#c0c0c0\u0027\n\t\t\n\t\tsystem.perspective.sendMessage(messageType\u003d\u0027applyfilter\u0027, payload\u003d{\u0027datos\u0027: 1}, scope\u003d\u0027page\u0027)"
              },
              "scope": "G",
              "type": "script"
            }
          }
        },
        "meta": {
          "name": "ResetFilterButton"
        },
        "position": {
          "height": 25,
          "width": 120,
          "x": 5,
          "y": 152.99
        },
        "props": {
          "image": {
            "height": 20,
            "position": "right",
            "width": 20
          },
          "style": {
            "backgroundColor": "#00000000",
            "classes": "PropiedadesBotones/PropiedadesBoton"
          },
          "text": "Aplicar Filtros",
          "textStyle": {
            "fontFamily": "sans-serif",
            "fontSize": 12
          }
        },
        "scripts": {
          "customMethods": [],
          "extensionFunctions": null,
          "messageHandlers": [
            {
              "messageType": "status",
              "pageScope": true,
              "script": "\t# implement your handler here\n\tlevelvara \u003d 0\n\tregiona \u003d self.getSibling(\"Dropdown_Region\").custom.pathDock\n\tpaisa \u003d self.getSibling(\"Dropdown_Pais\").custom.pathDock\n\tdistritoa \u003d self.getSibling(\"Dropdown_Distrito\").custom.pathDock\n\tyacimientoa \u003d self.getSibling(\"Dropdown_Yacimiento\").custom.pathDock\n\tlocaciona \u003d self.getSibling(\"Dropdown_Locacion\").custom.pathDock\n\tactivoa \u003d self.getSibling(\"Dropdown_Activo\").custom.pathDock\n\tactivodatost \u003d self.getSibling(\"Dropdown_Activo\").custom.activodatost\n\t#self.session.custom.pageIdSes \u003d self.page.props.pageId\n\t#self.session.custom.regionSes \u003d regiona\n\t#self.session.custom.paisSes \u003d paisa\n\t#self.session.custom.distritoSes \u003d distritoa\n\t#self.session.custom.yacimientoSes \u003d yacimientoa\n\t#self.session.custom.locacionSes \u003d locaciona\n\t#self.session.custom.activoSes \u003d activoa\n\t\n\tif not activoa \u003d\u003d  \"em.Path LIKE \u0027\\%\u0027\":\n\t\tlevelvara \u003d 5\n\telif not locaciona \u003d\u003d \"em.Path LIKE \u0027\\%\u0027\":\n\t\tlevelvara \u003d 4\n\telif not yacimientoa \u003d\u003d \"em.Path LIKE \u0027\\%\u0027\":\n\t\tlevelvara \u003d 3\n\telif not distritoa \u003d\u003d \"em.Path LIKE \u0027\\%\u0027\":\n\t\tlevelvara \u003d 2\n\telif not paisa \u003d\u003d \"em.Path LIKE \u0027\\%\u0027\":\n\t\tlevelvara \u003d 1\n\telse: \n\t\tlevelvara \u003d 0\n\t\n\t#self.session.custom.levelSes \u003d levelvara\n\tsystem.perspective.sendMessage(messageType\u003d\u0027mensajito\u0027, payload\u003d{\u0027regionSes\u0027:regiona, \u0027paisSes\u0027: paisa, \u0027distritoSes\u0027: distritoa, \u0027yacimientoSes\u0027: yacimientoa, \u0027locacionSes\u0027: locaciona, \u0027activoSes\u0027: activoa, \u0027levelvarSes\u0027: levelvara, \u0027activodatost\u0027: activodatost }, scope\u003d\u0027page\u0027)\n\tself.custom.levelDock \u003d levelvara\n\tself.getSibling(\"ApplyPNG\").props.tint.color \u003d \u0027#c0c0c0\u0027",
              "sessionScope": false,
              "viewScope": false
            }
          ]
        },
        "type": "ia.input.button"
      },
      {
        "custom": {
          "levelDock": 0
        },
        "events": {
          "dom": {
            "onClick": {
              "config": {
                "script": "\tself.getSibling(\"ApplyPNG\").props.tint.color \u003d \u0027#32cd32\u0027\n\t\n\tself.getSibling(\"Dropdown_Region\").props.value \u003d None\n\tself.getSibling(\"Dropdown_Pais\").props.value \u003d None\n\tself.getSibling(\"Dropdown_Locacion\").props.value \u003d None\n\tself.getSibling(\"Dropdown_Yacimiento\").props.value \u003d None\n\tself.getSibling(\"Dropdown_Activo\").props.value \u003d None\n\tself.getSibling(\"Dropdown_Distrito\").props.value \u003d None\n\t\n\tself.getSibling(\"Dropdown_Region\").custom.pathDock \u003d \"em.Path LIKE \u0027\\%\u0027\"\n\tself.getSibling(\"Dropdown_Distrito\").custom.pathDock \u003d \"em.Path LIKE \u0027\\%\u0027\"\n\tself.getSibling(\"Dropdown_Locacion\").custom.pathDock \u003d \"em.Path LIKE \u0027\\%\u0027\"\n\tself.getSibling(\"Dropdown_Yacimiento\").custom.pathDock \u003d \"em.Path LIKE \u0027\\%\u0027\"\n\tself.getSibling(\"Dropdown_Activo\").custom.pathDock \u003d \"em.Path LIKE \u0027\\%\u0027\"\n\tself.getSibling(\"Dropdown_Pais\").custom.pathDock \u003d \"em.Path LIKE \u0027\\%\u0027\"\n\t\n\tlevelvara \u003d 0\n\tregiona \u003d self.getSibling(\"Dropdown_Region\").custom.pathDock\n\tpaisa \u003d self.getSibling(\"Dropdown_Pais\").custom.pathDock\n\tdistritoa \u003d self.getSibling(\"Dropdown_Distrito\").custom.pathDock\n\tyacimientoa \u003d self.getSibling(\"Dropdown_Yacimiento\").custom.pathDock\n\tlocaciona \u003d self.getSibling(\"Dropdown_Locacion\").custom.pathDock\n\tactivoa \u003d self.getSibling(\"Dropdown_Activo\").custom.pathDock\n\t\n\tself.session.custom.pageIdSes \u003d self.page.props.pageId\n\tself.session.custom.regionSes \u003d regiona\n\tself.session.custom.paisSes \u003d paisa\n\tself.session.custom.distritoSes \u003d distritoa\n\tself.session.custom.yacimientoSes \u003d yacimientoa\n\tself.session.custom.locacionSes \u003d locaciona\n\tself.session.custom.activoSes \u003d activoa\n\t\n\tif not activoa \u003d\u003d \"em.Path LIKE \u0027\\%\u0027\":\n\t\tlevelvara \u003d 5\n\telif not locaciona \u003d\u003d \"em.Path LIKE \u0027\\%\u0027\":\n\t\tlevelvara \u003d 4\n\telif not yacimientoa \u003d\u003d \"em.Path LIKE \u0027\\%\u0027\":\n\t\tlevelvara \u003d 3\n\telif not distritoa \u003d\u003d \"em.Path LIKE \u0027\\%\u0027\":\n\t\tlevelvara \u003d 2\n\telif not paisa \u003d\u003d \"em.Path LIKE \u0027\\%\u0027\":\n\t\tlevelvara \u003d 1\n\telse: \n\t\tlevelvara \u003d 0\n\t\n\tself.session.custom.levelSes \u003d levelvara\n\tself.custom.levelDock \u003d levelvara\n\t"
              },
              "scope": "G",
              "type": "script"
            }
          }
        },
        "meta": {
          "name": "ApplyButton"
        },
        "position": {
          "height": 25,
          "width": 70,
          "x": 160,
          "y": 153
        },
        "props": {
          "image": {
            "height": 22,
            "icon": {
              "color": "#32cd32"
            },
            "position": "right",
            "source": "/system/images/reset.png\n",
            "width": 22
          },
          "style": {
            "backgroundColor": "#00000000",
            "classes": "PropiedadesBotones/PropiedadesBoton"
          },
          "text": "Reset",
          "textStyle": {
            "fontFamily": "sans-serif",
            "fontSize": 12
          }
        },
        "type": "ia.input.button"
      },
      {
        "meta": {
          "name": "Div2"
        },
        "position": {
          "height": 75,
          "width": "94%",
          "x": "3%",
          "y": 60
        },
        "props": {
          "style": {
            "borderBottomColor": "#6c757d",
            "borderBottomStyle": "solid",
            "borderBottomWidth": "1px"
          }
        },
        "type": "ia.container.flex"
      },
      {
        "children": [
          {
            "custom": {
              "Booleano": false
            },
            "events": {
              "dom": {
                "onMouseEnter": {
                  "config": {
                    "script": "\t#self.custom.Booleano \u003d True\n\tself.getSibling(\"compression_hover\").meta.visible \u003d True\n\tself.meta.visible \u003d False"
                  },
                  "scope": "G",
                  "type": "script"
                },
                "onMouseLeave": {
                  "config": {
                    "script": "\tself.custom.Booleano \u003d False"
                  },
                  "scope": "G",
                  "type": "script"
                }
              }
            },
            "meta": {
              "name": "Compression"
            },
            "position": {
              "x": 7,
              "y": 9
            },
            "propConfig": {
              "position.height": {
                "binding": {
                  "config": {
                    "path": "page.props.dimensions.viewport.height"
                  },
                  "transforms": [
                    {
                      "code": "\theigth\u003d int((5.2*value)/100)\n\treturn heigth",
                      "type": "script"
                    }
                  ],
                  "type": "property"
                }
              },
              "position.width": {
                "binding": {
                  "config": {
                    "path": "page.props.dimensions.viewport.width"
                  },
                  "transforms": [
                    {
                      "code": "\twidth\u003d int((4.5*value)/100)\n\treturn width",
                      "type": "script"
                    }
                  ],
                  "type": "property"
                }
              }
            },
            "props": {
              "fit": {
                "mode": "fill"
              },
              "source": "/system/images/sample-images/LogosEXTERRAN/compression1.jpg",
              "tint": {
                "color": ""
              }
            },
            "type": "ia.display.image"
          },
          {
            "events": {
              "dom": {
                "onMouseLeave": {
                  "config": {
                    "script": "\tself.meta.visible \u003d False\n\tself.getSibling(\"Compression\").meta.visible \u003d True"
                  },
                  "scope": "G",
                  "type": "script"
                }
              }
            },
            "meta": {
              "name": "compression_hover",
              "visible": false
            },
            "position": {
              "x": 7,
              "y": 9
            },
            "propConfig": {
              "position.height": {
                "binding": {
                  "config": {
                    "path": "page.props.dimensions.viewport.height"
                  },
                  "transforms": [
                    {
                      "code": "\theigth\u003d int((5.2*value)/100)\n\treturn heigth",
                      "type": "script"
                    }
                  ],
                  "type": "property"
                }
              },
              "position.width": {
                "binding": {
                  "config": {
                    "path": "page.props.dimensions.viewport.width"
                  },
                  "transforms": [
                    {
                      "code": "\twidth\u003d int((4.5*value)/100)\n\treturn width",
                      "type": "script"
                    }
                  ],
                  "type": "property"
                }
              }
            },
            "props": {
              "source": "/system/images/sample-images/LogosEXTERRAN/compression_hover.jpg"
            },
            "type": "ia.display.image"
          },
          {
            "meta": {
              "name": "egeneracion-elec"
            },
            "position": {
              "x": 87.001,
              "y": 8.9844
            },
            "propConfig": {
              "position.height": {
                "binding": {
                  "config": {
                    "path": "page.props.dimensions.viewport.height"
                  },
                  "transforms": [
                    {
                      "code": "\theigth\u003d int((5.2*value)/100)\n\treturn heigth",
                      "type": "script"
                    }
                  ],
                  "type": "property"
                }
              },
              "position.width": {
                "binding": {
                  "config": {
                    "path": "page.props.dimensions.viewport.width"
                  },
                  "transforms": [
                    {
                      "code": "\twidth\u003d int((4.5*value)/100)\n\treturn width",
                      "type": "script"
                    }
                  ],
                  "type": "property"
                }
              }
            },
            "props": {
              "fit": {
                "mode": "fill"
              },
              "source": "/system/images/sample-images/LogosEXTERRAN/egeneracion-elec.png"
            },
            "type": "ia.display.image"
          }
        ],
        "meta": {
          "name": "CoordinateContainer",
          "visible": false
        },
        "position": {
          "height": 68,
          "width": 230,
          "x": "10%",
          "y": "10%"
        },
        "type": "ia.container.coord"
      },
      {
        "events": {
          "dom": {
            "onMouseLeave": {
              "config": {
                "script": "\tself.getSibling(\"Compression\").meta.visible \u003d True"
              },
              "scope": "G",
              "type": "script"
            }
          }
        },
        "meta": {
          "name": "compression_hover"
        },
        "position": {
          "height": 50,
          "width": 80,
          "x": 12,
          "y": 70
        },
        "props": {
          "source": "/system/images/sample-images/LogosEXTERRAN/compression_hover.jpg",
          "tint": {
            "color": ""
          }
        },
        "type": "ia.display.image"
      },
      {
        "meta": {
          "name": "egeneracion-elec"
        },
        "position": {
          "height": 50,
          "width": 80,
          "x": 92,
          "y": 70
        },
        "props": {
          "fit": {
            "mode": "fill"
          },
          "source": "/system/images/sample-images/LogosEXTERRAN/egeneracion-elec.png"
        },
        "type": "ia.display.image"
      },
      {
        "meta": {
          "name": "Region"
        },
        "position": {
          "height": 25,
          "width": "50%",
          "x": "4%",
          "y": 210
        },
        "props": {
          "style": {
            "classes": "Exterran-Style-TextoFuente"
          },
          "text": "Region",
          "textStyle": {
            "color": "FFFFFF",
            "fontFamily": "sans-serif",
            "fontSize": 12
          }
        },
        "type": "ia.display.label"
      },
      {
        "meta": {
          "name": "Pais"
        },
        "position": {
          "height": 25,
          "width": "50%",
          "x": "4%",
          "y": 330
        },
        "props": {
          "style": {
            "classes": "Exterran-Style-TextoFuente"
          },
          "text": "Pais",
          "textStyle": {
            "color": "FFFFFF",
            "fontFamily": "sans-serif",
            "fontSize": 12
          }
        },
        "type": "ia.display.label"
      },
      {
        "meta": {
          "name": "Distrito"
        },
        "position": {
          "height": 25,
          "width": "50%",
          "x": "4%",
          "y": 450
        },
        "props": {
          "style": {
            "classes": "Exterran-Style-TextoFuente"
          },
          "text": "Distrito",
          "textStyle": {
            "color": "FFFFFF",
            "fontFamily": "sans-serif",
            "fontSize": 12
          }
        },
        "type": "ia.display.label"
      },
      {
        "meta": {
          "name": "Yacimiento"
        },
        "position": {
          "height": 25,
          "width": "50%",
          "x": "4%",
          "y": 570
        },
        "props": {
          "style": {
            "classes": "Exterran-Style-TextoFuente"
          },
          "text": "Yacimiento",
          "textStyle": {
            "color": "FFFFFF",
            "fontFamily": "sans-serif",
            "fontSize": 12
          }
        },
        "type": "ia.display.label"
      },
      {
        "meta": {
          "name": "Locacion"
        },
        "position": {
          "height": 25,
          "width": "50%",
          "x": "4%",
          "y": 690
        },
        "props": {
          "style": {
            "classes": "Exterran-Style-TextoFuente"
          },
          "text": "Locacion",
          "textStyle": {
            "color": "FFFFFF",
            "fontFamily": "sans-serif",
            "fontSize": 12
          }
        },
        "type": "ia.display.label"
      },
      {
        "meta": {
          "name": "Activo"
        },
        "position": {
          "height": 25,
          "width": "50%",
          "x": "4%",
          "y": 810
        },
        "props": {
          "style": {
            "classes": "Exterran-Style-TextoFuente"
          },
          "text": "Activo",
          "textStyle": {
            "color": "FFFFFF",
            "fontFamily": "sans-serif",
            "fontSize": 12
          }
        },
        "type": "ia.display.label"
      },
      {
        "custom": {
          "Booleano": false
        },
        "events": {
          "dom": {
            "onMouseEnter": {
              "config": {
                "script": "\tself.meta.visible \u003d False"
              },
              "scope": "G",
              "type": "script"
            }
          }
        },
        "meta": {
          "name": "Compression",
          "visible": false
        },
        "position": {
          "height": 50,
          "width": 80,
          "x": 12,
          "y": 70
        },
        "props": {
          "fit": {
            "mode": "fill"
          },
          "source": "/system/images/sample-images/LogosEXTERRAN/compression1.jpg",
          "tint": {
            "color": "#555555"
          }
        },
        "type": "ia.display.image"
      }
    ],
    "meta": {
      "name": "root",
      "tooltip": {
        "width": 250
      }
    },
    "props": {
      "style": {
        "backgroundColor": "#343a40",
        "borderBottomColor": "#F2F2F2",
        "borderBottomLeftRadius": 1,
        "borderBottomRightRadius": 1,
        "borderBottomStyle": "none",
        "borderBottomWidth": 1,
        "borderLeftColor": "#",
        "borderLeftStyle": "none",
        "borderLeftWidth": 0.5,
        "borderRightColor": "#",
        "borderRightStyle": "none",
        "borderRightWidth": 1,
        "borderTopColor": "#",
        "borderTopLeftRadius": 1,
        "borderTopRightRadius": 1,
        "borderTopStyle": "none",
        "borderTopWidth": 0.5,
        "fill": "#C53F3F00",
        "opacity": "1",
        "outlineColor": "#000000",
        "outlineStyle": "none",
        "outlineWidth": "0",
        "overflow": "visible",
        "stroke": "#FF131300",
        "strokeWidth": "0"
      }
    },
    "scripts": {
      "customMethods": [],
      "extensionFunctions": null,
      "messageHandlers": [
        {
          "messageType": "PageID",
          "pageScope": true,
          "script": "\t# implement your handler here\n\t\n\tself.view.custom.PageID \u003d payload[\"PageID\"]",
          "sessionScope": false,
          "viewScope": false
        }
      ]
    },
    "type": "ia.container.coord"
  }
}