{
  "custom": {},
  "params": {},
  "props": {
    "defaultSize": {
      "height": 110,
      "width": 280
    }
  },
  "root": {
    "children": [
      {
        "meta": {
          "name": "Label_username"
        },
        "position": {
          "height": "15%",
          "width": "70%",
          "x": "30%",
          "y": "5%"
        },
        "propConfig": {
          "props.text": {
            "binding": {
              "config": {
                "expression": "{session.props.auth.user}"
              },
              "transforms": [
                {
                  "code": "\ttry:\n\t    username\u003dvalue[\"userName\"]\n\t    res\u003dusername\n\texcept:\n\t    res\u003d\"Por favor loguearse\"\n\t#userName\u003dself.session.props.auth.user.userName\n\treturn res",
                  "type": "script"
                }
              ],
              "type": "expr"
            }
          },
          "props.textStyle.color": {
            "binding": {
              "config": {
                "path": "../FlexContainer_info.custom.Booleano"
              },
              "transforms": [
                {
                  "code": "\tcolor \u003d \u0027#2d74ff\u0027\n\tnada \u003d \u0027#ffffff\u0027\n\tif value \u003d\u003d True:\n\t\treturn color\n\telse:\n\t\treturn nada",
                  "type": "script"
                }
              ],
              "type": "property"
            }
          }
        },
        "props": {
          "textStyle": {
            "fontFamily": "sans-serif"
          }
        },
        "type": "ia.display.label"
      },
      {
        "meta": {
          "name": "Label_correo"
        },
        "position": {
          "height": "15%",
          "width": "70%",
          "x": "30%",
          "y": "30%"
        },
        "propConfig": {
          "props.text": {
            "binding": {
              "config": {
                "expression": "{session.props.auth.user}"
              },
              "transforms": [
                {
                  "code": "\ttry:\n\t\tmail\u003dvalue[\"email\"]\n\t\tres\u003dmail\n\texcept:\n\t\tres\u003d\"Por favor loguearse\"\n\treturn res",
                  "type": "script"
                }
              ],
              "type": "expr"
            }
          },
          "props.textStyle.color": {
            "binding": {
              "config": {
                "path": "../FlexContainer_info.custom.Booleano"
              },
              "transforms": [
                {
                  "code": "\tcolor \u003d \u0027#2d74ff\u0027\n\tnada \u003d \u0027#ffffff\u0027\n\tif value \u003d\u003d True:\n\t\treturn color\n\telse:\n\t\treturn nada",
                  "type": "script"
                }
              ],
              "type": "property"
            }
          }
        },
        "props": {
          "textStyle": {
            "fontFamily": "sans-serif"
          }
        },
        "type": "ia.display.label"
      },
      {
        "meta": {
          "name": "profile_Image"
        },
        "position": {
          "height": "48%",
          "width": "18%",
          "x": "6%",
          "y": "5%"
        },
        "props": {
          "fit": {
            "mode": "fill"
          },
          "source": "/system/images/user icon.png"
        },
        "type": "ia.display.image"
      },
      {
        "meta": {
          "name": "Image_log_out"
        },
        "position": {
          "height": "22%",
          "width": "8%",
          "x": "2%",
          "y": "75%"
        },
        "propConfig": {
          "props.tint.color": {
            "binding": {
              "config": {
                "path": "../FlexContainer_log_out.custom.Booleano"
              },
              "transforms": [
                {
                  "code": "\tcolor \u003d \u0027#2d74ff\u0027\n\tnada \u003d \u0027#ffffff\u0027\n\tif value \u003d\u003d True:\n\t\treturn color\n\telse:\n\t\treturn nada",
                  "type": "script"
                }
              ],
              "type": "property"
            }
          }
        },
        "props": {
          "fit": {
            "mode": "fill"
          },
          "source": "/system/images/baseline_close_white_24dp.png",
          "tint": {
            "enabled": true
          }
        },
        "type": "ia.display.image"
      },
      {
        "meta": {
          "name": "Label_log_out"
        },
        "position": {
          "height": "20%",
          "width": "50%",
          "x": "12%",
          "y": "76%"
        },
        "propConfig": {
          "props.textStyle.color": {
            "binding": {
              "config": {
                "path": "../FlexContainer_log_out.custom.Booleano"
              },
              "transforms": [
                {
                  "code": "\tcolor \u003d \u0027#2d74ff\u0027\n\tnada \u003d \u0027#ffffff\u0027\n\tif value \u003d\u003d True:\n\t\treturn color\n\telse:\n\t\treturn nada",
                  "type": "script"
                }
              ],
              "type": "property"
            }
          }
        },
        "props": {
          "text": "Cerrar Sesión",
          "textStyle": {
            "fontFamily": "sans-serif"
          }
        },
        "type": "ia.display.label"
      },
      {
        "meta": {
          "name": "Image_clock"
        },
        "position": {
          "height": 19,
          "width": "7%",
          "x": 84,
          "y": "50%"
        },
        "props": {
          "fit": {
            "mode": "fill"
          },
          "source": "/system/images/schedule_FILL0_wght400_GRAD0_opsz48.png",
          "tint": {
            "color": "#FFFFFF",
            "enabled": true
          }
        },
        "type": "ia.display.image"
      },
      {
        "meta": {
          "name": "Label_lastComn"
        },
        "position": {
          "height": "20%",
          "width": "60%",
          "x": "40%",
          "y": "48%"
        },
        "propConfig": {
          "props.text": {
            "binding": {
              "config": {
                "expression": ""
              },
              "transforms": [
                {
                  "code": "\t#El tiempo viene en milisegundos--\u003e value {msg}.\n\tlist_info\u003dsystem.perspective.getSessionInfo()\n\th_ms\u003dlist_info[0][\"uptime\"]\n\thours\u003dint(h_ms/(3600000))\n\treturn \"Hace \" +str(hours)+ \" horas\"",
                  "type": "script"
                }
              ],
              "type": "expr"
            }
          }
        },
        "props": {
          "textStyle": {
            "classes": "UserStyles/Label_lastComn",
            "color": "#9C9C9C",
            "fontFamily": "sans-serif"
          }
        },
        "type": "ia.display.label"
      },
      {
        "custom": {
          "Booleano": false
        },
        "events": {
          "dom": {
            "onClick": {
              "config": {
                "script": "\tsystem.perspective.logout()\n\t"
              },
              "scope": "G",
              "type": "script"
            },
            "onMouseEnter": {
              "config": {
                "script": "\tself.props.style.backgroundColor\u003d\"#FFFFFF12\"\n\tself.custom.Booleano \u003d True"
              },
              "scope": "G",
              "type": "script"
            },
            "onMouseLeave": {
              "config": {
                "script": "\tself.props.style.backgroundColor\u003d\"#FFFFFF00\"\n\tself.custom.Booleano \u003d False"
              },
              "scope": "G",
              "type": "script"
            }
          }
        },
        "meta": {
          "name": "FlexContainer_log_out"
        },
        "position": {
          "height": "25%",
          "width": "100%",
          "y": "75%"
        },
        "props": {
          "style": {
            "backgroundColor": "#FFFFFF00"
          }
        },
        "type": "ia.container.flex"
      },
      {
        "custom": {
          "Booleano": false
        },
        "events": {
          "dom": {
            "onMouseEnter": {
              "config": {
                "script": "\tself.props.style.backgroundColor\u003d\"#FFFFFF12\"\n\tself.custom.Booleano \u003d True"
              },
              "scope": "G",
              "type": "script"
            },
            "onMouseLeave": {
              "config": {
                "script": "\tself.props.style.backgroundColor\u003d\"#FFFFFF00\"\n\tself.custom.Booleano \u003d False"
              },
              "scope": "G",
              "type": "script"
            }
          }
        },
        "meta": {
          "name": "FlexContainer_info"
        },
        "position": {
          "height": "75%",
          "width": "100%",
          "x": -1.1600000000000001,
          "y": -0.13999999999999968
        },
        "props": {
          "style": {
            "backgroundColor": "#FFFFFF00",
            "borderBottomColor": "#6c757d",
            "borderBottomStyle": "ridge",
            "borderLeftStyle": "none",
            "borderRightStyle": "none",
            "borderTopStyle": "none"
          }
        },
        "type": "ia.container.flex"
      }
    ],
    "meta": {
      "name": "root"
    },
    "position": {
      "x": 20,
      "y": 0
    },
    "props": {
      "style": {
        "backgroundColor": "#343a40"
      }
    },
    "type": "ia.container.coord"
  }
}