{
  "custom": {},
  "params": {
    "ACTIVO": "15156c",
    "PopUpEventFrameID": "value",
    "PopUpFilaSel": ""
  },
  "propConfig": {
    "params.ACTIVO": {
      "paramDirection": "inout",
      "persistent": true
    },
    "params.PopUpEventFrameID": {
      "paramDirection": "input",
      "persistent": true
    },
    "params.PopUpFilaSel": {
      "paramDirection": "inout",
      "persistent": true
    }
  },
  "props": {
    "defaultSize": {
      "height": 661,
      "width": 1181
    }
  },
  "root": {
    "children": [
      {
        "custom": {
          "distinto": "(ef.ID\u003c\u003e\u002700000000-0000-0000-0000-000000000000\u0027)"
        },
        "events": {
          "component": {
            "onRowDoubleClick": {
              "config": {
                "script": "\tmyPath \u003d self.custom.distinto\n\thisPath \u003d self.getSibling(\"Table_aux\").custom.iguale\n\t\n\tif myPath \u003d\u003d \"(ef.ID\u003c\u003e\u002700000000-0000-0000-0000-000000000000\u0027)\" \t: #and self.props.selection.selectedColumn \u003d\u003d \u0027EFID\u0027\n\t\tmyPath \u003d \"(ef.ID\u003c\u003e\u0027\" + self.props.selection.data[0][\"EFID\"] + \"\u0027)\"\n\t\thisPath \u003d \"(ef.ID\u003d\u0027\" + self.props.selection.data[0][\"EFID\"] + \"\u0027)\"\n\telse:\n\t\tmyPath \u003d myPath + \" AND (ef.ID\u003c\u003e\u0027\" + self.props.selection.data[0][\"EFID\"] + \"\u0027)\"\n\t\thisPath \u003d hisPath + \" OR (ef.ID\u003d\u0027\" + self.props.selection.data[0][\"EFID\"] + \"\u0027)\"\n\t\t\n\tself.custom.distinto \u003d myPath\n\tself.getSibling(\"Table_aux\").custom.iguale \u003d hisPath"
              },
              "scope": "G",
              "type": "script"
            }
          },
          "system": {
            "onStartup": {
              "config": {
                "script": "\tself.custom.distinto \u003d \"(ef.ID\u003c\u003e\u002700000000-0000-0000-0000-000000000000\u0027)\"\n\tself.getSibling(\"Table_aux\").custom.iguale \u003d \"(ef.ID\u003d\u002700000000-0000-0000-0000-000000000000\u0027)\""
              },
              "scope": "G",
              "type": "script"
            }
          }
        },
        "meta": {
          "name": "Table",
          "tooltip": {
            "enabled": true
          }
        },
        "position": {
          "height": "45%",
          "width": "60%",
          "x": "3%",
          "y": "18%"
        },
        "propConfig": {
          "props.data": {
            "binding": {
              "config": {
                "parameters": {
                  "distinto": "{this.custom.distinto}",
                  "myActivo": "{view.params.ACTIVO}"
                },
                "polling": {
                  "enabled": true,
                  "rate": "5"
                },
                "queryPath": "Queries Tablas/Gestion de Eventos/QueryEF"
              },
              "type": "query"
            }
          }
        },
        "props": {
          "bodyStyle": {
            "classes": "PopiedadesTabla/Exterran-Style-Table-bodyStyle"
          },
          "columns": [
            {
              "align": "center",
              "boolean": "checkbox",
              "dateFormat": "MM/DD/YYYY",
              "editable": false,
              "field": "Descripcion",
              "footer": {
                "align": "center",
                "justify": "left",
                "style": {
                  "classes": ""
                },
                "title": ""
              },
              "header": {
                "align": "center",
                "justify": "center",
                "style": {
                  "classes": "",
                  "fontFamily": "Roboto",
                  "fontSize": 13
                },
                "title": "Descripcion"
              },
              "justify": "left",
              "number": "value",
              "numberFormat": "0,0.##",
              "progressBar": {
                "bar": {
                  "color": "",
                  "style": {
                    "classes": ""
                  }
                },
                "max": 100,
                "min": 0,
                "track": {
                  "color": "",
                  "style": {
                    "classes": ""
                  }
                },
                "value": {
                  "enabled": true,
                  "format": "0,0.##",
                  "justify": "center",
                  "style": {
                    "classes": ""
                  }
                }
              },
              "render": "auto",
              "resizable": true,
              "sort": "none",
              "sortable": true,
              "strictWidth": false,
              "style": {
                "classes": "",
                "color": "#FFFFFF",
                "fontFamily": "Roboto",
                "fontSize": 13,
                "fontWeight": "normal"
              },
              "toggleSwitch": {
                "color": {
                  "selected": "",
                  "unselected": ""
                }
              },
              "viewParams": {},
              "viewPath": "",
              "visible": true,
              "width": 100
            },
            {
              "align": "center",
              "boolean": "checkbox",
              "dateFormat": "MM/DD/YYYY HH:mm:ss",
              "editable": false,
              "field": "Inicio",
              "footer": {
                "align": "center",
                "justify": "left",
                "style": {
                  "classes": ""
                },
                "title": ""
              },
              "header": {
                "align": "center",
                "justify": "center",
                "style": {
                  "classes": "",
                  "fontFamily": "Roboto",
                  "fontSize": 13
                },
                "title": "Inicio"
              },
              "justify": "center",
              "number": "value",
              "numberFormat": "0,0.##",
              "progressBar": {
                "bar": {
                  "color": "",
                  "style": {
                    "classes": ""
                  }
                },
                "max": 100,
                "min": 0,
                "track": {
                  "color": "",
                  "style": {
                    "classes": ""
                  }
                },
                "value": {
                  "enabled": true,
                  "format": "0,0.##",
                  "justify": "center",
                  "style": {
                    "classes": ""
                  }
                }
              },
              "render": "date",
              "resizable": true,
              "sort": "none",
              "sortable": true,
              "strictWidth": false,
              "style": {
                "classes": "",
                "color": "#FFFFFF",
                "fontFamily": "Roboto",
                "fontSize": 13
              },
              "toggleSwitch": {
                "color": {
                  "selected": "",
                  "unselected": ""
                }
              },
              "viewParams": {},
              "viewPath": "",
              "visible": true,
              "width": 80
            },
            {
              "align": "center",
              "boolean": "checkbox",
              "dateFormat": "MM/DD/YYYY HH:mm:ss",
              "editable": false,
              "field": "Fin",
              "footer": {
                "align": "center",
                "justify": "left",
                "style": {
                  "classes": ""
                },
                "title": ""
              },
              "header": {
                "align": "center",
                "justify": "center",
                "style": {
                  "classes": "",
                  "fontFamily": "Roboto",
                  "fontSize": 13
                },
                "title": "Fin"
              },
              "justify": "center",
              "number": "value",
              "numberFormat": "0,0.##",
              "progressBar": {
                "bar": {
                  "color": "",
                  "style": {
                    "classes": ""
                  }
                },
                "max": 100,
                "min": 0,
                "track": {
                  "color": "",
                  "style": {
                    "classes": ""
                  }
                },
                "value": {
                  "enabled": true,
                  "format": "0,0.##",
                  "justify": "center",
                  "style": {
                    "classes": ""
                  }
                }
              },
              "render": "date",
              "resizable": true,
              "sort": "none",
              "sortable": true,
              "strictWidth": false,
              "style": {
                "classes": "",
                "color": "#FFFFFF",
                "fontFamily": "Roboto",
                "fontSize": 13
              },
              "toggleSwitch": {
                "color": {
                  "selected": "",
                  "unselected": ""
                }
              },
              "viewParams": {},
              "viewPath": "",
              "visible": true,
              "width": 80
            },
            {
              "align": "center",
              "boolean": "checkbox",
              "dateFormat": "MM/DD/YYYY",
              "editable": false,
              "field": "ACTIVO",
              "footer": {
                "align": "center",
                "justify": "left",
                "style": {
                  "classes": ""
                },
                "title": ""
              },
              "header": {
                "align": "center",
                "justify": "center",
                "style": {
                  "classes": "",
                  "fontFamily": "Roboto",
                  "fontSize": 13
                },
                "title": "Activo"
              },
              "justify": "center",
              "number": "value",
              "numberFormat": "0,0.##",
              "progressBar": {
                "bar": {
                  "color": "",
                  "style": {
                    "classes": ""
                  }
                },
                "max": 100,
                "min": 0,
                "track": {
                  "color": "",
                  "style": {
                    "classes": ""
                  }
                },
                "value": {
                  "enabled": true,
                  "format": "0,0.##",
                  "justify": "center",
                  "style": {
                    "classes": ""
                  }
                }
              },
              "render": "auto",
              "resizable": true,
              "sort": "none",
              "sortable": true,
              "strictWidth": false,
              "style": {
                "classes": "",
                "color": "#FFFFFF",
                "fontFamily": "Roboto",
                "fontSize": 13
              },
              "toggleSwitch": {
                "color": {
                  "selected": "",
                  "unselected": ""
                }
              },
              "viewParams": {},
              "viewPath": "",
              "visible": true,
              "width": 50
            },
            {
              "align": "center",
              "boolean": "checkbox",
              "dateFormat": "MM/DD/YYYY",
              "editable": false,
              "field": "EFID",
              "footer": {
                "align": "center",
                "justify": "left",
                "style": {
                  "classes": ""
                },
                "title": ""
              },
              "header": {
                "align": "center",
                "justify": "center",
                "style": {
                  "classes": "",
                  "color": "#001f3f"
                },
                "title": "Confirmacion"
              },
              "justify": "auto",
              "number": "value",
              "numberFormat": "0,0.##",
              "progressBar": {
                "bar": {
                  "color": "",
                  "style": {
                    "classes": ""
                  }
                },
                "max": 100,
                "min": 0,
                "track": {
                  "color": "",
                  "style": {
                    "classes": ""
                  }
                },
                "value": {
                  "enabled": true,
                  "format": "0,0.##",
                  "justify": "center",
                  "style": {
                    "classes": ""
                  }
                }
              },
              "render": "view",
              "resizable": true,
              "sort": "none",
              "sortable": false,
              "strictWidth": false,
              "style": {
                "classes": "",
                "color": "#FFFFFF",
                "cursor": "pointer"
              },
              "toggleSwitch": {
                "color": {
                  "selected": "",
                  "unselected": ""
                }
              },
              "viewParams": {},
              "viewPath": "Exterran-Gestion de Eventos/PopUp_Agregar",
              "visible": true,
              "width": 50
            }
          ],
          "emptyMessage": {
            "noData": {
              "icon": {
                "color": "#ffffff",
                "path": "material/360",
                "style": {
                  "backgroundColor": "#454d55"
                }
              },
              "text": "Esperando Datos...",
              "textStyle": {
                "color": "#FFFFFF",
                "fontFamily": "Roboto"
              }
            },
            "style": {
              "backgroundColor": "#454d55"
            }
          },
          "filter": {
            "style": {
              "backgroundColor": "#515151",
              "fontFamily": "sans-serif",
              "fontSize": 12
            }
          },
          "headerStyle": {
            "classes": "PopiedadesTabla/Exterran-Style-Table-Header"
          },
          "pager": {
            "bottom": false
          },
          "rows": {
            "height": 22,
            "highlight": {
              "color": "#122E42"
            },
            "striped": {
              "color": {
                "even": "#303030",
                "odd": "#303030"
              }
            },
            "style": {
              "classes": "PopiedadesTabla/Exterran-Style-Table-Rows"
            },
            "subview": {
              "viewPath": "Exterran-Gestión de Eventos/SubViewQuery"
            },
            "subviewExpansionMode": "single"
          },
          "style": {
            "classes": "PopiedadesTabla/Exterran-Style-StyleGeneral"
          }
        },
        "type": "ia.display.table"
      },
      {
        "meta": {
          "name": "Region"
        },
        "position": {
          "height": 30,
          "width": 90,
          "x": "1%",
          "y": "3%"
        },
        "props": {
          "text": "Región:",
          "textStyle": {
            "color": "#FFFFFF",
            "fontFamily": "sans-serif",
            "fontSize": 14
          }
        },
        "type": "ia.display.label"
      },
      {
        "meta": {
          "name": "Pais"
        },
        "position": {
          "height": 30,
          "width": 90,
          "x": 281.8,
          "y": 19.8
        },
        "props": {
          "style": {
            "backgroundColor": "#00000000",
            "classes": "Exterran-Style-FondoGeneral"
          },
          "text": "País:",
          "textStyle": {
            "color": "#FFFFFF",
            "fontFamily": "sans-serif",
            "fontSize": 14
          }
        },
        "type": "ia.display.label"
      },
      {
        "meta": {
          "name": "Distrito"
        },
        "position": {
          "height": 30,
          "width": 90,
          "x": 551.8,
          "y": 19.8
        },
        "props": {
          "style": {
            "backgroundColor": "#00000000",
            "classes": "Exterran-Style-FondoGeneral"
          },
          "text": "Distrito:",
          "textStyle": {
            "color": "#FFFFFF",
            "fontFamily": "sans-serif",
            "fontSize": 14
          }
        },
        "type": "ia.display.label"
      },
      {
        "meta": {
          "name": "Yacimiento"
        },
        "position": {
          "height": 30,
          "width": 90,
          "x": 281.596875,
          "y": 66.19375
        },
        "props": {
          "style": {
            "backgroundColor": "#00000000",
            "classes": "Exterran-Style-FondoGeneral"
          },
          "text": "Yacimiento:",
          "textStyle": {
            "color": "#FFFFFF",
            "fontFamily": "sans-serif",
            "fontSize": 14
          }
        },
        "type": "ia.display.label"
      },
      {
        "meta": {
          "name": "Locacion"
        },
        "position": {
          "height": 30,
          "width": 90,
          "x": "1%",
          "y": "10%"
        },
        "props": {
          "style": {
            "backgroundColor": "#00000000",
            "classes": "Exterran-Style-FondoGeneral"
          },
          "text": "Locación:",
          "textStyle": {
            "color": "#FFFFFF",
            "fontFamily": "sans-serif",
            "fontSize": 14
          }
        },
        "type": "ia.display.label"
      },
      {
        "meta": {
          "name": "Activo"
        },
        "position": {
          "height": 30,
          "width": 90,
          "x": 551.796875,
          "y": 66.2875
        },
        "props": {
          "style": {
            "backgroundColor": "#00000000",
            "classes": "Exterran-Style-FondoGeneral"
          },
          "text": "Activo:",
          "textStyle": {
            "color": "#FFFFFF",
            "fontFamily": "sans-serif",
            "fontSize": 14
          }
        },
        "type": "ia.display.label"
      },
      {
        "meta": {
          "name": "Label_region"
        },
        "position": {
          "height": 29,
          "width": 156,
          "x": 67.56,
          "y": 14.14
        },
        "propConfig": {
          "props.text": {
            "binding": {
              "config": {
                "parameters": {
                  "myActivo": "{view.params.ACTIVO}"
                },
                "queryPath": "Queries Labels/PATH Labels",
                "returnFormat": "json"
              },
              "transforms": [
                {
                  "code": "\treturn value[0][\"REGION\"]",
                  "type": "script"
                }
              ],
              "type": "query"
            }
          }
        },
        "props": {
          "alignVertical": "bottom",
          "style": {
            "classes": "Exterran-Style-TextoFuente"
          },
          "textStyle": {
            "color": "#FFFFFF",
            "fontFamily": "sans-serif",
            "fontSize": 14
          }
        },
        "type": "ia.display.label"
      },
      {
        "meta": {
          "name": "Label_pais"
        },
        "position": {
          "height": 39,
          "width": 230,
          "x": 321.6,
          "y": 3.33
        },
        "propConfig": {
          "props.text": {
            "binding": {
              "config": {
                "parameters": {
                  "myActivo": "{view.params.ACTIVO}"
                },
                "queryPath": "Queries Labels/PATH Labels",
                "returnFormat": "json"
              },
              "transforms": [
                {
                  "code": "\treturn value[0][\"PAIS\"]",
                  "type": "script"
                }
              ],
              "type": "query"
            }
          }
        },
        "props": {
          "alignVertical": "bottom",
          "style": {
            "classes": "Exterran-Style-TextoFuente"
          },
          "textStyle": {
            "color": "#FFFFFF",
            "fontFamily": "sans-serif",
            "fontSize": 14
          }
        },
        "type": "ia.display.label"
      },
      {
        "meta": {
          "name": "Label_distrito"
        },
        "position": {
          "height": 32,
          "width": 268,
          "x": 604.8,
          "y": 10
        },
        "propConfig": {
          "props.text": {
            "binding": {
              "config": {
                "parameters": {
                  "myActivo": "{view.params.ACTIVO}"
                },
                "queryPath": "Queries Labels/PATH Labels",
                "returnFormat": "json"
              },
              "transforms": [
                {
                  "code": "\treturn value[0][\"DISTRITO\"]",
                  "type": "script"
                }
              ],
              "type": "query"
            }
          }
        },
        "props": {
          "alignVertical": "bottom",
          "style": {
            "classes": "Exterran-Style-TextoFuente"
          },
          "textStyle": {
            "color": "#FFFFFF",
            "fontFamily": "sans-serif",
            "fontSize": 14
          }
        },
        "type": "ia.display.label"
      },
      {
        "meta": {
          "name": "Label_locacion"
        },
        "position": {
          "height": 35,
          "width": 194,
          "x": 77.75,
          "y": 63.19
        },
        "propConfig": {
          "props.text": {
            "binding": {
              "config": {
                "parameters": {
                  "myActivo": "{view.params.ACTIVO}"
                },
                "queryPath": "Queries Labels/PATH Labels",
                "returnFormat": "json"
              },
              "transforms": [
                {
                  "code": "\n\treturn value[0][\"LOCACION\"]",
                  "type": "script"
                }
              ],
              "type": "query"
            }
          }
        },
        "props": {
          "style": {
            "classes": "Exterran-Style-TextoFuente"
          },
          "textStyle": {
            "color": "#FFFFFF",
            "fontFamily": "sans-serif",
            "fontSize": 14
          }
        },
        "type": "ia.display.label"
      },
      {
        "meta": {
          "name": "Label_yacimiento"
        },
        "position": {
          "height": 34.99999999999999,
          "width": 212.99999999999994,
          "x": 359.8,
          "y": 63.599999999999994
        },
        "propConfig": {
          "props.text": {
            "binding": {
              "config": {
                "parameters": {
                  "myActivo": "{view.params.ACTIVO}"
                },
                "queryPath": "Queries Labels/PATH Labels",
                "returnFormat": "json"
              },
              "transforms": [
                {
                  "code": "\t# return the results\n\treturn value[0][\"YACIMIENTO\"]",
                  "type": "script"
                }
              ],
              "type": "query"
            }
          }
        },
        "props": {
          "style": {
            "classes": "Exterran-Style-TextoFuente"
          },
          "textStyle": {
            "color": "#FFFFFF",
            "fontFamily": "sans-serif",
            "fontSize": 14
          }
        },
        "type": "ia.display.label"
      },
      {
        "meta": {
          "name": "Label_activo"
        },
        "position": {
          "height": 34.99999999999999,
          "width": 265,
          "x": 605,
          "y": 63.599999999999994
        },
        "propConfig": {
          "props.text": {
            "binding": {
              "config": {
                "parameters": {
                  "myActivo": "{view.params.ACTIVO}"
                },
                "queryPath": "Queries Labels/PATH Labels",
                "returnFormat": "json"
              },
              "transforms": [
                {
                  "code": "\n\treturn value[0][\"ACTIVO\"]",
                  "type": "script"
                }
              ],
              "type": "query"
            }
          }
        },
        "props": {
          "style": {
            "classes": "Exterran-Style-TextoFuente"
          },
          "textStyle": {
            "color": "#FFFFFF",
            "fontFamily": "sans-serif",
            "fontSize": 14
          }
        },
        "type": "ia.display.label"
      },
      {
        "meta": {
          "name": "TextField"
        },
        "position": {
          "height": "20%",
          "width": "93%",
          "x": "3%",
          "y": "65%"
        },
        "props": {
          "placeholder": "Ingrese comentarios",
          "style": {
            "backgroundColor": "#343a40",
            "borderBottomColor": "#6c757d",
            "borderBottomStyle": "solid",
            "borderBottomWidth": 1,
            "borderLeftColor": "#6c757d",
            "borderLeftStyle": "solid",
            "borderLeftWidth": 1,
            "borderRightColor": "#6c757d",
            "borderRightStyle": "solid",
            "borderRightWidth": 1,
            "borderTopColor": "#6c757d",
            "borderTopStyle": "solid",
            "borderTopWidth": 1,
            "color": "#FFFFFF",
            "fontFamily": "Roboto"
          }
        },
        "type": "ia.input.text-field"
      },
      {
        "custom": {
          "LeaDatos": [
            "68fd22da-56ea-11ed-9294-000c29e4aa7d",
            "68fd22dc-56ea-11ed-9294-000c29e4aa7d"
          ],
          "booleano": false
        },
        "events": {
          "dom": {
            "onClick": {
              "config": {
                "script": "\twebAPIServer \u003d \"ushubpivist01\"\n\tdatabaseWebId \u003d \"F1RD5-7WiiRTdkuEJlg6BjJOSQPbmW1ONuHUC3o5R5K1_4XQVVNIVUJQSUFGREFUMDFcUlRTLUVYVEVSUkFOLVRFU1Q\"\n\tuserForPIWebAPI \u003d \"Exterran\\SRVAdminSQL\"\n\tuserForPIWebAPI_pass \u003d \"!Aql1g53[W/9CKi#3U6s5P6}\"\n\t\t\n\tself.props.enabled\u003d False\n\tself.getSibling(\"Label\").props.text \u003d \"Sending...\"\n\t\n\tlist_IDs \u003d []\n\ti \u003d 0\n\trango \u003d self.getSibling(\"Table_aux\").props.data.getRowCount()\n\twhile i \u003c rango:\n\t\tEFIDi \u003d str(self.getSibling(\"Table_aux\").props.data.getValueAt(i, \"EFID\"))\n\t\tlist_IDs.append(EFIDi)\n\t\ti \u003d i + 1\n\t\n\tactual_user \u003d self.session.props.auth.user.userName\n\tif actual_user \u003d\u003d None:\n\t\tactual_user \u003d \"SomeUser\"\n\t\n\tcomment \u003d self.getSibling(\"TextField\").props.text\n\tURL_base \u003d \"https://\"+webAPIServer+\"/piwebapi/\"\n\tURL_WebIds \u003d URL_base+\"eventframes/search?databaseWebId\u003d\"+databaseWebId+\"\u0026query\u003d(Id:\u003d\" + list_IDs[0]\n\ti \u003d 1\n\twhile i \u003c len(list_IDs):\n\t\tURL_WebIds \u003d URL_WebIds + \"%20OR%20Id:\u003d\" + list_IDs[i]\n\t\ti +\u003d 1\n\tURL_WebIds \u003d URL_WebIds + \")%20AND%20IsAcknowledged:\u003dfalse\u0026selectedFields\u003dItems.WebId\"\n\t\n\tclient \u003d system.net.httpClient(bypass_cert_validation\u003dTrue)\n\theaders \u003d {\n\t\t\"Content-Length\": 1\n\t}\n\tdata \u003d {\n\t\t\"WebIDs\": {\n\t\t\t\"Method\": \"GET\",\n\t\t\t\"Resource\": URL_WebIds\n\t\t},\n\t\t\"ACK\": {\n\t\t\t\"Method\": \"PATCH\",\n\t\t\t\"RequestTemplate\": {\n\t\t\t\t\"Resource\": URL_base+\"eventframes/{0}/acknowledge\"\n\t\t\t},\n\t\t\t\"Parameters\": [\n\t\t\t\t\"$.WebIDs.Content.Items[*].WebId\"\n\t\t\t],\n\t\t\t\"ParentIds\": [\n\t\t\t\t\"WebIDs\"\n\t\t\t]\n\t\t},\n\t\t\"Notes\": {\n\t\t\t\"Method\": \"POST\",\n\t\t\t\"RequestTemplate\": {\n\t\t\t\t\"Resource\": URL_base+\"eventframes/{0}/annotations\"\n\t\t\t},\n\t\t\t\"Content\": \"{\\\"Name\\\": \\\"\" + actual_user + \"\\\",\\\"Value\\\": \\\"\" + comment + \"\\\"}\",\n\t\t\t\"Parameters\": [\n\t\t\t\t\"$.WebIDs.Content.Items[*].WebId\"\n\t\t\t],\n\t\t\t\"ParentIds\": [\n\t\t\t\t\"WebIDs\"\n\t\t\t]\n\t\t}\n\t}\n\t\n\tsystem.perspective.print(URL_base+\"batch\")\n\ttimeout \u003d 10000\t\t#miliseconds\n\ttry:\n\t\tresponse \u003d None\n\t\tpromise \u003d client.postAsync(URL_base+\"batch\", headers, data, username\u003duserForPIWebAPI, password\u003duserForPIWebAPI_pass)\n\t\tresponse \u003d promise.get(timeout)\n\t\tif response.isGood():\n\t\t\tif response.json[\"ACK\"][\"Status\"] \u003d\u003d 207:\n\t\t\t\tif response.json[\"ACK\"][\"Content\"][\"Total\"] \u003d\u003d len(list_IDs):\n\t\t\t\t\tself.getSibling(\"Label\").props.text \u003d \"All ACK OK\"\n\t\t\t\telse:\n\t\t\t\t\tsystem.perspective.print(response.json)\n\t\t\t\t\tself.getSibling(\"Label\").props.text \u003d \"Some ACK\u0027s could not be completed\"\n\t\t\telse:\n\t\t\t\tsystem.perspective.print(response.json)\n\t\t\t\tself.getSibling(\"Label\").props.text \u003d \"Acknowledge NOT OK\"\n\t\telse:\n\t\t\tsystem.perspective.print(response.json)\n\t\t\tself.getSibling(\"Label\").props.text \u003d \"PIWebAPI internal server error\"\n\texcept:\n\t\tif response !\u003d None:\n\t\t\tsystem.perspective.print(response.json)\n\t\t\tself.getSibling(\"Label\").props.text \u003d \"PIWebAPI connection error\"\n\t\telse:\n\t\t\tsystem.perspective.print(promise)\n\t\t\tself.getSibling(\"Label\").props.text \u003d \"PIWebAPI connection timeout\"\n\tfinally:\n\t\t#UPDATE TABLA CON QUERY\n\t\tself.props.enabled \u003d True\n\t\n\tself.getSibling(\"TextField\").props.text \u003d \"\"\n\tself.getSibling(\"Table\").custom.distinto \u003d \"(ID\u003c\u003e\u002700000000-0000-0000-0000-000000000000\u0027)\"\n\tself.getSibling(\"Table_aux\").custom.iguale \u003d \"(ID\u003d\u002700000000-0000-0000-0000-000000000000\u0027)\"\n\tself.getSibling(\"TextField\").props.text \u003d list_IDs[0]\n\t\t\n\t#self.getSibling(\"Table\").refreshBinding(props.data)"
              },
              "scope": "G",
              "type": "script"
            }
          }
        },
        "meta": {
          "name": "Button"
        },
        "position": {
          "height": 35,
          "width": "93%",
          "x": "3%",
          "y": "88%"
        },
        "propConfig": {
          "props.enabled": {
            "binding": {
              "config": {
                "path": "../Table_aux.props.data"
              },
              "transforms": [
                {
                  "code": "\tif value.getRowCount() \u003e 0 :\n\t\tx\u003d True\n\telse:\n\t\tx\u003d False\n\treturn x",
                  "type": "script"
                }
              ],
              "type": "property"
            }
          }
        },
        "props": {
          "style": {
            "backgroundColor": "#3f6791",
            "borderBottomStyle": "none",
            "borderLeftStyle": "none",
            "borderRightStyle": "none",
            "borderTopStyle": "none",
            "color": "#ffffff",
            "fontFamily": "Roboto",
            "fontSize": 13
          },
          "text": "Confirmar"
        },
        "type": "ia.input.button"
      },
      {
        "custom": {
          "iguale": "(ef.ID\u003d\u002700000000-0000-0000-0000-000000000000\u0027)"
        },
        "meta": {
          "name": "Table_aux",
          "tooltip": {
            "enabled": true
          }
        },
        "position": {
          "height": "45%",
          "width": "30%",
          "x": "65%",
          "y": "18%"
        },
        "propConfig": {
          "props.data": {
            "binding": {
              "config": {
                "parameters": {
                  "distinto": "{this.custom.iguale}",
                  "myActivo": "{view.params.ACTIVO}"
                },
                "queryPath": "Queries Tablas/Gestion de Eventos/QueryEF"
              },
              "type": "query"
            }
          }
        },
        "props": {
          "bodyStyle": {
            "classes": "PopiedadesTabla/Exterran-Style-Table-bodyStyle"
          },
          "columns": [
            {
              "align": "center",
              "boolean": "checkbox",
              "dateFormat": "MM/DD/YYYY",
              "editable": false,
              "field": "ACTIVO",
              "footer": {
                "align": "center",
                "justify": "left",
                "style": {
                  "classes": ""
                },
                "title": ""
              },
              "header": {
                "align": "center",
                "justify": "left",
                "style": {
                  "classes": "",
                  "fontFamily": "Roboto",
                  "fontSize": 13
                },
                "title": "Activo"
              },
              "justify": "auto",
              "number": "value",
              "numberFormat": "0,0.##",
              "progressBar": {
                "bar": {
                  "color": "",
                  "style": {
                    "classes": ""
                  }
                },
                "max": 100,
                "min": 0,
                "track": {
                  "color": "",
                  "style": {
                    "classes": ""
                  }
                },
                "value": {
                  "enabled": true,
                  "format": "0,0.##",
                  "justify": "center",
                  "style": {
                    "classes": ""
                  }
                }
              },
              "render": "auto",
              "resizable": true,
              "sort": "none",
              "sortable": true,
              "strictWidth": false,
              "style": {
                "classes": "",
                "color": "#FFFFFF",
                "fontFamily": "Roboto",
                "fontSize": 13
              },
              "toggleSwitch": {
                "color": {
                  "selected": "",
                  "unselected": ""
                }
              },
              "viewParams": {},
              "viewPath": "",
              "visible": true,
              "width": ""
            },
            {
              "align": "center",
              "boolean": "checkbox",
              "dateFormat": "MM/DD/YYYY",
              "editable": false,
              "field": "Descripcion",
              "footer": {
                "align": "center",
                "justify": "left",
                "style": {
                  "classes": ""
                },
                "title": ""
              },
              "header": {
                "align": "center",
                "justify": "left",
                "style": {
                  "classes": "",
                  "fontFamily": "Roboto",
                  "fontSize": 13
                },
                "title": "Descripcion"
              },
              "justify": "auto",
              "number": "value",
              "numberFormat": "0,0.##",
              "progressBar": {
                "bar": {
                  "color": "",
                  "style": {
                    "classes": ""
                  }
                },
                "max": 100,
                "min": 0,
                "track": {
                  "color": "",
                  "style": {
                    "classes": ""
                  }
                },
                "value": {
                  "enabled": true,
                  "format": "0,0.##",
                  "justify": "center",
                  "style": {
                    "classes": ""
                  }
                }
              },
              "render": "auto",
              "resizable": true,
              "sort": "none",
              "sortable": true,
              "strictWidth": false,
              "style": {
                "classes": "",
                "color": "#FFFFFF",
                "fontFamily": "Roboto",
                "fontSize": 13
              },
              "toggleSwitch": {
                "color": {
                  "selected": "",
                  "unselected": ""
                }
              },
              "viewParams": {},
              "viewPath": "",
              "visible": true,
              "width": ""
            },
            {
              "align": "center",
              "boolean": "checkbox",
              "dateFormat": "MM/DD/YYYY",
              "editable": false,
              "field": "Inicio",
              "footer": {
                "align": "center",
                "justify": "left",
                "style": {
                  "classes": ""
                },
                "title": ""
              },
              "header": {
                "align": "center",
                "justify": "left",
                "style": {
                  "classes": "",
                  "fontFamily": "Roboto",
                  "fontSize": 13
                },
                "title": "Inicio"
              },
              "justify": "auto",
              "number": "value",
              "numberFormat": "0,0.##",
              "progressBar": {
                "bar": {
                  "color": "",
                  "style": {
                    "classes": ""
                  }
                },
                "max": 100,
                "min": 0,
                "track": {
                  "color": "",
                  "style": {
                    "classes": ""
                  }
                },
                "value": {
                  "enabled": true,
                  "format": "0,0.##",
                  "justify": "center",
                  "style": {
                    "classes": ""
                  }
                }
              },
              "render": "auto",
              "resizable": true,
              "sort": "none",
              "sortable": true,
              "strictWidth": false,
              "style": {
                "classes": "",
                "color": "#FFFFFF",
                "fontFamily": "Roboto",
                "fontSize": 13
              },
              "toggleSwitch": {
                "color": {
                  "selected": "",
                  "unselected": ""
                }
              },
              "viewParams": {},
              "viewPath": "",
              "visible": true,
              "width": ""
            },
            {
              "align": "center",
              "boolean": "checkbox",
              "dateFormat": "MM/DD/YYYY",
              "editable": false,
              "field": "Fin",
              "footer": {
                "align": "center",
                "justify": "left",
                "style": {
                  "classes": ""
                },
                "title": ""
              },
              "header": {
                "align": "center",
                "justify": "left",
                "style": {
                  "classes": "",
                  "fontFamily": "Roboto",
                  "fontSize": 13
                },
                "title": ""
              },
              "justify": "auto",
              "number": "value",
              "numberFormat": "0,0.##",
              "progressBar": {
                "bar": {
                  "color": "",
                  "style": {
                    "classes": ""
                  }
                },
                "max": 100,
                "min": 0,
                "track": {
                  "color": "",
                  "style": {
                    "classes": ""
                  }
                },
                "value": {
                  "enabled": true,
                  "format": "0,0.##",
                  "justify": "center",
                  "style": {
                    "classes": ""
                  }
                }
              },
              "render": "auto",
              "resizable": true,
              "sort": "none",
              "sortable": true,
              "strictWidth": false,
              "style": {
                "classes": "",
                "color": "#FFFFFF",
                "fontFamily": "Roboto",
                "fontSize": 13
              },
              "toggleSwitch": {
                "color": {
                  "selected": "",
                  "unselected": ""
                }
              },
              "viewParams": {},
              "viewPath": "",
              "visible": true,
              "width": ""
            },
            {
              "align": "center",
              "boolean": "checkbox",
              "dateFormat": "MM/DD/YYYY",
              "editable": false,
              "field": "EFID",
              "footer": {
                "align": "center",
                "justify": "left",
                "style": {
                  "classes": ""
                },
                "title": ""
              },
              "header": {
                "align": "center",
                "justify": "left",
                "style": {
                  "classes": ""
                },
                "title": ""
              },
              "justify": "auto",
              "number": "value",
              "numberFormat": "0,0.##",
              "progressBar": {
                "bar": {
                  "color": "",
                  "style": {
                    "classes": ""
                  }
                },
                "max": 100,
                "min": 0,
                "track": {
                  "color": "",
                  "style": {
                    "classes": ""
                  }
                },
                "value": {
                  "enabled": true,
                  "format": "0,0.##",
                  "justify": "center",
                  "style": {
                    "classes": ""
                  }
                }
              },
              "render": "auto",
              "resizable": true,
              "sort": "none",
              "sortable": true,
              "strictWidth": false,
              "style": {
                "classes": "",
                "color": "#FFFFFF"
              },
              "toggleSwitch": {
                "color": {
                  "selected": "",
                  "unselected": ""
                }
              },
              "viewParams": {},
              "viewPath": "",
              "visible": false,
              "width": ""
            }
          ],
          "emptyMessage": {
            "noData": {
              "icon": {
                "color": "#FFFFFF",
                "path": "material/360"
              },
              "text": "Esperando datos..",
              "textStyle": {
                "color": "#FFFFFF",
                "fontFamily": "Roboto"
              }
            },
            "style": {
              "backgroundColor": "#454d55"
            }
          },
          "filter": {
            "style": {
              "backgroundColor": "#515151",
              "fontSize": 12
            }
          },
          "headerStyle": {
            "classes": "PopiedadesTabla/Exterran-Style-Table-Header"
          },
          "pager": {
            "bottom": false
          },
          "rows": {
            "height": 21,
            "highlight": {
              "color": "#122E42"
            },
            "striped": {
              "color": {
                "even": "#303030",
                "odd": "#303030"
              }
            },
            "style": {
              "classes": "PopiedadesTabla/Exterran-Style-Table-Rows"
            },
            "subview": {
              "viewPath": "Exterran-Gestión de Eventos/SubViewQuery"
            },
            "subviewExpansionMode": "single"
          },
          "style": {
            "classes": "PopiedadesTabla/Exterran-Style-StyleGeneral"
          }
        },
        "type": "ia.display.table"
      },
      {
        "meta": {
          "name": "Confirmar"
        },
        "position": {
          "height": 35,
          "width": "93%",
          "x": "3%",
          "y": "88%"
        },
        "propConfig": {
          "meta.visible": {
            "binding": {
              "config": {
                "path": "../Button.custom.booleano"
              },
              "type": "property"
            }
          }
        },
        "props": {
          "style": {
            "backgroundColor": "#0c7bb3"
          },
          "text": "Reconociendo...",
          "textStyle": {
            "color": "#FFFFFF",
            "fontFamily": "sans-serif",
            "fontSize": "12px",
            "fontWeight": "bold",
            "textAlign": "center"
          }
        },
        "type": "ia.display.label"
      },
      {
        "events": {
          "dom": {
            "onClick": {
              "config": {
                "script": "\tself.getSibling(\"Table\").custom.distinto \u003d \"(ID\u003c\u003e\u002700000000-0000-0000-0000-000000000000\u0027)\"\n\tself.getSibling(\"Table_aux\").custom.iguale \u003d \"(ID\u003d\u002700000000-0000-0000-0000-000000000000\u0027)\"\n"
              },
              "scope": "G",
              "type": "script"
            }
          }
        },
        "meta": {
          "name": "Delete"
        },
        "position": {
          "height": 50,
          "width": 49,
          "x": "95%",
          "y": "16%"
        },
        "props": {
          "image": {
            "icon": {
              "color": "#FFFFFF",
              "path": "material/delete"
            }
          },
          "style": {
            "backgroundColor": "#00000000",
            "borderBottomStyle": "none",
            "borderLeftStyle": "none",
            "borderRightStyle": "none",
            "borderTopStyle": "none"
          },
          "text": ""
        },
        "type": "ia.input.button"
      },
      {
        "meta": {
          "name": "Label"
        },
        "position": {
          "height": 32.00000000000001,
          "width": 195,
          "x": 800,
          "y": 55
        },
        "props": {
          "textStyle": {
            "color": "#FFFFFF"
          }
        },
        "type": "ia.display.label"
      },
      {
        "meta": {
          "name": "CuadroReconocimiento"
        },
        "position": {
          "height": 25.000000000000004,
          "width": 173,
          "x": 800,
          "y": 22.27
        },
        "props": {
          "style": {
            "borderBottomColor": "#FFFFFF",
            "borderBottomStyle": "solid",
            "borderBottomWidth": 1,
            "borderLeftStyle": "none",
            "borderRightStyle": "none",
            "borderTopStyle": "none"
          },
          "text": "Estado Reconocimiento",
          "textStyle": {
            "color": "#FFFFFF",
            "fontFamily": "sans-serif",
            "fontWeight": "normal",
            "textAlign": "left"
          }
        },
        "type": "ia.display.label"
      }
    ],
    "meta": {
      "name": "root"
    },
    "position": {
      "x": -17.703125,
      "y": 49.828125
    },
    "props": {
      "style": {
        "backgroundColor": "#515151"
      }
    },
    "type": "ia.container.coord"
  }
}