{
  "custom": {},
  "params": {
    "PopUpExport": ""
  },
  "propConfig": {
    "params.PopUpExport": {
      "paramDirection": "input",
      "persistent": true
    }
  },
  "props": {
    "defaultSize": {
      "height": 84,
      "width": 329
    }
  },
  "root": {
    "children": [
      {
        "events": {
          "dom": {
            "onClick": {
              "config": {
                "script": "\t   #Evento en click de boton para imprimir como excel \n\tsystem.perspective.sendMessage(messageType\u003d\u0027botonExcel\u0027,  scope\u003d\u0027page\u0027) #payload\u003d{\u0027datos\u0027:\"datos\" },\n\tsystem.perspective.closePopup(\u0027exportpopup\u0027)"
              },
              "scope": "G",
              "type": "script"
            }
          }
        },
        "meta": {
          "name": "Exportar_CSV"
        },
        "position": {
          "height": 25,
          "width": "30%",
          "x": "15%",
          "y": "50%"
        },
        "props": {
          "style": {
            "backgroundColor": "#228B22",
            "classes": "PropiedadesBotones/PropiedadesBoton"
          },
          "text": "Excel"
        },
        "type": "ia.input.button"
      },
      {
        "events": {
          "dom": {
            "onClick": {
              "config": {
                "script": "\tmessageType \u003d \u0027download-test-data\u0027\n\tsystem.perspective.sendMessage(messageType, scope \u003d \u0027view\u0027) \n\tsystem.perspective.closePopup(\u0027exportpopup\u0027)"
              },
              "scope": "G",
              "type": "script"
            }
          }
        },
        "meta": {
          "name": "Exportar_PDF"
        },
        "position": {
          "height": 25,
          "width": "30%",
          "x": "55%",
          "y": "50%"
        },
        "props": {
          "style": {
            "backgroundColor": "#D41A1A",
            "classes": "PropiedadesBotones/PropiedadesBoton"
          },
          "text": "PDF"
        },
        "type": "ia.input.button"
      },
      {
        "meta": {
          "name": "Label"
        },
        "position": {
          "height": 31,
          "width": 240.00000000000003,
          "x": 49.66,
          "y": 10.39
        },
        "props": {
          "text": "Confirmar descarga de datos...",
          "textStyle": {
            "color": "#FFFFFF",
            "fontFamily": "sans-serif"
          }
        },
        "type": "ia.display.label"
      }
    ],
    "meta": {
      "name": "root",
      "tooltip": {
        "delay": 1500
      }
    },
    "position": {
      "delay": 1500
    },
    "props": {
      "style": {
        "backgroundColor": "#343a40",
        "classes": "Exterran-Style-FondoGeneral"
      }
    },
    "type": "ia.container.coord"
  }
}