{
  "custom": {},
  "params": {
    "rowData": ""
  },
  "propConfig": {
    "params.rowData": {
      "paramDirection": "input",
      "persistent": true
    }
  },
  "props": {
    "defaultSize": {
      "height": 21,
      "width": 50
    }
  },
  "root": {
    "children": [
      {
        "meta": {
          "name": "T_icono_estado_amarillo",
          "visible": false
        },
        "position": {
          "height": 20,
          "width": 20,
          "x": 15,
          "y": 1
        },
        "props": {
          "fit": {
            "mode": "fill"
          },
          "source": "/system/images/Exterran/T_icono_estado_amarillo.png"
        },
        "type": "ia.display.image"
      },
      {
        "meta": {
          "name": "T_icono_estado_gris"
        },
        "position": {
          "height": 20,
          "width": 20,
          "x": "45%",
          "y": 1
        },
        "props": {
          "fit": {
            "mode": "fill"
          },
          "source": "/system/images/Exterran/T_icono_estado_gris.png"
        },
        "type": "ia.display.image"
      },
      {
        "meta": {
          "name": "T_icono_estado_naranja",
          "visible": false
        },
        "position": {
          "height": 20,
          "width": 20,
          "x": 15,
          "y": 1
        },
        "props": {
          "fit": {
            "mode": "fill"
          },
          "source": "/system/images/Exterran/T_icono_estado_naranja.png"
        },
        "type": "ia.display.image"
      },
      {
        "meta": {
          "name": "T_icono_estado_rojo",
          "visible": false
        },
        "position": {
          "height": 20,
          "width": 20,
          "x": "45%",
          "y": 1
        },
        "props": {
          "fit": {
            "mode": "fill"
          },
          "source": "/system/images/Exterran/T_icono_estado_rojo.png"
        },
        "type": "ia.display.image"
      },
      {
        "meta": {
          "name": "T_icono_estado_verde",
          "visible": false
        },
        "position": {
          "height": 20,
          "width": 20,
          "x": "45%",
          "y": 1
        },
        "props": {
          "fit": {
            "mode": "fill"
          },
          "source": "/system/images/Exterran/T_icono_estado_verde.png"
        },
        "type": "ia.display.image"
      }
    ],
    "meta": {
      "name": "root"
    },
    "type": "ia.container.coord"
  }
}