{
  "custom": {},
  "params": {
    "datos": "311102-043",
    "titulo": ""
  },
  "permissions": {
    "securityLevels": [],
    "type": "AllOf"
  },
  "propConfig": {
    "params.datos": {
      "paramDirection": "input",
      "persistent": true
    },
    "params.titulo": {
      "paramDirection": "input",
      "persistent": true
    }
  },
  "props": {
    "defaultSize": {
      "height": 414,
      "width": 1059
    }
  },
  "root": {
    "children": [
      {
        "events": {
          "dom": {
            "onClick": {
              "config": {
                "script": "\tif self.props.selected \u003d\u003d False:\n\t\tself.getSibling(\"Paros\").props.selected \u003d False\n\t\tself.getSibling(\"Paros\").custom.BooleanoTLA\u003d 0\n\t\tself.getSibling(\"Condiciones Inseguras\").props.selected \u003d False\n\t\tself.getSibling(\"Condiciones Inseguras\").custom.BooleanoTLA\u003d 0\n\t\tself.getSibling(\"Alarmas\").props.selected \u003d True\n\t\tself.getSibling(\"Alarmas\").custom.BooleanoTLA\u003d 1\n\t\tself.getSibling(\"Conectividad\").props.selected \u003d False\n\t\tself.getSibling(\"Conectividad\").custom.BooleanoTLA\u003d 0\n\t\tself.getSibling(\"Arranques\").props.selected \u003d False\n\t\tself.getSibling(\"Arranques\").custom.BooleanoTLA \u003d 0\n\telse:\n\t\tself.getSibling(\"Paros\").props.selected \u003d True\n\t\tself.getSibling(\"Paros\").custom.BooleanoTLA \u003d 1\n\t\tself.getSibling(\"Condiciones Inseguras\").props.selected \u003d True\n\t\tself.getSibling(\"Condiciones Inseguras\").custom.BooleanoTLA\u003d 1\n\t\tself.getSibling(\"Alarmas\").props.selected \u003d True\n\t\tself.getSibling(\"Alarmas\").custom.BooleanoTLA\u003d 1\n\t\tself.getSibling(\"Conectividad\").props.selected \u003d True\n\t\tself.getSibling(\"Conectividad\").custom.BooleanoTLA\u003d 1\n\t\tself.getSibling(\"Arranques\").props.selected \u003d True\n\t\tself.getSibling(\"Arranques\").custom.BooleanoTLA \u003d 1"
              },
              "scope": "G",
              "type": "script"
            }
          }
        },
        "meta": {
          "name": "Todas Las Alarmas"
        },
        "position": {
          "height": 40,
          "width": 167.01,
          "x": 9.77,
          "y": 120
        },
        "propConfig": {
          "custom.BooleanoTLA": {
            "binding": {
              "config": {
                "expression": "{../Paros.custom.BooleanoTLA} * {../Condiciones Inseguras.custom.BooleanoTLA}\r\n* {../Alarmas.custom.BooleanoTLA} * {../Conectividad.custom.BooleanoTLA}\r\n"
              },
              "type": "expr"
            }
          },
          "meta.visible": {
            "binding": {
              "config": {
                "path": "../HideButton.custom.booleano"
              },
              "type": "property"
            }
          },
          "props.selected": {
            "binding": {
              "config": {
                "expression": "{../Paros.props.selected} \u0026\u0026 {../Alarmas.props.selected} \u0026\u0026 {../Condiciones Inseguras.props.selected} \u0026\u0026 {../Conectividad.props.selected} \u0026\u0026{../Arranques.props.selected}"
              },
              "type": "expr"
            }
          }
        },
        "props": {
          "style": {
            "color": "#FFFFFF",
            "fontFamily": "sans-serif",
            "fontSize": "14px",
            "fontWeight": "normal",
            "letterSpacing": "1"
          },
          "text": "Todos los Eventos"
        },
        "type": "ia.input.checkbox"
      },
      {
        "custom": {
          "BooleanoTLA": 1
        },
        "events": {
          "dom": {
            "onClick": {
              "config": {
                "script": "\tif self.props.selected \u003d\u003d True:\n\t\tself.custom.BooleanoTLA\u003d 1\n\telse:\n\t\tself.custom.BooleanoTLA\u003d 0"
              },
              "scope": "G",
              "type": "script"
            }
          }
        },
        "meta": {
          "name": "Paros"
        },
        "position": {
          "height": 36.01,
          "width": 83.04,
          "x": 175.26,
          "y": 122
        },
        "propConfig": {
          "meta.visible": {
            "binding": {
              "config": {
                "path": "../HideButton.custom.booleano"
              },
              "type": "property"
            }
          }
        },
        "props": {
          "selected": true,
          "style": {
            "color": "#FFFFFF",
            "fontFamily": "sans-serif",
            "fontSize": "14px",
            "fontWeight": "normal",
            "letterSpacing": "1"
          },
          "text": "Paros"
        },
        "type": "ia.input.checkbox"
      },
      {
        "custom": {
          "BooleanoTLA": 1
        },
        "events": {
          "dom": {
            "onClick": {
              "config": {
                "script": "\tif self.props.selected \u003d\u003d True:\n\t\tself.custom.BooleanoTLA\u003d 1\n\telse:\n\t\tself.custom.BooleanoTLA\u003d 0"
              },
              "scope": "G",
              "type": "script"
            }
          }
        },
        "meta": {
          "name": "Condiciones Inseguras"
        },
        "position": {
          "height": 36.01,
          "width": 198.99,
          "x": 256.21,
          "y": 122
        },
        "propConfig": {
          "meta.visible": {
            "binding": {
              "config": {
                "path": "../HideButton.custom.booleano"
              },
              "type": "property"
            }
          }
        },
        "props": {
          "selected": true,
          "style": {
            "color": "#FFFFFF",
            "fontFamily": "sans-serif",
            "fontSize": "14px",
            "fontWeight": "normal",
            "letterSpacing": "1"
          },
          "text": "Condiciones Inseguras"
        },
        "type": "ia.input.checkbox"
      },
      {
        "custom": {
          "BooleanoTLA": 1
        },
        "events": {
          "dom": {
            "onClick": {
              "config": {
                "script": "\tif self.props.selected \u003d\u003d True:\n\t\tself.custom.BooleanoTLA\u003d 1\n\telse:\n\t\tself.custom.BooleanoTLA\u003d 0"
              },
              "scope": "G",
              "type": "script"
            }
          }
        },
        "meta": {
          "name": "Alarmas"
        },
        "position": {
          "height": 36.01,
          "width": 98.04,
          "x": 459.15,
          "y": 122
        },
        "propConfig": {
          "meta.visible": {
            "binding": {
              "config": {
                "path": "../HideButton.custom.booleano"
              },
              "type": "property"
            }
          }
        },
        "props": {
          "selected": true,
          "style": {
            "color": "#FFFFFF",
            "fontFamily": "sans-serif",
            "fontSize": "14px",
            "fontWeight": "normal",
            "letterSpacing": "1"
          },
          "text": "Alarmas"
        },
        "type": "ia.input.checkbox"
      },
      {
        "custom": {
          "BooleanoTLA": 1
        },
        "events": {
          "dom": {
            "onClick": {
              "config": {
                "script": "\tif self.props.selected \u003d\u003d True:\n\t\tself.custom.BooleanoTLA\u003d 1\n\telse:\n\t\tself.custom.BooleanoTLA\u003d 0"
              },
              "scope": "G",
              "type": "script"
            }
          }
        },
        "meta": {
          "name": "Conectividad"
        },
        "position": {
          "height": 36.01,
          "width": 133.05,
          "x": 672.21,
          "y": 122
        },
        "propConfig": {
          "meta.visible": {
            "binding": {
              "config": {
                "path": "../HideButton.custom.booleano"
              },
              "type": "property"
            }
          }
        },
        "props": {
          "selected": true,
          "style": {
            "color": "#FFFFFF",
            "fontFamily": "sans-serif",
            "fontSize": "14px",
            "fontWeight": "normal",
            "letterSpacing": "1"
          },
          "text": "Conectividad"
        },
        "type": "ia.input.checkbox"
      },
      {
        "custom": {
          "BooleanoTLA": 1
        },
        "events": {
          "dom": {
            "onClick": {
              "config": {
                "script": "\tif self.props.selected \u003d\u003d True:\n\t\tself.custom.BooleanoTLA\u003d 1\n\telse:\n\t\tself.custom.BooleanoTLA\u003d 0"
              },
              "scope": "G",
              "type": "script"
            }
          }
        },
        "meta": {
          "name": "Arranques"
        },
        "position": {
          "height": 36.01,
          "width": 113.97,
          "x": 557.31,
          "y": 122
        },
        "propConfig": {
          "meta.visible": {
            "binding": {
              "config": {
                "path": "../HideButton.custom.booleano"
              },
              "type": "property"
            }
          }
        },
        "props": {
          "selected": true,
          "style": {
            "color": "#FFFFFF",
            "fontFamily": "sans-serif",
            "fontSize": "14px",
            "fontWeight": "normal",
            "letterSpacing": "1"
          },
          "text": "Arranques"
        },
        "type": "ia.input.checkbox"
      },
      {
        "events": {
          "dom": {
            "onClick": {
              "config": {
                "script": "\tself.getSibling(\"HideButton\").custom.booleano \u003d not(self.getSibling(\"HideButton\").custom.booleano)"
              },
              "scope": "G",
              "type": "script"
            }
          }
        },
        "meta": {
          "name": "SubTitulo"
        },
        "position": {
          "height": 32.01,
          "width": 130.02,
          "x": "1%",
          "y": 2
        },
        "props": {
          "text": "Todos los Filtros",
          "textStyle": {
            "classes": "Exterran-Style-TextoFuenteLabel",
            "fontFamily": "sans-serif",
            "fontSize": "14px"
          }
        },
        "type": "ia.display.label"
      },
      {
        "custom": {
          "Booleano": "1"
        },
        "meta": {
          "name": "FechaHora-Hasta"
        },
        "position": {
          "height": 32.01,
          "width": 300.05,
          "x": 400,
          "y": 80
        },
        "propConfig": {
          "custom.auxValue": {
            "binding": {
              "config": {
                "path": "this.props.value"
              },
              "transforms": [
                {
                  "code": "\tif self.props.value is None:\n\t\tself.props.formattedValue \u003d \"\u0027*\u0027\"\n\telse:\n\t\tx \u003d value\n\treturn x",
                  "type": "script"
                }
              ],
              "type": "property"
            }
          },
          "meta.visible": {
            "binding": {
              "config": {
                "path": "../HideButton.custom.booleano"
              },
              "type": "property"
            }
          }
        },
        "props": {
          "format": "DD-MMM-YYYY HH:mm",
          "formattedValue": "20-Jan-2023 15:03",
          "inputProps": {
            "style": {
              "classes": "Exterran-Style-DateInput",
              "fontFamily": "sans-serif",
              "fontSize": 14,
              "textAlign": "start"
            }
          },
          "placeholder": "",
          "value": {
            "$": [
              "ts",
              192,
              1674237837374
            ],
            "$ts": 1674237837374
          }
        },
        "type": "ia.input.date-time-input"
      },
      {
        "custom": {
          "Booleano": false
        },
        "meta": {
          "name": "FechaHora-desde"
        },
        "position": {
          "height": 32.01,
          "width": 300.05,
          "x": 20,
          "y": 80
        },
        "propConfig": {
          "meta.visible": {
            "binding": {
              "config": {
                "path": "../HideButton.custom.booleano"
              },
              "type": "property"
            }
          }
        },
        "props": {
          "format": "DD-MMM-YYYY HH:mm",
          "formattedValue": "20-Jan-2023 14:33",
          "inputProps": {
            "style": {
              "classes": "Exterran-Style-DateInput",
              "fontFamily": "sans-serif",
              "fontSize": 14,
              "textAlign": "start"
            }
          },
          "placeholder": "Ingrese Fecha inicial",
          "value": {
            "$": [
              "ts",
              192,
              1674237837374
            ],
            "$ts": 1674236037374
          }
        },
        "type": "ia.input.date-time-input"
      },
      {
        "events": {
          "dom": {
            "onClick": {
              "config": {
                "script": "\t\n\tself.getSibling(\"Paros\").props.selected \u003d True\n\tself.getSibling(\"Paros\").custom.BooleanoTLA\u003d 1\n\tself.getSibling(\"Condiciones Inseguras\").props.selected \u003d True\n\tself.getSibling(\"Condiciones Inseguras\").custom.BooleanoTLA\u003d 1\n\tself.getSibling(\"Alarmas\").props.selected \u003d True\n\tself.getSibling(\"Alarmas\").custom.BooleanoTLA\u003d 1\n\tself.getSibling(\"Conectividad\").props.selected \u003d True\n\tself.getSibling(\"Conectividad\").custom.BooleanoTLA\u003d 1\n\tself.getSibling(\"Arranques\").props.selected \u003d True\n\tself.getSibling(\"Arranques\").custom.BooleanoTLA \u003d 1\n\t\n\tself.getSibling(\"IniciarBusqueda\").custom.endTime \u003d \"*\"\n\tself.getSibling(\"IniciarBusqueda\").custom.stTime \u003d \"*-30m\"\n\tself.getSibling(\"FechaHora-Hasta\").props.value \u003d system.date.now()\n\tself.getSibling(\"FechaHora-desde\").props.value \u003d system.date.addMinutes(system.date.now(), -30)\n\tself.getSibling(\"Todas Las Alarmas\").props.selected \u003d True"
              },
              "scope": "G",
              "type": "script"
            }
          }
        },
        "meta": {
          "name": "ReiniciarFiltros"
        },
        "position": {
          "height": 31.02,
          "width": 130.02,
          "x": 900,
          "y": 80
        },
        "propConfig": {
          "meta.visible": {
            "binding": {
              "config": {
                "path": "../HideButton.custom.booleano"
              },
              "type": "property"
            }
          }
        },
        "props": {
          "style": {
            "backgroundColor": "#f39c12"
          },
          "text": "Reiniciar filtros",
          "textStyle": {
            "fontFamily": "sans-serif",
            "fontSize": 13
          }
        },
        "type": "ia.input.button"
      },
      {
        "custom": {
          "endTime": "*",
          "offset": 3,
          "stTime": "*-30m"
        },
        "events": {
          "dom": {
            "onClick": {
              "config": {
                "script": "#\tactual \u003d system.date.now() \n#\toffset\u003d  system.date.getTimezoneOffset()\n\tself.props.style.backgroundColor \u003d \u0027grey\u0027\n\tif self.getSibling(\"FechaHora-desde\").props.formattedValue is None:\n\t\tastTime \u003d \"\u0027*-30m\u0027\"\n\telse:\n\t\t#astTime \u003d self.getSibling(\"FechaHora-desde\").props.formattedValue\n\t\tvValue \u003d self.getSibling(\"FechaHora-desde\").props.value\n\t\taux \u003d system.date.addHours(vValue, -1*int(system.date.getTimezoneRawOffset()))\n\t\taux2 \u003d system.date.addHours(system.date.parse(aux), int(system.date.getTimezoneRawOffset())) #que hora es en el server fValue\n\t\tastTime \u003d system.db.dateFormat(aux2, \"yyyy-MM-dd HH:mm:ss\")\n\n\tif self.getSibling(\"FechaHora-Hasta\").props.formattedValue is None:\n\t\t\taendTime \u003d \"\u0027*\u0027\"\n\telse:\n\t\t#fValue \u003d self.getSibling(\"FechaHora-Hasta\").props.formattedValue\n\t\tvValue \u003d self.getSibling(\"FechaHora-Hasta\").props.value\n\t\taux \u003d system.date.addHours(vValue, -1*int(system.date.getTimezoneRawOffset()))\n\t\taux2 \u003d system.date.addHours(system.date.parse(aux), int(system.date.getTimezoneRawOffset())) #que hora es en el server fValue\n\t\taendTime \u003d system.db.dateFormat(aux2, \"YYYY-MM-dd HH:mm:ss\")\n\n\t#self.custom.offset \u003d system.date.getTimezoneOffset() #las horas de diferencia a UTC\n\n\tself.custom.stTime \u003d astTime\n\tself.custom.endTime \u003d aendTime\n\t\n\tvVal \u003d system.date.parse(system.db.dateFormat(self.getSibling(\"FechaHora-desde\").props.value, \"dd-MMM-yyyy HH:mm\"), \"dd-MMM-yyyy HH:mm\")\n\taux \u003d system.date.parse(self.getSibling(\"FechaHora-desde\").props.formattedValue, \"dd-MMM-yyyy HH:mm\")\n\tsystem.perspective.print(\"OFFSET\u003d\" + str(system.date.hoursBetween(vVal, aux)))\n\tself.custom.offset \u003d system.date.hoursBetween(vVal, aux)\n\t\n\tfechaHasta \u003d self.getSibling(\"FechaHora-Hasta\").props.value\n\tfechaDesde \u003d self.getSibling(\"FechaHora-desde\").props.value"
              },
              "scope": "G",
              "type": "script"
            }
          }
        },
        "meta": {
          "name": "IniciarBusqueda"
        },
        "position": {
          "height": 31.02,
          "rotate": {
            "anchor": "75% 89%"
          },
          "width": 130.02,
          "x": 750,
          "y": 80
        },
        "propConfig": {
          "meta.visible": {
            "binding": {
              "config": {
                "path": "../HideButton.custom.booleano"
              },
              "type": "property"
            }
          }
        },
        "props": {
          "style": {
            "backgroundColor": "#00bc8c"
          },
          "text": "Iniciar Búsqueda",
          "textStyle": {
            "fontFamily": "sans-serif",
            "fontSize": 13
          }
        },
        "type": "ia.input.button"
      },
      {
        "meta": {
          "name": "Fecha-DesdeHasta"
        },
        "position": {
          "height": 32.000000000000014,
          "width": 295,
          "x": 20,
          "y": 40
        },
        "props": {
          "text": "Fecha: Desde/Hasta",
          "textStyle": {
            "classes": "Exterran-Style-TextoFuenteLabel PopiedadesTabla/Exterran-Style-Label-BOLD",
            "color": "#FFFFFF",
            "fontFamily": "sans-serif",
            "fontSize": "14px"
          }
        },
        "type": "ia.display.label"
      },
      {
        "meta": {
          "name": "Hora-DesdeHasta"
        },
        "position": {
          "height": 32,
          "width": 298,
          "x": 400,
          "y": 40
        },
        "props": {
          "text": "Hora: Desde/Hasta",
          "textStyle": {
            "classes": "Exterran-Style-TextoFuenteLabel PopiedadesTabla/Exterran-Style-Label-BOLD",
            "color": "#FFFFFF",
            "fontFamily": "sans-serif",
            "fontSize": 14
          }
        },
        "type": "ia.display.label"
      },
      {
        "custom": {
          "ACTIVO": "em.Path LIKE \u0027\\%\u0027",
          "DISTRITO": "em.Path LIKE \u0027\\%\u0027",
          "LEVELVAR": 0,
          "LOCACION": "em.Path LIKE \u0027\\%\u0027",
          "PAIS": "em.Path LIKE \u0027\\%\u0027",
          "REGION": "em.Path LIKE \u0027\\%\u0027",
          "YACIMIENTO": "em.Path LIKE \u0027\\%\u0027"
        },
        "events": {
          "component": {
            "onRowClick": {
              "config": {
                "script": "\tif self.props.selection.selectedColumn \u003d\u003d \u0027ACTIVO\u0027:\n\t\tsystem.perspective.navigate(\u0027/ResumenActivo\u0027, newTab\u003dTrue)"
              },
              "scope": "G",
              "type": "script"
            }
          }
        },
        "meta": {
          "name": "Table"
        },
        "position": {
          "width": "97%",
          "x": "1%"
        },
        "propConfig": {
          "custom.ActivoDetalle": {
            "binding": {
              "config": {
                "path": "this.props.selection.data"
              },
              "type": "property"
            }
          },
          "custom.PopUp_ElementID": {
            "binding": {
              "config": {
                "path": "../Table.props.selection.data[0].ElementID"
              },
              "type": "property"
            }
          },
          "position.height": {
            "binding": {
              "config": {
                "path": "page.props.dimensions.primaryView.height"
              },
              "transforms": [
                {
                  "code": "\treturn value - self.position.y",
                  "type": "script"
                }
              ],
              "type": "property"
            }
          },
          "position.y": {
            "binding": {
              "config": {
                "path": "../HideButton.custom.booleano"
              },
              "transforms": [
                {
                  "code": "\tif self.getSibling(\"HideButton\").custom.booleano \u003d\u003d 1:\n\t\tx \u003d 170\n\telse:\n\t\tx \u003d 45\n\tself.position.height \u003d self.page.props.dimensions.primaryView.height - x\n\t\n\treturn x",
                  "type": "script"
                }
              ],
              "type": "property"
            }
          },
          "props.data": {
            "binding": {
              "config": {
                "designerUseLimit": false,
                "enableValueCache": false,
                "parameters": {
                  "Activo": "{view.params.datos}",
                  "CHKBX_varAlrms": "{../Alarmas.custom.BooleanoTLA}",
                  "CHKBX_varCINS": "{../Condiciones Inseguras.custom.BooleanoTLA}",
                  "CHKBX_varCtvd": "{../Conectividad.custom.BooleanoTLA}",
                  "CHKBX_varParo": "{../Paros.custom.BooleanoTLA}",
                  "endTime": "{../IniciarBusqueda.custom.endTime}",
                  "stTime": "{../IniciarBusqueda.custom.stTime}"
                },
                "queryPath": "Queries Tablas/SUB-QueryHistEF",
                "returnFormat": "json"
              },
              "transforms": [
                {
                  "code": "\ttry:\n\t\tself.getSibling(\"IniciarBusqueda\").props.style.backgroundColor \u003d \u0027#00bc8c\u0027\n\t\treturn value\n\texcept:\n\t\tself.getSibling(\"IniciarBusqueda\").props.style.backgroundColor \u003d \u0027#00bc8c\u0027\n\t\treturn \" \"",
                  "type": "script"
                }
              ],
              "type": "query"
            }
          }
        },
        "props": {
          "bodyStyle": {
            "classes": "PopiedadesTabla/Exterran-Style-Table-bodyStyle"
          },
          "cells": {
            "allowEditOn": "long-press"
          },
          "columns": [
            {
              "align": "center",
              "boolean": "checkbox",
              "dateFormat": "MM/DD/YYYY",
              "editable": false,
              "field": "EVENTO",
              "footer": {
                "align": "center",
                "justify": "left",
                "style": {
                  "classes": ""
                },
                "title": ""
              },
              "header": {
                "align": "center",
                "justify": "center",
                "style": {
                  "classes": ""
                },
                "title": "Evento"
              },
              "justify": "center",
              "number": "value",
              "numberFormat": "0,0.##",
              "progressBar": {
                "bar": {
                  "color": "",
                  "style": {
                    "classes": ""
                  }
                },
                "max": 100,
                "min": 0,
                "track": {
                  "color": "",
                  "style": {
                    "classes": ""
                  }
                },
                "value": {
                  "enabled": true,
                  "format": "0,0.##",
                  "justify": "center",
                  "style": {
                    "classes": ""
                  }
                }
              },
              "render": "view",
              "resizable": true,
              "sort": "none",
              "sortable": true,
              "strictWidth": false,
              "style": {
                "classes": "",
                "color": "#FFFFFF",
                "fontFamily": "Roboto"
              },
              "toggleSwitch": {
                "color": {
                  "selected": "",
                  "unselected": ""
                }
              },
              "viewParams": {},
              "viewPath": "Exterran-HistoricoEventos/EstadoIconT",
              "visible": true,
              "width": 15
            },
            {
              "align": "center",
              "boolean": "checkbox",
              "dateFormat": "MM/DD/YYYY",
              "editable": false,
              "field": "DESCRIPCION",
              "footer": {
                "align": "center",
                "justify": "left",
                "style": {
                  "classes": ""
                },
                "title": ""
              },
              "header": {
                "align": "center",
                "justify": "left",
                "style": {
                  "classes": ""
                },
                "title": "Descripcion"
              },
              "justify": "left",
              "number": "value",
              "numberFormat": "0,0.##",
              "progressBar": {
                "bar": {
                  "color": "",
                  "style": {
                    "classes": ""
                  }
                },
                "max": 100,
                "min": 0,
                "track": {
                  "color": "",
                  "style": {
                    "classes": ""
                  }
                },
                "value": {
                  "enabled": true,
                  "format": "0,0.##",
                  "justify": "center",
                  "style": {
                    "classes": ""
                  }
                }
              },
              "render": "auto",
              "resizable": true,
              "sort": "none",
              "sortable": true,
              "strictWidth": false,
              "style": {
                "classes": "",
                "color": "#FFFFFF",
                "fontFamily": "Roboto"
              },
              "toggleSwitch": {
                "color": {
                  "selected": "",
                  "unselected": ""
                }
              },
              "viewParams": {},
              "viewPath": "",
              "visible": true,
              "width": 15
            },
            {
              "align": "center",
              "boolean": "checkbox",
              "dateFormat": "MM/DD/YYYY HH:mm:ss",
              "editable": false,
              "field": "TSS",
              "footer": {
                "align": "center",
                "justify": "left",
                "style": {
                  "classes": ""
                },
                "title": ""
              },
              "header": {
                "align": "center",
                "justify": "center",
                "style": {
                  "classes": ""
                },
                "title": "Fecha/Hora"
              },
              "justify": "center",
              "number": "value",
              "numberFormat": "0,0.##",
              "progressBar": {
                "bar": {
                  "color": "",
                  "style": {
                    "classes": ""
                  }
                },
                "max": 100,
                "min": 0,
                "track": {
                  "color": "",
                  "style": {
                    "classes": ""
                  }
                },
                "value": {
                  "enabled": true,
                  "format": "0,0.##",
                  "justify": "center",
                  "style": {
                    "classes": ""
                  }
                }
              },
              "render": "date",
              "resizable": true,
              "sort": "none",
              "sortable": true,
              "strictWidth": false,
              "style": {
                "classes": "",
                "color": "#FFFFFF",
                "fontFamily": "Roboto"
              },
              "toggleSwitch": {
                "color": {
                  "selected": "",
                  "unselected": ""
                }
              },
              "viewParams": {},
              "viewPath": "",
              "visible": true,
              "width": 50
            }
          ],
          "dragOrderable": false,
          "emptyMessage": {
            "noData": {
              "icon": {
                "color": "#FFFFFF",
                "path": "material/360",
                "style": {
                  "backgroundColor": "#303030"
                }
              },
              "text": "Esperando datos...",
              "textStyle": {
                "color": "#FFFFFF",
                "fontFamily": "Roboto",
                "fontSize": 20
              }
            },
            "style": {
              "classes": "PopiedadesTabla/Exterran-Style-EmpityMessagebackground"
            }
          },
          "filter": {
            "style": {
              "classes": "PopiedadesTabla/Exterran-Style-Table-Filter"
            }
          },
          "headerStyle": {
            "classes": "PopiedadesTabla/Exterran-Style-Table-Header"
          },
          "pager": {
            "bottom": false,
            "initialOption": 0,
            "options": [
              30,
              50,
              100,
              150,
              300
            ],
            "style": {
              "classes": "PopiedadesTabla/Exterran-Style-Table-Pager"
            }
          },
          "rows": {
            "height": 30,
            "highlight": {
              "color": "#122E42"
            },
            "striped": {
              "enabled": false
            },
            "style": {
              "classes": "PopiedadesTabla/Exterran-Style-Table-Rows"
            }
          },
          "selection": {
            "enableColumnSelection": true
          },
          "style": {
            "classes": "PopiedadesTabla/Exterran-Style-StyleGeneral"
          }
        },
        "scripts": {
          "customMethods": [],
          "extensionFunctions": null,
          "messageHandlers": [
            {
              "messageType": "mensajito",
              "pageScope": true,
              "script": "\tself.custom.REGION \u003d payload[\"regionSes\"]\n\tself.custom.PAIS \u003d payload[\"paisSes\"]\n\tself.custom.DISTRITO \u003d payload[\"distritoSes\"]\n\tself.custom.YACIMIENTO \u003d payload[\"yacimientoSes\"]\n\tself.custom.LOCACION \u003d payload[\"locacionSes\"]\n\tself.custom.ACTIVO \u003d payload[\"activoSes\"]\n\tself.custom.LEVELVAR \u003d payload[\"levelvarSes\"]\n\t#payload\u003d{\u0027regionSes\u0027\u0027paisSes\u0027\u0027distritoSes\u0027\u0027yacimientoSes\u0027\u0027locacionSes\u0027\u0027activoSes\u0027\n\t#\u0027levelSes\u0027}, scope\u003d\u0027page\u0027)",
              "sessionScope": false,
              "viewScope": false
            },
            {
              "messageType": "botonExcel",
              "pageScope": true,
              "script": "\n #codigo viejo: utiliza la table.data en formato dataset\n#\tdatos \u003d system.dataset.toPyDataSet(self.props.data) #datos tabla es un label que contiene el value [dataset] de la tabla \n#\texcel \u003d system.dataset.toCSV(datos)\n#\tfilename\u003d \u0027Historico de Eventos.csv\u0027\n#\tsystem.perspective.download(filename,excel) \n\t#list \u003d self.getSibling(\"Table\").custom.dataexcel \n\t\t\n\t\t\n\t#Codigo nuevo: separa correctamente las columnas pero usa la table.data en formato JSON\n\tdef jsonToDataset(list):\n\t\tcolumns \u003d [\u0027REGION\u0027,\u0027PAIS\u0027,\u0027DISTRITO\u0027,\u0027YACIMIENTO\u0027,\u0027LOCACION\u0027,\u0027ACTIVO\u0027,\u0027EVENTO\u0027, \u0027DESCRIPCION\u0027, \u0027TSS\u0027,\u0027EFID\u0027] #dict(list[0]).keys()\n\t\tdata \u003d []\n\t\tfor item in list:\n\t\t\trow \u003d []\n\t\t\tfor column in columns:\n\t\t\t\tcellValue \u003d item.get(column, \u0027\u0027)\n\t\t\t\ttry:\n\t\t\t\t\tdict(cellValue)\n\t\t\t\t\tcellValue \u003d cellValue[\u0027value\u0027]\n\t\t\t\texcept:\n\t\t\t\t\tpass\n\t\t\t\trow.append(cellValue)\n\t\t\tdata.append(row)\n\t\t\tsystem.perspective.print(str(\u0027COLUMNAS\u0027) + \u0027 \u0027 + str(columns))\n\t\treturn system.dataset.toDataSet(columns, data)\n\t\n\tjson \u003d self.getSibling(\"Table\").props.data\n\tdata \u003d jsonToDataset(json)\n\tExcel_xlsx \u003d system.dataset.toExcel(True,[data])\n\tsystem.perspective.download(\"Historico de Eventos.xlsx\",Excel_xlsx) ",
              "sessionScope": false,
              "viewScope": false
            }
          ]
        },
        "type": "ia.display.table"
      },
      {
        "custom": {
          "booleano": true
        },
        "events": {
          "dom": {
            "onClick": {
              "config": {
                "script": "\tself.custom.booleano \u003d not(self.custom.booleano)"
              },
              "scope": "G",
              "type": "script"
            }
          }
        },
        "meta": {
          "name": "HideButton"
        },
        "position": {
          "height": 15.97,
          "width": 18.03,
          "x": 142,
          "y": 9
        },
        "props": {
          "fit": {
            "mode": "fill"
          },
          "source": "/system/images/sample-images/LogosEXTERRAN/Todo Los FIltros.png",
          "style": {
            "cursor": "pointer"
          }
        },
        "type": "ia.display.image"
      }
    ],
    "events": {
      "system": {
        "onStartup": {
          "config": {
            "script": "\tself.getChild(\"Paros\").props.selected \u003d True\n\tself.getChild(\"Paros\").custom.BooleanoTLA\u003d 1\n\tself.getChild(\"Condiciones Inseguras\").props.selected \u003d True\n\tself.getChild(\"Condiciones Inseguras\").custom.BooleanoTLA\u003d 1\n\tself.getChild(\"Alarmas\").props.selected \u003d True\n\tself.getChild(\"Alarmas\").custom.BooleanoTLA\u003d 1\n\tself.getChild(\"Conectividad\").props.selected \u003d True\n\tself.getChild(\"Conectividad\").custom.BooleanoTLA\u003d 1\n\tself.getChild(\"Arranques\").props.selected \u003d True\n\tself.getChild(\"Arranques\").custom.BooleanoTLA \u003d 1\n\t\n\tself.getChild(\"IniciarBusqueda\").custom.endTime \u003d \"*\"\n\tself.getChild(\"IniciarBusqueda\").custom.stTime \u003d \"*-30m\"\n\tself.getChild(\"FechaHora-Hasta\").props.value \u003d system.date.now()\n\tself.getChild(\"FechaHora-desde\").props.value \u003d system.date.addMinutes(system.date.now(), -30)\n\tself.getChild(\"Todas Las Alarmas\").props.selected \u003d True\n\t\n\tsystem.perspective.sendMessage(messageType\u003d\u0027mensajitodock\u0027, payload\u003d{\u0027mensajitodock\u0027:self.view.params.datos}, scope\u003d\u0027page\u0027)\n\tsystem.perspective.sendMessage(messageType\u003d\u0027mensajitotitulo\u0027, payload\u003d{\u0027mensajitotitulo\u0027:self.view.params.titulo}, scope\u003d\u0027page\u0027)"
          },
          "scope": "G",
          "type": "script"
        }
      }
    },
    "meta": {
      "name": "root"
    },
    "position": {
      "x": -352.734375,
      "y": -412
    },
    "props": {
      "style": {
        "backgroundColor": "#454d55",
        "classes": "Exterran-Style-FondoGeneral"
      }
    },
    "type": "ia.container.coord"
  }
}