{
  "custom": {},
  "params": {},
  "props": {
    "defaultSize": {
      "height": 398,
      "width": 233
    }
  },
  "root": {
    "children": [
      {
        "events": {
          "dom": {
            "onClick": {
              "config": {
                "draggable": false,
                "id": "AtJ6wWnx",
                "modal": true,
                "overlayDismiss": true,
                "position": {
                  "relativeLocation": "bottom-left"
                },
                "positionType": "relative",
                "resizable": false,
                "showCloseIcon": false,
                "type": "toggle",
                "viewPath": "Docks/User_view",
                "viewportBound": false
              },
              "scope": "C",
              "type": "popup"
            }
          }
        },
        "meta": {
          "name": "UserImage"
        },
        "position": {
          "height": 35.01,
          "width": 40.01,
          "x": 3.18,
          "y": 3.85
        },
        "props": {
          "fit": {
            "mode": "fill"
          },
          "source": "/system/images/icono user.png"
        },
        "type": "ia.display.image"
      },
      {
        "events": {
          "dom": {
            "onClick": {
              "config": {
                "draggable": true,
                "id": "exportpopup",
                "modal": true,
                "overlayDismiss": true,
                "resizable": false,
                "showCloseIcon": true,
                "title": "¿Descargar datos de tabla?",
                "type": "open",
                "viewPath": "Docks/PopUpExport",
                "viewportBound": false
              },
              "scope": "C",
              "type": "popup"
            }
          }
        },
        "meta": {
          "name": "ExportImage"
        },
        "position": {
          "height": 32,
          "rotate": {
            "anchor": "25% 50%"
          },
          "width": 30,
          "x": 7.37,
          "y": 45.76
        },
        "props": {
          "fit": {
            "mode": "fill"
          },
          "source": "/system/images/download-pdf-icon-white.png"
        },
        "type": "ia.display.image"
      },
      {
        "meta": {
          "name": "LabelUser"
        },
        "position": {
          "height": 32,
          "width": 173.01,
          "x": 51.89,
          "y": 7.72
        },
        "props": {
          "text": "Opciones de Usuario",
          "textStyle": {
            "color": "#EEEEEE",
            "fontFamily": "sans-serif"
          }
        },
        "type": "ia.display.label"
      },
      {
        "meta": {
          "name": "LabelExport"
        },
        "position": {
          "height": 32,
          "rotate": {
            "anchor": "25% 50%"
          },
          "width": 170.74,
          "x": 51.89,
          "y": 46.51
        },
        "props": {
          "text": "Exportar datos",
          "textStyle": {
            "color": "#EEEEEE",
            "fontFamily": "sans-serif"
          }
        },
        "type": "ia.display.label"
      }
    ],
    "meta": {
      "name": "root"
    },
    "props": {
      "style": {
        "backgroundColor": "#343a40"
      }
    },
    "type": "ia.container.coord"
  }
}