{
  "base": {
    "style": {
      "backgroundColor": "#001f3f",
      "borderBottomColor": "#FFFFFF",
      "borderBottomStyle": "solid",
      "borderBottomWidth": "1px",
      "borderLeftColor": "#303030",
      "borderLeftStyle": "none",
      "borderLeftWidth": "1px",
      "borderRightColor": "#303030",
      "borderRightStyle": "none",
      "borderRightWidth": "1px",
      "borderTopColor": "#FFFFFF",
      "borderTopStyle": "none",
      "borderTopWidth": "1px",
      "color": "#FFFFFF",
      "fontFamily": "Arial",
      "fontSize": "16px"
    }
  }
}