{
  "custom": {},
  "params": {
    "Datos": [
      [
        {
          "style": {
            "backgroundColor": "#00FF00"
          },
          "value": "72807-043 Cutral-Co"
        },
        {
          "style": {
            "backgroundColor": "#EF0922"
          },
          "value": "72807-043 Cutral-Co"
        }
      ]
    ],
    "Location": "",
    "ancho": 205,
    "pieChartDistritos": [
      {
        "estado": "Marcha",
        "value": 1
      },
      {
        "estado": "Parada",
        "value": 1
      },
      {
        "estado": "Incierto",
        "value": 1
      }
    ]
  },
  "propConfig": {
    "params.Datos": {
      "paramDirection": "input",
      "persistent": true
    },
    "params.Location": {
      "paramDirection": "input",
      "persistent": true
    },
    "params.ancho": {
      "paramDirection": "input",
      "persistent": true
    },
    "params.pieChartDistritos": {
      "paramDirection": "input",
      "persistent": true
    },
    "props.defaultSize.height": {
      "binding": {
        "config": {
          "path": "page.props.dimensions.viewport.height"
        },
        "transforms": [
          {
            "code": "\treturn value-100",
            "type": "script"
          }
        ],
        "type": "property"
      }
    },
    "props.defaultSize.width": {
      "binding": {
        "config": {
          "path": "view.params.ancho"
        },
        "type": "property"
      }
    }
  },
  "props": {
    "defaultSize": {}
  },
  "root": {
    "children": [
      {
        "events": {
          "component": {
            "onRowDoubleClick": {
              "config": {
                "script": "\n\tx \u003d str(self.custom.activo)\n\tquery \u003d str(\u0027em.Name LIKE\u0027)+str(\u0027 \u0027)+ str(\"\u0027\")+ str(x) +str(\"\u0027\")+str(\u0027 \u0027)+ str(\"OR replace(SUBSTRING( em.Path,INSTR(em.Path,\u0027\u0027,1,6)+1, Abs(INSTR(em.Path,\u0027\u0027,1,7)-INSTR(em.Path,\u0027\u0027,1,6))) ,\u0027\u0027,\u0027\u0027 ) \u003d \")+ str(\"\u0027\")+str(x)+str(\"\u0027\")\n\tsystem.perspective.navigate(\u0027/EventosResumenDeFlota/\u0027+ query , newTab\u003dTrue)\n\n#este nombre es para poder bindearlo al label que esta en el dock. LLega como ViewParam al dock\n\t#x \u003d str(self.custom.activo)\n\t#y \u003d str(\u0027Resumen de Activo\u0027)\n\t#system.perspective.navigate(\u0027/ResumenActivo/\u0027+ x +\u0027/\u0027+y, newTab\u003dTrue)"
              },
              "scope": "G",
              "type": "script"
            }
          },
          "dom": {
            "onKeyPress": {
              "config": {
                "script": "\tif KeyboardEvent.ctrlKey \u003d\u003d True: \n\t\tx \u003d str(self.custom.activo)\n\t\tquery \u003d str(\u0027em.Name LIKE\u0027)+str(\u0027 \u0027)+ str(\"\u0027\")+ str(x) +str(\"\u0027\")+str(\u0027 \u0027)+ str(\"OR replace(SUBSTRING( em.Path,INSTR(em.Path,\u0027\u0027,1,6)+1, Abs(INSTR(em.Path,\u0027\u0027,1,7)-INSTR(em.Path,\u0027\u0027,1,6))) ,\u0027\u0027,\u0027\u0027 ) \u003d \")+ str(\"\u0027\")+str(x)+str(\"\u0027\")\n\t\tsystem.perspective.navigate(\u0027/EventosResumenDeFlota/\u0027+ query , newTab\u003dTrue)"
              },
              "scope": "G",
              "type": "script"
            }
          }
        },
        "meta": {
          "name": "Table"
        },
        "position": {
          "height": "72%",
          "width": "100%",
          "y": "25%"
        },
        "propConfig": {
          "custom.activo": {
            "binding": {
              "config": {
                "path": "../Table.props.selection.data[0]"
              },
              "transforms": [
                {
                  "code": "\t#value \u003d \u0027{\"value2\":\"13235-043 LLL 11\"}\u0027\n\t#for i in len((range(value))\n\t#\tsystem.perspective.print(str(i))\n\ttext\u003dstr(value)\n\tpos\u003dtext.find(\":\")\n\tif \"value\" in text:\n\t\t#ini\u003dlen(\"value++++++\")\n\t\tactivo\u003dtext[pos:22]\n\telse:\n\t\tactivo\u003dtext[pos:22]\n\tnumbers \u003d \"\"\n\tfor char in activo:\n\t    if char.isdigit() or char \u003d\u003d \"-\":\n\t        numbers +\u003d char\t\n\treturn numbers",
                  "type": "script"
                }
              ],
              "type": "property"
            }
          },
          "meta.visible": {
            "binding": {
              "config": {
                "path": "this.props.data"
              },
              "transforms": [
                {
                  "code": "\ttry:\n\t\tx \u003d 2/len(value)\n\t\ty \u003d True\n\texcept: \n\t\ty \u003d False\n\treturn y",
                  "type": "script"
                }
              ],
              "type": "property"
            }
          },
          "props.data": {
            "binding": {
              "config": {
                "path": "view.params.Datos"
              },
              "type": "property"
            }
          }
        },
        "props": {
          "bodyStyle": {
            "backgroundColor": "#454d55"
          },
          "cells": {
            "style": {
              "backgroundColor": "#D90000",
              "color": "#000000",
              "textAlign": "center"
            }
          },
          "enableHeader": false,
          "pager": {
            "bottom": false
          },
          "selection": {
            "enableColumnSelection": true,
            "style": {
              "overflow": "hidden",
              "overflowX": "hidden",
              "overflowY": "hidden",
              "textAlign": "center"
            }
          }
        },
        "type": "ia.display.table"
      },
      {
        "meta": {
          "name": "fondogris"
        },
        "position": {
          "height": "5%",
          "width": "100%",
          "y": "20%"
        },
        "props": {
          "style": {
            "backgroundColor": "#696969",
            "borderColor": "#003000",
            "borderStyle": "solid",
            "borderWidth": 1,
            "color": "#FFFFFF",
            "fontFamily": "Roboto"
          },
          "textStyle": {
            "fontFamily": "Roboto"
          }
        },
        "type": "ia.display.label"
      },
      {
        "meta": {
          "name": "Label"
        },
        "position": {
          "height": "5%",
          "width": "100%",
          "x": "0%",
          "y": "20%"
        },
        "propConfig": {
          "props.text": {
            "binding": {
              "config": {
                "path": "view.params.Location"
              },
              "type": "property"
            }
          }
        },
        "props": {
          "style": {
            "color": "#ffffff",
            "fontFamily": "Roboto",
            "fontWeight": "bold"
          },
          "textStyle": {
            "textAlign": "center"
          }
        },
        "type": "ia.display.label"
      },
      {
        "children": [
          {
            "meta": {
              "name": "Gauge"
            },
            "position": {
              "height": "95%",
              "width": "60%",
              "x": "0%",
              "y": "0%"
            },
            "props": {
              "backgroundColor": "",
              "innerAxis": {
                "data": "secondaryValue",
                "maxValue": 80,
                "percentRadius": 85,
                "show": false,
                "width": 1
              },
              "outerAxis": {
                "data": "value",
                "percentRadius": 100,
                "ranges": [
                  {
                    "color": "#ff0000",
                    "end": 33,
                    "start": 0,
                    "width": 20
                  },
                  {
                    "color": "#ffc000",
                    "end": 66,
                    "start": 33,
                    "width": 20
                  },
                  {
                    "color": "#00b050",
                    "end": 100,
                    "start": 66,
                    "width": 20
                  }
                ],
                "show": true,
                "tickMarks": {
                  "color": "#C0C0C000",
                  "thickness": 0
                },
                "width": 1
              },
              "style": {
                "borderBottomColor": "#747474",
                "borderBottomStyle": "solid",
                "borderBottomWidth": 1,
                "borderLeftColor": "#747474",
                "borderLeftStyle": "solid",
                "borderLeftWidth": 1,
                "borderRightColor": "#747474",
                "borderRightStyle": "solid",
                "borderRightWidth": 1,
                "borderTopColor": "#747474",
                "borderTopStyle": "solid",
                "borderTopWidth": 1,
                "classes": []
              },
              "value": 76
            },
            "type": "ia.chart.gauge"
          },
          {
            "meta": {
              "name": "PieChart"
            },
            "position": {
              "height": "95%",
              "width": "38%",
              "x": "61%",
              "y": "0%"
            },
            "propConfig": {
              "props.data": {
                "binding": {
                  "config": {
                    "path": "view.params.pieChartDistritos"
                  },
                  "type": "property"
                }
              }
            },
            "props": {
              "colors": [
                "green",
                "red",
                "grey"
              ],
              "labels": {
                "align": false,
                "showName": false,
                "showValue": false
              },
              "legend": {
                "fontSize": 10,
                "icon": {
                  "enabled": false,
                  "height": 2,
                  "width": 2
                },
                "position": "top"
              },
              "showLegend": false,
              "style": {
                "borderBottomColor": "#747474",
                "borderBottomStyle": "solid",
                "borderBottomWidth": 1,
                "borderLeftColor": "#747474",
                "borderLeftStyle": "solid",
                "borderLeftWidth": 1,
                "borderRightColor": "#747474",
                "borderRightStyle": "solid",
                "borderRightWidth": 1,
                "borderTopColor": "#747474",
                "borderTopStyle": "solid",
                "borderTopWidth": 1
              }
            },
            "type": "ia.chart.pie"
          }
        ],
        "meta": {
          "name": "CoordinateContainer_GRAFICOS",
          "tooltip": {
            "text": "Estado de los Activos"
          }
        },
        "position": {
          "height": "20%",
          "width": "100%",
          "x": "0%",
          "y": "0%"
        },
        "props": {
          "style": {
            "backgroundColor": "#595959"
          }
        },
        "type": "ia.container.coord"
      },
      {
        "meta": {
          "name": "TEST",
          "visible": false
        },
        "position": {
          "height": 27,
          "width": 94,
          "x": 3
        },
        "propConfig": {
          "props.text": {
            "binding": {
              "config": {
                "path": "../Table.custom.activo"
              },
              "type": "property"
            }
          }
        },
        "props": {
          "textStyle": {
            "color": "#FFFFFF"
          }
        },
        "type": "ia.display.label"
      },
      {
        "meta": {
          "name": "Label_0",
          "visible": false
        },
        "position": {
          "height": 20,
          "width": 167,
          "y": 34
        },
        "propConfig": {
          "props.text": {
            "binding": {
              "config": {
                "path": "../Table.props.selection.data[0]"
              },
              "type": "property"
            }
          }
        },
        "props": {
          "textStyle": {
            "color": "#FFFFFF"
          }
        },
        "type": "ia.display.label"
      }
    ],
    "meta": {
      "name": "root"
    },
    "props": {
      "style": {
        "backgroundColor": "#454d55",
        "borderColor": "#003000",
        "borderStyle": "solid",
        "borderWidth": 5,
        "overflow": "hidden"
      }
    },
    "type": "ia.container.coord"
  }
}