{
  "custom": {},
  "params": {
    "datos": "74649-043",
    "titulo": ""
  },
  "propConfig": {
    "params.datos": {
      "paramDirection": "input",
      "persistent": true
    },
    "params.titulo": {
      "paramDirection": "input",
      "persistent": true
    }
  },
  "props": {
    "defaultSize": {
      "width": 1600
    }
  },
  "root": {
    "children": [
      {
        "meta": {
          "name": "DatosLabel",
          "visible": false
        },
        "position": {
          "height": 20,
          "width": 20,
          "x": 183.734375,
          "y": 300
        },
        "props": {
          "text": [
            {
              "ACTIVO": "15156b",
              "CONEXION": "50.0",
              "DISTRITO": "TORONTO2",
              "ESTADOIJ": "Marcha",
              "ElementID": "b3fa6413-5950-11ed-907e-00090ffe0001",
              "HSMARCHAIJ": 50,
              "LOCACION": "SECOND WELL",
              "PAIS": "CANADA",
              "REGION": "NA3",
              "YACIMIENTO": "TORONTO CITY2",
              "column_11": "",
              "column_12": "",
              "column_13": ""
            }
          ]
        },
        "type": "ia.display.label"
      },
      {
        "meta": {
          "name": "IntervaloValue"
        },
        "position": {
          "height": 31,
          "width": 70,
          "x": 838.8856879882812,
          "y": 37.869789123535156
        },
        "propConfig": {
          "meta.visible": {
            "binding": {
              "config": {
                "path": "../HideButton.custom.booleano"
              },
              "transforms": [
                {
                  "code": "\treturn not value",
                  "type": "script"
                }
              ],
              "type": "property"
            }
          }
        },
        "props": {
          "inputBounds": {
            "minimum": 1
          },
          "mode": "protected",
          "style": {
            "backgroundColor": "#343a40",
            "borderStyle": "solid",
            "classes": "Exterran-Style-FondoGeneral Exterran-Style-TextoFuenteLabel",
            "fontFamily": "sans-serif",
            "fontSize": "16px"
          },
          "value": 10
        },
        "type": "ia.input.numeric-entry-field"
      },
      {
        "custom": {
          "endTime": "*",
          "stTime": "*-30m"
        },
        "events": {
          "dom": {
            "onClick": {
              "config": {
                "script": "#\tactual \u003d system.date.now() \n#\toffset\u003d  system.date.getTimezoneOffset()\n\tself.props.style.backgroundColor \u003d \u0027grey\u0027\n\tif self.getSibling(\"FechaHora-desde\").props.formattedValue is None:\n\t\tastTime \u003d \"\u0027*-30m\u0027\"\n\telse:\n\t\t#astTime \u003d self.getSibling(\"FechaHora-desde\").props.formattedValue\n\t\tvValue \u003d self.getSibling(\"FechaHora-desde\").props.value\n\t\taux \u003d system.date.addHours(vValue, -1*int(system.date.getTimezoneRawOffset()))\n\t\taux2 \u003d system.date.addHours(system.date.parse(aux), int(system.date.getTimezoneRawOffset())) #que hora es en el server fValue\n\t\tastTime \u003d system.db.dateFormat(aux2, \"yyyy-MM-dd HH:mm:ss\")\n\n\tif self.getSibling(\"FechaHora-Hasta\").props.formattedValue is None:\n\t\t\taendTime \u003d \"\u0027*\u0027\"\n\telse:\n\t\t#fValue \u003d self.getSibling(\"FechaHora-Hasta\").props.formattedValue\n\t\tvValue \u003d self.getSibling(\"FechaHora-Hasta\").props.value\n\t\taux \u003d system.date.addHours(vValue, -1*int(system.date.getTimezoneRawOffset()))\n\t\taux2 \u003d system.date.addHours(system.date.parse(aux), int(system.date.getTimezoneRawOffset())) #que hora es en el server fValue\n\t\taendTime \u003d system.db.dateFormat(aux2, \"YYYY-MM-dd HH:mm:ss\")\n\n\t#self.custom.offset \u003d system.date.getTimezoneOffset() #las horas de diferencia a UTC\n\n\tself.custom.stTime \u003d astTime\n\tself.custom.endTime \u003d aendTime\n\t\n\tfechaHasta \u003d self.getSibling(\"FechaHora-Hasta\").props.value\n\tfechaDesde \u003d self.getSibling(\"FechaHora-desde\").props.value\n\tintervalo \u003d self.getSibling(\"IntervaloValue\").props.value \n\t\n\tx \u003d float(system.date.minutesBetween(fechaDesde, fechaHasta))/intervalo\n\t\n\thoras\u003dFalse\n\tif x \u003e 25000:\n\t\tx \u003d float(system.date.hoursBetween(fechaDesde, fechaHasta))/intervalo\n\t\thoras \u003d True\n\t\t\n\tdias\u003dFalse\n\tif x \u003e 10000:\n\t\tx \u003d float(system.date.daysBetween(fechaDesde, fechaHasta))/intervalo\n\t\tdias \u003d True\n\t\thoras \u003d False\n\t\t\n\tif horas:\n\t\ty \u003d str(x) + \u0027h\u0027\n\t\t\n\tif dias:\n\t\ty \u003d str(x) + \u0027d\u0027\n\telse:\n\t\ty \u003d str(x) + \u0027m\u0027\n\t\n\tself.getSibling(\"Table\").custom.intervalo \u003d intervalo\n\tself.getSibling(\"Table\").custom.fechaint \u003d y\n\tsystem.perspective.print(\"int:\" + str(y) + \"|st: \" + astTime + \"|endT:\" + aendTime + \" INICIAR\")"
              },
              "scope": "G",
              "type": "script"
            }
          }
        },
        "meta": {
          "name": "IniciarBusquedaOriginal",
          "visible": false
        },
        "position": {
          "height": 31.02,
          "rotate": {
            "anchor": "75% 89%"
          },
          "width": 130.02,
          "x": 779,
          "y": 21.484375
        },
        "props": {
          "style": {
            "backgroundColor": "green"
          },
          "text": "Iniciar Búsqueda",
          "textStyle": {
            "fontFamily": "sans-serif",
            "fontSize": 13
          }
        },
        "type": "ia.input.button"
      },
      {
        "events": {
          "dom": {
            "onClick": {
              "config": {
                "script": "\t\n\tself.getSibling(\"IniciarBusqueda\").custom.endTime \u003d \"*\"\n\tself.getSibling(\"IniciarBusqueda\").custom.stTime \u003d \"*-30m\"\n\tself.getSibling(\"FechaHora-Hasta\").props.value \u003d system.date.now()\n\tself.getSibling(\"FechaHora-desde\").props.value \u003d system.date.addMinutes(system.date.now(), -30)\n\"\"\"\n\t#fechaHora \u003d system.date.parse(self.getSibling(\"FechaHora-Hasta\").props.formattedValue, \"DD-MM-YYYY HH:mm\")\n\t#offset \u003d int(system.date.getTimezoneRawOffset())\n\t#fechaHoraPar \u003d system.date.addHours(fechaHora,offset)\n\t\n\tself.getSibling(\"Label\").props.text \u003d fechaHora\n\tself.getSibling(\"Label_0\").props.text \u003d fechaHoraPar #fechaHoracliente\n\tself.getSibling(\"Label_1\").props.text \u003d system.date.now()\n\t\n\t\n\tdifSerUTC \u003d int(system.date.getTimezoneRawOffset())\n\tdifCliUTC \u003d system.date.hoursBetween(fechaHora, fechaHoraPar)\n\tself.getSibling(\"Label_2\").props.text \u003d difCliUTC #hora convertida elegida a servidor\n\"\"\""
              },
              "scope": "G",
              "type": "script"
            }
          }
        },
        "meta": {
          "name": "ReiniciarFiltros"
        },
        "position": {
          "height": 31.02,
          "width": 130.02,
          "x": 724.892,
          "y": 79.97658125
        },
        "propConfig": {
          "meta.visible": {
            "binding": {
              "config": {
                "path": "../HideButton.custom.booleano"
              },
              "transforms": [
                {
                  "code": "\treturn not(value)",
                  "type": "script"
                }
              ],
              "type": "property"
            }
          }
        },
        "props": {
          "style": {
            "backgroundColor": "#f39c12"
          },
          "text": "Reiniciar filtros",
          "textStyle": {
            "fontFamily": "sans-serif",
            "fontSize": 13
          }
        },
        "type": "ia.input.button"
      },
      {
        "custom": {
          "Booleano": "1"
        },
        "meta": {
          "name": "FechaHora-Hasta"
        },
        "position": {
          "height": 32.01,
          "width": 300.05,
          "x": 400,
          "y": 80
        },
        "propConfig": {
          "custom.auxValue": {
            "binding": {
              "config": {
                "path": "this.props.value"
              },
              "transforms": [
                {
                  "code": "\tif self.props.value is None:\n\t\tself.props.formattedValue \u003d \"\u0027*\u0027\"\n\telse:\n\t\tx \u003d value\n\treturn x",
                  "type": "script"
                }
              ],
              "type": "property"
            }
          },
          "meta.visible": {
            "binding": {
              "config": {
                "path": "../HideButton.custom.booleano"
              },
              "transforms": [
                {
                  "code": "\treturn not(value)",
                  "type": "script"
                }
              ],
              "type": "property"
            }
          }
        },
        "props": {
          "format": "DD-MMM-YYYY HH:mm",
          "formattedValue": "12-Jan-2023 16:09",
          "inputProps": {
            "style": {
              "classes": "Exterran-Style-DateInput",
              "fontFamily": "sans-serif",
              "fontSize": 14,
              "textAlign": "start"
            }
          },
          "placeholder": "",
          "value": {
            "$": [
              "ts",
              192,
              1673550574921
            ],
            "$ts": 1673550574921
          }
        },
        "type": "ia.input.date-time-input"
      },
      {
        "custom": {
          "Booleano": false
        },
        "meta": {
          "name": "FechaHora-desde"
        },
        "position": {
          "height": 32.01,
          "width": 300.05,
          "x": 20,
          "y": 80
        },
        "propConfig": {
          "custom.time": {
            "binding": {
              "config": {
                "path": "this.props.value"
              },
              "transforms": [
                {
                  "code": "\treturn system.db.dateFormat(value, \"MMM d, yyyy\")\n\t#funcion para formatear fechas a strign",
                  "type": "script"
                }
              ],
              "type": "property"
            }
          },
          "meta.visible": {
            "binding": {
              "config": {
                "path": "../HideButton.custom.booleano"
              },
              "transforms": [
                {
                  "code": "\treturn not(value)",
                  "type": "script"
                }
              ],
              "type": "property"
            }
          }
        },
        "props": {
          "format": "DD-MMM-YYYY HH:mm",
          "formattedValue": "12-Jan-2023 15:39",
          "inputProps": {
            "style": {
              "classes": "Exterran-Style-DateInput",
              "fontFamily": "sans-serif",
              "fontSize": 14,
              "textAlign": "start"
            }
          },
          "placeholder": "Ingrese Fecha inicial",
          "value": {
            "$": [
              "ts",
              192,
              1673550574921
            ],
            "$ts": 1673548774921
          }
        },
        "type": "ia.input.date-time-input"
      },
      {
        "custom": {
          "endTime": "*",
          "offset": 3,
          "stTime": "*-30m"
        },
        "events": {
          "dom": {
            "onClick": {
              "config": {
                "script": "\t\n\tfechaHasta \u003d self.getSibling(\"FechaHora-Hasta\").props.value\n\tfechaDesde \u003d self.getSibling(\"FechaHora-desde\").props.value\n\tintervalo \u003d self.getSibling(\"IntervaloValue\").props.value\n\ttime_type \u003d self.getSibling(\"Dropdown\").props.value\n\t\n\tif time_type \u003d\u003d 0:\n\t\ttime_range \u003d int(system.date.daysBetween(fechaDesde, fechaHasta))\n\t\tsystem.perspective.print(\"Query sumaries: \" + str(time_range))\n\t\t\n\telse:\n\t\tif time_type \u003d\u003d 1:\n\t\t\ttime_range \u003d int(system.date.hoursBetween(fechaDesde, fechaHasta))\n\t\t\tsystem.perspective.print(\"Query horas: \" + str(time_range))\n\t\t\tif (time_range \u003e 48) or (time_range \u003c 1): #Está en días.\n\t\t\t\tsystem.perspective.print(\"Cambiar rango de fechas o cambiar tipo de intervalo\")\n\t\t\t\t\n\t\t\tfechaint \u003d str(intervalo) + \u0027h\u0027\n\t\telse:\n\t\t\ttime_range \u003d int(system.date.minutesBetween(fechaDesde, fechaHasta))\n\t\t\tsystem.perspective.print(\"Query mins: \" + str(time_range))\n\t\t\tif (time_range \u003e 60) or (time_range \u003c 1):\n\t\t\t\tsystem.perspective.print(\"Cambiar rango de fechas o cambiar tipo de intervalo\")\n\t\t\t\t\n\t\t\tfechaint \u003d str(intervalo) + \u0027m\u0027\n\n\t#actual \u003d system.date.now() \n\t#offset\u003d  system.date.getTimezoneOffset()\n\tself.props.style.backgroundColor \u003d \u0027grey\u0027\n\tif self.getSibling(\"FechaHora-desde\").props.formattedValue is None:\n\t\tastTime \u003d \"\u0027*-30m\u0027\"\n\telse:\n\t\t#astTime \u003d self.getSibling(\"FechaHora-desde\").props.formattedValue\n\t\tvValue \u003d self.getSibling(\"FechaHora-desde\").props.value\n\t\taux \u003d system.date.addHours(vValue, -1*int(system.date.getTimezoneRawOffset()))\n\t\taux2 \u003d system.date.addHours(system.date.parse(aux), int(system.date.getTimezoneRawOffset())) #que hora es en el server fValue\n\t\tastTime \u003d system.db.dateFormat(aux2, \"yyyy-MM-dd HH:mm:ss\")\n\n\tif self.getSibling(\"FechaHora-Hasta\").props.formattedValue is None:\n\t\t\taendTime \u003d \"\u0027*\u0027\"\n\telse:\n\t\t#fValue \u003d self.getSibling(\"FechaHora-Hasta\").props.formattedValue\n\t\tvValue \u003d self.getSibling(\"FechaHora-Hasta\").props.value\n\t\taux \u003d system.date.addHours(vValue, -1*int(system.date.getTimezoneRawOffset()))\n\t\taux2 \u003d system.date.addHours(system.date.parse(aux), int(system.date.getTimezoneRawOffset())) #que hora es en el server fValue\n\t\taendTime \u003d system.db.dateFormat(aux2, \"YYYY-MM-dd HH:mm:ss\")\n\n\t#self.custom.offset \u003d system.date.getTimezoneOffset() #las horas de diferencia a UTC\n\n\tself.custom.stTime \u003d astTime\n\tself.custom.endTime \u003d aendTime\n\t\n\tvVal \u003d system.date.parse(system.db.dateFormat(self.getSibling(\"FechaHora-desde\").props.value, \"dd-MMM-yyyy HH:mm\"), \"dd-MMM-yyyy HH:mm\")\n\taux \u003d system.date.parse(self.getSibling(\"FechaHora-desde\").props.formattedValue, \"dd-MMM-yyyy HH:mm\")\n\tsystem.perspective.print(\"OFFSET\u003d\" + str(system.date.hoursBetween(vVal, aux)))\n\tself.custom.offset \u003d system.date.hoursBetween(vVal, aux)\n\n\tself.getSibling(\"Table\").custom.intervalo \u003d intervalo\n\tself.getSibling(\"Table\").custom.fechaint \u003d fechaint\n\t#system.perspective.print(\"int:\" + str(y) + \"|st: \" + astTime + \"|endT:\" + aendTime + \" INICIAR\")\n\t\n\t"
              },
              "scope": "G",
              "type": "script"
            }
          }
        },
        "meta": {
          "name": "IniciarBusqueda"
        },
        "position": {
          "height": 31.02,
          "rotate": {
            "anchor": "75% 89%"
          },
          "width": 130.02,
          "x": 880,
          "y": 80
        },
        "propConfig": {
          "meta.visible": {
            "binding": {
              "config": {
                "path": "../HideButton.custom.booleano"
              },
              "transforms": [
                {
                  "code": "\treturn not(value)",
                  "type": "script"
                }
              ],
              "type": "property"
            }
          }
        },
        "props": {
          "style": {
            "backgroundColor": "green"
          },
          "text": "Iniciar Búsqueda",
          "textStyle": {
            "fontFamily": "sans-serif",
            "fontSize": 13
          }
        },
        "type": "ia.input.button"
      },
      {
        "meta": {
          "name": "Dropdown"
        },
        "position": {
          "height": 25,
          "width": 124,
          "x": 1037,
          "y": 82.490234375
        },
        "propConfig": {
          "meta.visible": {
            "binding": {
              "config": {
                "path": "../HideButton.custom.booleano"
              },
              "transforms": [
                {
                  "code": "\treturn not(value)",
                  "type": "script"
                }
              ],
              "type": "property"
            }
          }
        },
        "props": {
          "options": [
            {
              "label": "Sumarios",
              "value": 0
            },
            {
              "label": "Horas",
              "value": 1
            },
            {
              "label": "Minutos",
              "value": 2
            }
          ],
          "search": {
            "enabled": false
          },
          "value": 2
        },
        "type": "ia.input.dropdown"
      },
      {
        "events": {
          "dom": {
            "onClick": {
              "config": {
                "script": "\tself.custom.booleano \u003d not (self.custom.booleano)"
              },
              "scope": "G",
              "type": "script"
            }
          }
        },
        "meta": {
          "name": "HideButton"
        },
        "position": {
          "height": 17,
          "width": 18,
          "x": 151.8044375,
          "y": 28.4921875
        },
        "propConfig": {
          "custom.booleano": {
            "binding": {
              "config": {
                "path": "page.props.dimensions.viewport.height"
              },
              "transforms": [
                {
                  "code": "\tif value \u003e 500:\n\t\tx \u003d False\n\telse:\n\t\tx \u003d True\n\treturn x",
                  "type": "script"
                }
              ],
              "type": "property"
            }
          }
        },
        "props": {
          "fit": {
            "mode": "fill"
          },
          "source": "/system/images/sample-images/LogosEXTERRAN/Todo Los FIltros.png"
        },
        "type": "ia.display.image"
      },
      {
        "meta": {
          "name": "TodosLosFiltros"
        },
        "position": {
          "height": 35,
          "width": 130,
          "x": 19.7344,
          "y": 17.5078
        },
        "props": {
          "text": "Todos Los Filtros",
          "textStyle": {
            "classes": "Exterran-Style-TextoFuenteLabel",
            "fontFamily": "sans-serif",
            "fontSize": "14px"
          }
        },
        "type": "ia.display.label"
      },
      {
        "meta": {
          "name": "FechaHoraDesdeLbl"
        },
        "position": {
          "height": 32,
          "width": 295,
          "x": 402.5234375,
          "y": 48
        },
        "propConfig": {
          "meta.visible": {
            "binding": {
              "config": {
                "path": "../HideButton.custom.booleano"
              },
              "transforms": [
                {
                  "code": "\treturn not value",
                  "type": "script"
                }
              ],
              "type": "property"
            }
          }
        },
        "props": {
          "text": "Fecha: Desde/Hasta",
          "textStyle": {
            "classes": "Exterran-Style-TextoFuenteLabel PopiedadesTabla/Exterran-Style-Label-BOLD",
            "fontFamily": "sans-serif",
            "fontSize": "14px"
          }
        },
        "type": "ia.display.label"
      },
      {
        "meta": {
          "name": "FechaHoraHastaLbl"
        },
        "position": {
          "height": 32,
          "width": 295,
          "x": 25.093875000000025,
          "y": 47.5
        },
        "propConfig": {
          "meta.visible": {
            "binding": {
              "config": {
                "path": "../HideButton.custom.booleano"
              },
              "transforms": [
                {
                  "code": "\treturn not value",
                  "type": "script"
                }
              ],
              "type": "property"
            }
          }
        },
        "props": {
          "text": "Hora: Desde/Hasta",
          "textStyle": {
            "classes": "Exterran-Style-TextoFuenteLabel PopiedadesTabla/Exterran-Style-Label-BOLD",
            "fontFamily": "sans-serif",
            "fontSize": "14px"
          }
        },
        "type": "ia.display.label"
      },
      {
        "custom": {
          "datacount": "",
          "fechaint": "10m",
          "intervalo": 10,
          "myColumn": {
            "align": "center",
            "boolean": "checkbox",
            "dateFormat": "MM/DD/YYYY",
            "editable": false,
            "field": "2023-01-12 07:47",
            "footer": {
              "align": "center",
              "justify": "left",
              "style": {
                "classes": ""
              },
              "title": ""
            },
            "header": {
              "align": "center",
              "justify": "center",
              "style": {
                "classes": "PopiedadesTabla/Exterran-Style-ColumnHeader"
              },
              "title": "2023-01-12 10:47"
            },
            "justify": "center",
            "number": "value",
            "numberFormat": "0,0.##",
            "progressBar": {
              "bar": {
                "color": "",
                "style": {
                  "classes": ""
                }
              },
              "max": 100,
              "min": 0,
              "track": {
                "color": "",
                "style": {
                  "classes": ""
                }
              },
              "value": {
                "enabled": true,
                "format": "0,0.##",
                "justify": "center",
                "style": {
                  "classes": ""
                }
              }
            },
            "render": "auto",
            "resizable": false,
            "sort": "none",
            "sortable": true,
            "strictWidth": false,
            "style": {
              "classes": "",
              "color": "#FFFFFF",
              "fontFamily": "Roboto",
              "fontSize": 11
            },
            "toggleSwitch": {
              "color": {
                "selected": "",
                "unselected": ""
              }
            },
            "viewParams": {},
            "viewPath": "",
            "visible": true,
            "width": "10%"
          }
        },
        "meta": {
          "name": "Table_new",
          "tooltip": {
            "enabled": true
          }
        },
        "position": {
          "width": 1320,
          "x": 20
        },
        "propConfig": {
          "meta.tooltip.text": {
            "binding": {
              "config": {
                "path": "this.props.selection.data[0]"
              },
              "transforms": [
                {
                  "code": "\treturn str(value[\u0027Attribute\u0027])+\"|\"+ (value[\u0027UOM\u0027])",
                  "type": "script"
                }
              ],
              "type": "property"
            }
          },
          "position.height": {
            "binding": {
              "config": {
                "path": "self.position.y"
              },
              "transforms": [
                {
                  "code": "\treturn self.page.props.dimensions.primaryView.height - self.position.y",
                  "type": "script"
                }
              ],
              "type": "property"
            }
          },
          "position.y": {
            "binding": {
              "config": {
                "path": "../HideButton.custom.booleano"
              },
              "transforms": [
                {
                  "code": "\tif not(value):\n\t\tx \u003d 130\n\telse:\n\t\tx \u003d 60\n\n\treturn x",
                  "type": "script"
                }
              ],
              "type": "property"
            }
          }
        },
        "props": {
          "bodyStyle": {
            "classes": "PopiedadesTabla/Exterran-Style-Table-bodyStyle"
          },
          "cells": {
            "style": {
              "backgroundColor": "#454D55",
              "classes": "PopiedadesTabla/Exterran-Style-TablaVariables-Cells"
            }
          },
          "columns": [
            {
              "align": "center",
              "boolean": "checkbox",
              "dateFormat": "MM/DD/YYYY",
              "editable": false,
              "field": "Attribute",
              "footer": {
                "align": "center",
                "justify": "left",
                "style": {
                  "classes": ""
                },
                "title": ""
              },
              "header": {
                "align": "center",
                "justify": "center",
                "style": {
                  "classes": "PopiedadesTabla/Exterran-Style-ColumnHeader"
                },
                "title": "Atributo"
              },
              "justify": "center",
              "number": "value",
              "numberFormat": "0,0.##",
              "progressBar": {
                "bar": {
                  "color": "",
                  "style": {
                    "classes": ""
                  }
                },
                "max": 100,
                "min": 0,
                "track": {
                  "color": "",
                  "style": {
                    "classes": ""
                  }
                },
                "value": {
                  "enabled": true,
                  "format": "0,0.##",
                  "justify": "center",
                  "style": {
                    "classes": ""
                  }
                }
              },
              "render": "auto",
              "resizable": false,
              "sort": "none",
              "sortable": true,
              "strictWidth": false,
              "style": {
                "classes": "",
                "color": "#FFFFFF",
                "fontFamily": "Roboto",
                "fontSize": 11
              },
              "toggleSwitch": {
                "color": {
                  "selected": "",
                  "unselected": ""
                }
              },
              "viewParams": {},
              "viewPath": "",
              "visible": true,
              "width": 300
            },
            {
              "align": "center",
              "boolean": "checkbox",
              "dateFormat": "MM/DD/YYYY",
              "editable": false,
              "field": "actualValue",
              "footer": {
                "align": "center",
                "justify": "left",
                "style": {
                  "classes": ""
                },
                "title": ""
              },
              "header": {
                "align": "center",
                "justify": "center",
                "style": {
                  "classes": "PopiedadesTabla/Exterran-Style-ColumnHeader"
                },
                "title": "Valor Actual"
              },
              "justify": "center",
              "number": "value",
              "numberFormat": "0,0.##",
              "progressBar": {
                "bar": {
                  "color": "",
                  "style": {
                    "classes": ""
                  }
                },
                "max": 100,
                "min": 0,
                "track": {
                  "color": "",
                  "style": {
                    "classes": ""
                  }
                },
                "value": {
                  "enabled": true,
                  "format": "0,0.##",
                  "justify": "center",
                  "style": {
                    "classes": ""
                  }
                }
              },
              "render": "auto",
              "resizable": false,
              "sort": "none",
              "sortable": true,
              "strictWidth": false,
              "style": {
                "classes": "",
                "color": "#FFFFFF",
                "fontFamily": "Roboto",
                "fontSize": 11
              },
              "toggleSwitch": {
                "color": {
                  "selected": "",
                  "unselected": ""
                }
              },
              "viewParams": {},
              "viewPath": "",
              "visible": true,
              "width": "10%"
            },
            {
              "align": "center",
              "boolean": "checkbox",
              "dateFormat": "MM/DD/YYYY",
              "editable": false,
              "field": "UOM",
              "footer": {
                "align": "center",
                "justify": "left",
                "style": {
                  "classes": ""
                },
                "title": ""
              },
              "header": {
                "align": "center",
                "justify": "center",
                "style": {
                  "classes": "PopiedadesTabla/Exterran-Style-ColumnHeader"
                },
                "title": "UOM"
              },
              "justify": "center",
              "number": "value",
              "numberFormat": "0,0.##",
              "progressBar": {
                "bar": {
                  "color": "",
                  "style": {
                    "classes": ""
                  }
                },
                "max": 100,
                "min": 0,
                "track": {
                  "color": "",
                  "style": {
                    "classes": ""
                  }
                },
                "value": {
                  "enabled": true,
                  "format": "0,0.##",
                  "justify": "center",
                  "style": {
                    "classes": ""
                  }
                }
              },
              "render": "auto",
              "resizable": false,
              "sort": "none",
              "sortable": true,
              "strictWidth": false,
              "style": {
                "classes": "",
                "color": "#FFFFFF",
                "fontFamily": "Roboto",
                "fontSize": 11
              },
              "toggleSwitch": {
                "color": {
                  "selected": "",
                  "unselected": ""
                }
              },
              "viewParams": {},
              "viewPath": "",
              "visible": true,
              "width": "10%"
            },
            {
              "align": "center",
              "boolean": "checkbox",
              "dateFormat": "MM/DD/YYYY",
              "editable": false,
              "field": "2023-01-12 13:09",
              "footer": {
                "align": "center",
                "justify": "left",
                "style": {
                  "classes": ""
                },
                "title": ""
              },
              "header": {
                "align": "center",
                "justify": "center",
                "style": {
                  "classes": "PopiedadesTabla/Exterran-Style-ColumnHeader"
                },
                "title": "2023-01-12 16:09"
              },
              "justify": "center",
              "number": "value",
              "numberFormat": "0,0.##",
              "progressBar": {
                "bar": {
                  "color": "",
                  "style": {
                    "classes": ""
                  }
                },
                "max": 100,
                "min": 0,
                "track": {
                  "color": "",
                  "style": {
                    "classes": ""
                  }
                },
                "value": {
                  "enabled": true,
                  "format": "0,0.##",
                  "justify": "center",
                  "style": {
                    "classes": ""
                  }
                }
              },
              "render": "auto",
              "resizable": false,
              "sort": "none",
              "sortable": true,
              "strictWidth": false,
              "style": {
                "classes": "",
                "color": "#FFFFFF",
                "fontFamily": "Roboto",
                "fontSize": 11
              },
              "toggleSwitch": {
                "color": {
                  "selected": "",
                  "unselected": ""
                }
              },
              "viewParams": {},
              "viewPath": "",
              "visible": true,
              "width": "10%"
            },
            {
              "align": "center",
              "boolean": "checkbox",
              "dateFormat": "MM/DD/YYYY",
              "editable": false,
              "field": "2023-01-12 12:59",
              "footer": {
                "align": "center",
                "justify": "left",
                "style": {
                  "classes": ""
                },
                "title": ""
              },
              "header": {
                "align": "center",
                "justify": "center",
                "style": {
                  "classes": "PopiedadesTabla/Exterran-Style-ColumnHeader"
                },
                "title": "2023-01-12 15:59"
              },
              "justify": "center",
              "number": "value",
              "numberFormat": "0,0.##",
              "progressBar": {
                "bar": {
                  "color": "",
                  "style": {
                    "classes": ""
                  }
                },
                "max": 100,
                "min": 0,
                "track": {
                  "color": "",
                  "style": {
                    "classes": ""
                  }
                },
                "value": {
                  "enabled": true,
                  "format": "0,0.##",
                  "justify": "center",
                  "style": {
                    "classes": ""
                  }
                }
              },
              "render": "auto",
              "resizable": false,
              "sort": "none",
              "sortable": true,
              "strictWidth": false,
              "style": {
                "classes": "",
                "color": "#FFFFFF",
                "fontFamily": "Roboto",
                "fontSize": 11
              },
              "toggleSwitch": {
                "color": {
                  "selected": "",
                  "unselected": ""
                }
              },
              "viewParams": {},
              "viewPath": "",
              "visible": true,
              "width": "10%"
            },
            {
              "align": "center",
              "boolean": "checkbox",
              "dateFormat": "MM/DD/YYYY",
              "editable": false,
              "field": "2023-01-12 12:49",
              "footer": {
                "align": "center",
                "justify": "left",
                "style": {
                  "classes": ""
                },
                "title": ""
              },
              "header": {
                "align": "center",
                "justify": "center",
                "style": {
                  "classes": "PopiedadesTabla/Exterran-Style-ColumnHeader"
                },
                "title": "2023-01-12 15:49"
              },
              "justify": "center",
              "number": "value",
              "numberFormat": "0,0.##",
              "progressBar": {
                "bar": {
                  "color": "",
                  "style": {
                    "classes": ""
                  }
                },
                "max": 100,
                "min": 0,
                "track": {
                  "color": "",
                  "style": {
                    "classes": ""
                  }
                },
                "value": {
                  "enabled": true,
                  "format": "0,0.##",
                  "justify": "center",
                  "style": {
                    "classes": ""
                  }
                }
              },
              "render": "auto",
              "resizable": false,
              "sort": "none",
              "sortable": true,
              "strictWidth": false,
              "style": {
                "classes": "",
                "color": "#FFFFFF",
                "fontFamily": "Roboto",
                "fontSize": 11
              },
              "toggleSwitch": {
                "color": {
                  "selected": "",
                  "unselected": ""
                }
              },
              "viewParams": {},
              "viewPath": "",
              "visible": true,
              "width": "10%"
            },
            {
              "align": "center",
              "boolean": "checkbox",
              "dateFormat": "MM/DD/YYYY",
              "editable": false,
              "field": "2023-01-12 12:39",
              "footer": {
                "align": "center",
                "justify": "left",
                "style": {
                  "classes": ""
                },
                "title": ""
              },
              "header": {
                "align": "center",
                "justify": "center",
                "style": {
                  "classes": "PopiedadesTabla/Exterran-Style-ColumnHeader"
                },
                "title": "2023-01-12 15:39"
              },
              "justify": "center",
              "number": "value",
              "numberFormat": "0,0.##",
              "progressBar": {
                "bar": {
                  "color": "",
                  "style": {
                    "classes": ""
                  }
                },
                "max": 100,
                "min": 0,
                "track": {
                  "color": "",
                  "style": {
                    "classes": ""
                  }
                },
                "value": {
                  "enabled": true,
                  "format": "0,0.##",
                  "justify": "center",
                  "style": {
                    "classes": ""
                  }
                }
              },
              "render": "auto",
              "resizable": false,
              "sort": "none",
              "sortable": true,
              "strictWidth": false,
              "style": {
                "classes": "",
                "color": "#FFFFFF",
                "fontFamily": "Roboto",
                "fontSize": 11
              },
              "toggleSwitch": {
                "color": {
                  "selected": "",
                  "unselected": ""
                }
              },
              "viewParams": {},
              "viewPath": "",
              "visible": true,
              "width": "10%"
            }
          ],
          "data": [
            {
              "2023-01-12 12:39": {
                "style": {
                  "border-width": "4px",
                  "borderColor": "#FFA500",
                  "borderStyle": "double",
                  "color": "#FFA500",
                  "font-size": 11,
                  "font-weight": "bold"
                },
                "value": 2147483648
              },
              "2023-01-12 12:49": {
                "style": {
                  "border-width": "4px",
                  "borderColor": "#FFA500",
                  "borderStyle": "double",
                  "color": "#FFA500",
                  "font-size": 11,
                  "font-weight": "bold"
                },
                "value": 2147483648
              },
              "2023-01-12 12:59": {
                "style": {
                  "border-width": "4px",
                  "borderColor": "#FFA500",
                  "borderStyle": "double",
                  "color": "#FFA500",
                  "font-size": 11,
                  "font-weight": "bold"
                },
                "value": 2147483648
              },
              "2023-01-12 13:09": {
                "style": {
                  "border-width": "4px",
                  "borderColor": "#FFA500",
                  "borderStyle": "double",
                  "color": "#FFA500",
                  "font-size": 11,
                  "font-weight": "bold"
                },
                "value": 2147483648
              },
              "Attribute": {
                "value": "Presión Aceite Compresor | Compresor"
              },
              "UOM": {
                "value": "psi"
              },
              "actualValue": {
                "value": 2147483648
              }
            },
            {
              "2023-01-12 12:39": {
                "style": {
                  "border-width": "4px",
                  "borderColor": "#FFA500",
                  "borderStyle": "double",
                  "color": "#FFA500",
                  "font-size": 11,
                  "font-weight": "bold"
                },
                "value": 2147483648
              },
              "2023-01-12 12:49": {
                "style": {
                  "border-width": "4px",
                  "borderColor": "#FFA500",
                  "borderStyle": "double",
                  "color": "#FFA500",
                  "font-size": 11,
                  "font-weight": "bold"
                },
                "value": 2147483648
              },
              "2023-01-12 12:59": {
                "style": {
                  "border-width": "4px",
                  "borderColor": "#FFA500",
                  "borderStyle": "double",
                  "color": "#FFA500",
                  "font-size": 11,
                  "font-weight": "bold"
                },
                "value": 2147483648
              },
              "2023-01-12 13:09": {
                "style": {
                  "border-width": "4px",
                  "borderColor": "#FFA500",
                  "borderStyle": "double",
                  "color": "#FFA500",
                  "font-size": 11,
                  "font-weight": "bold"
                },
                "value": 2147483648
              },
              "Attribute": {
                "value": "Presión Aceite Motor | Sistema Aceite"
              },
              "UOM": {
                "value": "psi"
              },
              "actualValue": {
                "value": 2147483648
              }
            },
            {
              "2023-01-12 12:39": {
                "style": {
                  "border-width": "4px",
                  "borderColor": "#FFA500",
                  "borderStyle": "double",
                  "color": "#FFA500",
                  "font-size": 11,
                  "font-weight": "bold"
                },
                "value": 2147483648
              },
              "2023-01-12 12:49": {
                "style": {
                  "border-width": "4px",
                  "borderColor": "#FFA500",
                  "borderStyle": "double",
                  "color": "#FFA500",
                  "font-size": 11,
                  "font-weight": "bold"
                },
                "value": 2147483648
              },
              "2023-01-12 12:59": {
                "style": {
                  "border-width": "4px",
                  "borderColor": "#FFA500",
                  "borderStyle": "double",
                  "color": "#FFA500",
                  "font-size": 11,
                  "font-weight": "bold"
                },
                "value": 2147483648
              },
              "2023-01-12 13:09": {
                "style": {
                  "border-width": "4px",
                  "borderColor": "#FFA500",
                  "borderStyle": "double",
                  "color": "#FFA500",
                  "font-size": 11,
                  "font-weight": "bold"
                },
                "value": 2147483648
              },
              "Attribute": {
                "value": "Presión de Succión | Planta y Proceso"
              },
              "UOM": {
                "value": "psi"
              },
              "actualValue": {
                "value": 2147483648
              }
            },
            {
              "2023-01-12 12:39": {
                "style": {
                  "border-width": "4px",
                  "borderColor": "#FFA500",
                  "borderStyle": "double",
                  "color": "#FFA500",
                  "font-size": 11,
                  "font-weight": "bold"
                },
                "value": 2147483648
              },
              "2023-01-12 12:49": {
                "style": {
                  "border-width": "4px",
                  "borderColor": "#FFA500",
                  "borderStyle": "double",
                  "color": "#FFA500",
                  "font-size": 11,
                  "font-weight": "bold"
                },
                "value": 2147483648
              },
              "2023-01-12 12:59": {
                "style": {
                  "border-width": "4px",
                  "borderColor": "#FFA500",
                  "borderStyle": "double",
                  "color": "#FFA500",
                  "font-size": 11,
                  "font-weight": "bold"
                },
                "value": 2147483648
              },
              "2023-01-12 13:09": {
                "style": {
                  "border-width": "4px",
                  "borderColor": "#FFA500",
                  "borderStyle": "double",
                  "color": "#FFA500",
                  "font-size": 11,
                  "font-weight": "bold"
                },
                "value": 2147483648
              },
              "Attribute": {
                "value": "Presión Descarga 1° Etapa Compresor | Planta y Proceso"
              },
              "UOM": {
                "value": "psi"
              },
              "actualValue": {
                "value": 2147483648
              }
            },
            {
              "2023-01-12 12:39": {
                "value": 2147483648
              },
              "2023-01-12 12:49": {
                "value": 2147483648
              },
              "2023-01-12 12:59": {
                "value": 2147483648
              },
              "2023-01-12 13:09": {
                "value": 2147483648
              },
              "Attribute": {
                "value": "Presión Descarga 2° Etapa Compresor | Planta y Proceso"
              },
              "UOM": {
                "value": "psi"
              },
              "actualValue": {
                "value": 2147483648
              }
            },
            {
              "2023-01-12 12:39": {
                "style": {
                  "border-width": "4px",
                  "borderColor": "#FFA500",
                  "borderStyle": "double",
                  "color": "#FFA500",
                  "font-size": 11,
                  "font-weight": "bold"
                },
                "value": 2147483648
              },
              "2023-01-12 12:49": {
                "style": {
                  "border-width": "4px",
                  "borderColor": "#FFA500",
                  "borderStyle": "double",
                  "color": "#FFA500",
                  "font-size": 11,
                  "font-weight": "bold"
                },
                "value": 2147483648
              },
              "2023-01-12 12:59": {
                "style": {
                  "border-width": "4px",
                  "borderColor": "#FFA500",
                  "borderStyle": "double",
                  "color": "#FFA500",
                  "font-size": 11,
                  "font-weight": "bold"
                },
                "value": 2147483648
              },
              "2023-01-12 13:09": {
                "style": {
                  "border-width": "4px",
                  "borderColor": "#FFA500",
                  "borderStyle": "double",
                  "color": "#FFA500",
                  "font-size": 11,
                  "font-weight": "bold"
                },
                "value": 2147483648
              },
              "Attribute": {
                "value": "Presión Manifold de Aire Motor | Manifold de Admisión"
              },
              "UOM": {
                "value": "psi"
              },
              "actualValue": {
                "value": 2147483648
              }
            },
            {
              "2023-01-12 12:39": {
                "style": {
                  "border-width": "4px",
                  "borderColor": "#FFA500",
                  "borderStyle": "double",
                  "color": "#FFA500",
                  "font-size": 11,
                  "font-weight": "bold"
                },
                "value": 2147483648
              },
              "2023-01-12 12:49": {
                "style": {
                  "border-width": "4px",
                  "borderColor": "#FFA500",
                  "borderStyle": "double",
                  "color": "#FFA500",
                  "font-size": 11,
                  "font-weight": "bold"
                },
                "value": 2147483648
              },
              "2023-01-12 12:59": {
                "style": {
                  "border-width": "4px",
                  "borderColor": "#FFA500",
                  "borderStyle": "double",
                  "color": "#FFA500",
                  "font-size": 11,
                  "font-weight": "bold"
                },
                "value": 2147483648
              },
              "2023-01-12 13:09": {
                "style": {
                  "border-width": "4px",
                  "borderColor": "#FFA500",
                  "borderStyle": "double",
                  "color": "#FFA500",
                  "font-size": 11,
                  "font-weight": "bold"
                },
                "value": 2147483648
              },
              "Attribute": {
                "value": "Presión Refrigerante Sistema Auxiliar | Sistema Refrigeración Auxiliar"
              },
              "UOM": {
                "value": "psi"
              },
              "actualValue": {
                "value": 2147483648
              }
            },
            {
              "2023-01-12 12:39": {
                "style": {
                  "border-width": "4px",
                  "borderColor": "#FFA500",
                  "borderStyle": "double",
                  "color": "#FFA500",
                  "font-size": 11,
                  "font-weight": "bold"
                },
                "value": 2147483648
              },
              "2023-01-12 12:49": {
                "style": {
                  "border-width": "4px",
                  "borderColor": "#FFA500",
                  "borderStyle": "double",
                  "color": "#FFA500",
                  "font-size": 11,
                  "font-weight": "bold"
                },
                "value": 2147483648
              },
              "2023-01-12 12:59": {
                "style": {
                  "border-width": "4px",
                  "borderColor": "#FFA500",
                  "borderStyle": "double",
                  "color": "#FFA500",
                  "font-size": 11,
                  "font-weight": "bold"
                },
                "value": 2147483648
              },
              "2023-01-12 13:09": {
                "style": {
                  "border-width": "4px",
                  "borderColor": "#FFA500",
                  "borderStyle": "double",
                  "color": "#FFA500",
                  "font-size": 11,
                  "font-weight": "bold"
                },
                "value": 2147483648
              },
              "Attribute": {
                "value": "Presión Refrigerante Sistema Principal | Sistema Refrigeración Principal"
              },
              "UOM": {
                "value": "psi"
              },
              "actualValue": {
                "value": 2147483648
              }
            },
            {
              "2023-01-12 12:39": {
                "style": {
                  "border-width": "4px",
                  "borderColor": "#FFA500",
                  "borderStyle": "double",
                  "color": "#FFA500",
                  "font-size": 11,
                  "font-weight": "bold"
                },
                "value": 2147483648
              },
              "2023-01-12 12:49": {
                "style": {
                  "border-width": "4px",
                  "borderColor": "#FFA500",
                  "borderStyle": "double",
                  "color": "#FFA500",
                  "font-size": 11,
                  "font-weight": "bold"
                },
                "value": 2147483648
              },
              "2023-01-12 12:59": {
                "style": {
                  "border-width": "4px",
                  "borderColor": "#FFA500",
                  "borderStyle": "double",
                  "color": "#FFA500",
                  "font-size": 11,
                  "font-weight": "bold"
                },
                "value": 2147483648
              },
              "2023-01-12 13:09": {
                "style": {
                  "border-width": "4px",
                  "borderColor": "#FFA500",
                  "borderStyle": "double",
                  "color": "#FFA500",
                  "font-size": 11,
                  "font-weight": "bold"
                },
                "value": 2147483648
              },
              "Attribute": {
                "value": "Temperatura Aceite Compresor | Compresor"
              },
              "UOM": {
                "value": "°F"
              },
              "actualValue": {
                "value": 2147483648
              }
            },
            {
              "2023-01-12 12:39": {
                "style": {
                  "border-width": "4px",
                  "borderColor": "#FFA500",
                  "borderStyle": "double",
                  "color": "#FFA500",
                  "font-size": 11,
                  "font-weight": "bold"
                },
                "value": 2147483648
              },
              "2023-01-12 12:49": {
                "style": {
                  "border-width": "4px",
                  "borderColor": "#FFA500",
                  "borderStyle": "double",
                  "color": "#FFA500",
                  "font-size": 11,
                  "font-weight": "bold"
                },
                "value": 2147483648
              },
              "2023-01-12 12:59": {
                "style": {
                  "border-width": "4px",
                  "borderColor": "#FFA500",
                  "borderStyle": "double",
                  "color": "#FFA500",
                  "font-size": 11,
                  "font-weight": "bold"
                },
                "value": 2147483648
              },
              "2023-01-12 13:09": {
                "style": {
                  "border-width": "4px",
                  "borderColor": "#FFA500",
                  "borderStyle": "double",
                  "color": "#FFA500",
                  "font-size": 11,
                  "font-weight": "bold"
                },
                "value": 2147483648
              },
              "Attribute": {
                "value": "Temperatura Aceite Motor | Sistema Aceite"
              },
              "UOM": {
                "value": "°F"
              },
              "actualValue": {
                "value": 2147483648
              }
            },
            {
              "2023-01-12 12:39": {
                "style": {
                  "border-width": "4px",
                  "borderColor": "#FFA500",
                  "borderStyle": "double",
                  "color": "#FFA500",
                  "font-size": 11,
                  "font-weight": "bold"
                },
                "value": 2147483648
              },
              "2023-01-12 12:49": {
                "style": {
                  "border-width": "4px",
                  "borderColor": "#FFA500",
                  "borderStyle": "double",
                  "color": "#FFA500",
                  "font-size": 11,
                  "font-weight": "bold"
                },
                "value": 2147483648
              },
              "2023-01-12 12:59": {
                "style": {
                  "border-width": "4px",
                  "borderColor": "#FFA500",
                  "borderStyle": "double",
                  "color": "#FFA500",
                  "font-size": 11,
                  "font-weight": "bold"
                },
                "value": 2147483648
              },
              "2023-01-12 13:09": {
                "style": {
                  "border-width": "4px",
                  "borderColor": "#FFA500",
                  "borderStyle": "double",
                  "color": "#FFA500",
                  "font-size": 11,
                  "font-weight": "bold"
                },
                "value": 2147483648
              },
              "Attribute": {
                "value": "Temperatura Gas de Succión | Planta y Proceso"
              },
              "UOM": {
                "value": "°F"
              },
              "actualValue": {
                "value": 2147483648
              }
            },
            {
              "2023-01-12 12:39": {
                "style": {
                  "border-width": "4px",
                  "borderColor": "#FFA500",
                  "borderStyle": "double",
                  "color": "#FFA500",
                  "font-size": 11,
                  "font-weight": "bold"
                },
                "value": 2147483648
              },
              "2023-01-12 12:49": {
                "style": {
                  "border-width": "4px",
                  "borderColor": "#FFA500",
                  "borderStyle": "double",
                  "color": "#FFA500",
                  "font-size": 11,
                  "font-weight": "bold"
                },
                "value": 2147483648
              },
              "2023-01-12 12:59": {
                "style": {
                  "border-width": "4px",
                  "borderColor": "#FFA500",
                  "borderStyle": "double",
                  "color": "#FFA500",
                  "font-size": 11,
                  "font-weight": "bold"
                },
                "value": 2147483648
              },
              "2023-01-12 13:09": {
                "style": {
                  "border-width": "4px",
                  "borderColor": "#FFA500",
                  "borderStyle": "double",
                  "color": "#FFA500",
                  "font-size": 11,
                  "font-weight": "bold"
                },
                "value": 2147483648
              },
              "Attribute": {
                "value": "Temperatura Gas Descarga Final | Planta y Proceso"
              },
              "UOM": {
                "value": "°F"
              },
              "actualValue": {
                "value": 2147483648
              }
            },
            {
              "2023-01-12 12:39": {
                "style": {
                  "border-width": "4px",
                  "borderColor": "#FFA500",
                  "borderStyle": "double",
                  "color": "#FFA500",
                  "font-size": 11,
                  "font-weight": "bold"
                },
                "value": 2147483648
              },
              "2023-01-12 12:49": {
                "style": {
                  "border-width": "4px",
                  "borderColor": "#FFA500",
                  "borderStyle": "double",
                  "color": "#FFA500",
                  "font-size": 11,
                  "font-weight": "bold"
                },
                "value": 2147483648
              },
              "2023-01-12 12:59": {
                "style": {
                  "border-width": "4px",
                  "borderColor": "#FFA500",
                  "borderStyle": "double",
                  "color": "#FFA500",
                  "font-size": 11,
                  "font-weight": "bold"
                },
                "value": 2147483648
              },
              "2023-01-12 13:09": {
                "style": {
                  "border-width": "4px",
                  "borderColor": "#FFA500",
                  "borderStyle": "double",
                  "color": "#FFA500",
                  "font-size": 11,
                  "font-weight": "bold"
                },
                "value": 2147483648
              },
              "Attribute": {
                "value": "Temperatura Manifold de Aire Motor | Manifold de Admisión"
              },
              "UOM": {
                "value": "°F"
              },
              "actualValue": {
                "value": 2147483648
              }
            },
            {
              "2023-01-12 12:39": {
                "style": {
                  "border-width": "4px",
                  "borderColor": "#FFA500",
                  "borderStyle": "double",
                  "color": "#FFA500",
                  "font-size": 11,
                  "font-weight": "bold"
                },
                "value": 2147483648
              },
              "2023-01-12 12:49": {
                "style": {
                  "border-width": "4px",
                  "borderColor": "#FFA500",
                  "borderStyle": "double",
                  "color": "#FFA500",
                  "font-size": 11,
                  "font-weight": "bold"
                },
                "value": 2147483648
              },
              "2023-01-12 12:59": {
                "style": {
                  "border-width": "4px",
                  "borderColor": "#FFA500",
                  "borderStyle": "double",
                  "color": "#FFA500",
                  "font-size": 11,
                  "font-weight": "bold"
                },
                "value": 2147483648
              },
              "2023-01-12 13:09": {
                "style": {
                  "border-width": "4px",
                  "borderColor": "#FFA500",
                  "borderStyle": "double",
                  "color": "#FFA500",
                  "font-size": 11,
                  "font-weight": "bold"
                },
                "value": 2147483648
              },
              "Attribute": {
                "value": "Temperatura Refrigerante Sistema Auxiliar | Sistema Refrigeración Auxiliar"
              },
              "UOM": {
                "value": "°F"
              },
              "actualValue": {
                "value": 2147483648
              }
            },
            {
              "2023-01-12 12:39": {
                "style": {
                  "border-width": "4px",
                  "borderColor": "#FFA500",
                  "borderStyle": "double",
                  "color": "#FFA500",
                  "font-size": 11,
                  "font-weight": "bold"
                },
                "value": 2147483648
              },
              "2023-01-12 12:49": {
                "style": {
                  "border-width": "4px",
                  "borderColor": "#FFA500",
                  "borderStyle": "double",
                  "color": "#FFA500",
                  "font-size": 11,
                  "font-weight": "bold"
                },
                "value": 2147483648
              },
              "2023-01-12 12:59": {
                "style": {
                  "border-width": "4px",
                  "borderColor": "#FFA500",
                  "borderStyle": "double",
                  "color": "#FFA500",
                  "font-size": 11,
                  "font-weight": "bold"
                },
                "value": 2147483648
              },
              "2023-01-12 13:09": {
                "style": {
                  "border-width": "4px",
                  "borderColor": "#FFA500",
                  "borderStyle": "double",
                  "color": "#FFA500",
                  "font-size": 11,
                  "font-weight": "bold"
                },
                "value": 2147483648
              },
              "Attribute": {
                "value": "Temperatura Refrigerante Sistema Principal | Sistema Refrigeración Principal"
              },
              "UOM": {
                "value": "°F"
              },
              "actualValue": {
                "value": 2147483648
              }
            },
            {
              "2023-01-12 12:39": {
                "style": {
                  "border-width": "4px",
                  "borderColor": "#FFA500",
                  "borderStyle": "double",
                  "color": "#FFA500",
                  "font-size": 11,
                  "font-weight": "bold"
                },
                "value": 2147483648
              },
              "2023-01-12 12:49": {
                "style": {
                  "border-width": "4px",
                  "borderColor": "#FFA500",
                  "borderStyle": "double",
                  "color": "#FFA500",
                  "font-size": 11,
                  "font-weight": "bold"
                },
                "value": 2147483648
              },
              "2023-01-12 12:59": {
                "style": {
                  "border-width": "4px",
                  "borderColor": "#FFA500",
                  "borderStyle": "double",
                  "color": "#FFA500",
                  "font-size": 11,
                  "font-weight": "bold"
                },
                "value": 2147483648
              },
              "2023-01-12 13:09": {
                "style": {
                  "border-width": "4px",
                  "borderColor": "#FFA500",
                  "borderStyle": "double",
                  "color": "#FFA500",
                  "font-size": 11,
                  "font-weight": "bold"
                },
                "value": 2147483648
              },
              "Attribute": {
                "value": "Velocidad | Motor Combustión"
              },
              "UOM": {
                "value": "rpm"
              },
              "actualValue": {
                "value": 2147483648
              }
            }
          ],
          "emptyMessage": {
            "noData": {
              "icon": {
                "color": "#FFFFFF",
                "path": "material/360",
                "style": {
                  "backgroundColor": "303030"
                }
              },
              "text": "Esperando datos...",
              "textStyle": {
                "color": "#FFFFFF",
                "fontFamily": "Roboto",
                "fontSize": 20
              }
            },
            "style": {
              "classes": "PopiedadesTabla/Exterran-Style-EmpityMessagebackground"
            }
          },
          "headerStyle": {
            "classes": "ExterranHistoricoDeEventos/TablaPropiedades/Table-Header"
          },
          "pager": {
            "bottom": false
          },
          "style": {
            "backgroundColor": "#454D55",
            "classes": "PopiedadesTabla/Exterran-Style-TablaVariables-Cells"
          },
          "virtualized": false
        },
        "scripts": {
          "customMethods": [],
          "extensionFunctions": null,
          "messageHandlers": [
            {
              "messageType": "botonExcel",
              "pageScope": true,
              "script": "#list \u003d self.getSibling(\"Table\").custom.dataexcel\n\tdef jsonToDataset(list):\n\t\tcolumns \u003d []\n\t\t#myDict \u003d dict(list[0]).keys()\n\t\t\n\t\ti\u003d0\n\t\tfor i in range(len(self.getSibling(\"Table\").props.columns)):\n\t\t\tki \u003d i\n\t\t\tcolumns.append(self.getSibling(\"Table\").props.columns[ki].field)\n\t\t\t\n\t\tdata \u003d []\n\t\tfor item in list:\n\t\t\trow \u003d []\n\t\t\tfor column in columns:\n\t\t\t\tcellValue \u003d item.get(column, \u0027\u0027)\n\t\t\t\ttry:\n\t\t\t\t\tdict(cellValue)\n\t\t\t\t\tcellValue \u003d cellValue[\u0027value\u0027]\n\t\t\t\texcept:\n\t\t\t\t\tpass\n\t\t\t\trow.append(cellValue)\n\t\t\tdata.append(row)\n\t\t\tsystem.perspective.print(str(\u0027COLUMNAS\u0027) + \u0027 \u0027 + str(columns))\n\t\treturn system.dataset.toDataSet(columns, data)\n#\tsystem.perspective.print(str(columns))\n#\tsystem.perspective.print(str(data))\n\tjson \u003d self.getSibling(\"Table\").props.data\n\tdata \u003d jsonToDataset(json)\n\tExcel_xlsx \u003d system.dataset.toExcel(True,[data])\n\tsystem.perspective.download(\"DetalleVariables.xlsx\",Excel_xlsx)",
              "sessionScope": false,
              "viewScope": false
            }
          ]
        },
        "type": "ia.display.table"
      },
      {
        "custom": {
          "datacount": "",
          "fechaint": "10m",
          "intervalo": 10,
          "myColumn": {
            "align": "center",
            "boolean": "checkbox",
            "dateFormat": "MM/DD/YYYY",
            "editable": false,
            "field": "2023-01-12 12:39",
            "footer": {
              "align": "center",
              "justify": "left",
              "style": {
                "classes": ""
              },
              "title": ""
            },
            "header": {
              "align": "center",
              "justify": "center",
              "style": {
                "classes": "PopiedadesTabla/Exterran-Style-ColumnHeader"
              },
              "title": "2023-01-12 15:39"
            },
            "justify": "center",
            "number": "value",
            "numberFormat": "0,0.##",
            "progressBar": {
              "bar": {
                "color": "",
                "style": {
                  "classes": ""
                }
              },
              "max": 100,
              "min": 0,
              "track": {
                "color": "",
                "style": {
                  "classes": ""
                }
              },
              "value": {
                "enabled": true,
                "format": "0,0.##",
                "justify": "center",
                "style": {
                  "classes": ""
                }
              }
            },
            "render": "auto",
            "resizable": false,
            "sort": "none",
            "sortable": true,
            "strictWidth": false,
            "style": {
              "classes": "",
              "color": "#FFFFFF",
              "fontFamily": "Roboto",
              "fontSize": 11
            },
            "toggleSwitch": {
              "color": {
                "selected": "",
                "unselected": ""
              }
            },
            "viewParams": {},
            "viewPath": "",
            "visible": true,
            "width": "10%"
          }
        },
        "meta": {
          "name": "Table",
          "tooltip": {
            "enabled": true
          },
          "visible": false
        },
        "position": {
          "height": 200,
          "width": "1620"
        },
        "propConfig": {
          "custom.path": {
            "binding": {
              "config": {
                "parameters": {
                  "Activo": "{view.params.datos}"
                },
                "queryPath": "Queries Tablas/InformacionActivos/VariablesTemporales/RTQP-PathActivo",
                "returnFormat": "scalar"
              },
              "type": "query"
            }
          },
          "meta.tooltip.text": {
            "binding": {
              "config": {
                "path": "this.props.selection.data[0]"
              },
              "transforms": [
                {
                  "code": "\treturn str(value[\u0027Attribute\u0027])+\"|\"+ (value[\u0027UOM\u0027])",
                  "type": "script"
                }
              ],
              "type": "property"
            }
          },
          "props.data": {
            "binding": {
              "config": {
                "enableValueCache": false,
                "parameters": {
                  "camino": "{this.custom.path}",
                  "endTime": "{../IniciarBusqueda.custom.endTime}",
                  "intervalo": "{this.custom.fechaint}",
                  "stTime": "{../IniciarBusqueda.custom.stTime}"
                },
                "queryPath": "Queries Tablas/InformacionActivos/VariablesTemporales/RTQP-VariablesPINTAR",
                "returnFormat": "json"
              },
              "transforms": [
                {
                  "code": "\tself.getSibling(\"Table_new\").props.columns \u003d []\n\tself.getSibling(\"Table_new\").props.data \u003d []\n\tnewRows \u003d []\n\tcolumnas \u003d []\n\tprimerAt \u003d value[0][\u0027Attribute\u0027]\n\taux \u003d 0\n\tfirstRow \u003d 0\n\tactual \u003d 0\n\texiste \u003d False\n\tbackgroundColor \u003d \u0027#001f3f\u0027  # azul\n\trojo \u003d \u0027#FFA500\u0027 # rojo borderColor \n\tamarillo \u003d \u0027#FFFF00\u0027 #amarillo borderColor    #ffc107\n\tblancob \u003d \u0027#FFFFFF\u0027 #self.props.cells.style.borderColor # blanco borderColor \n\tblanco \u003d \u0027#FFFFFF\u0027 # blanco textColor \n\toffset \u003d int(self.getSibling(\"IniciarBusqueda\").custom.offset)\n    \n\tself.custom.myColumn.field \u003d \u0027Attribute\u0027\n\tself.custom.myColumn.header.title \u003d \u0027Atributo\u0027\n\tcolumnas.append(self.custom.myColumn)\n\tself.custom.myColumn.field \u003d \u0027actualValue\u0027\n\tself.custom.myColumn.header.title \u003d \u0027Valor Actual\u0027\n\tcolumnas.append(self.custom.myColumn)\n\tself.custom.myColumn.field \u003d \u0027UOM\u0027\n\tself.custom.myColumn.header.title \u003d \u0027UOM\u0027\n\tcolumnas.append(self.custom.myColumn)\n    \n\tfor firstRow in range(len(value)):\n\t\tactual \u003d firstRow\n\t\tif value[actual][\u0027Attribute\u0027] \u003d\u003d primerAt:\n            \n\t\t\tdateColName \u003d system.date.parse(value[actual][\u0027myTiempo\u0027], \"yyyy-MM-dd HH:mm\") #ANDA pero da la hora del servidor\n\t\t\tcolName \u003d system.db.dateFormat(dateColName,  \"yyyy-MM-dd HH:mm\")\n            \n\t\t\tself.custom.myColumn.field \u003d colName\n\t\t\t#self.custom.myColumn.header.title \u003d system.db.dateFormat(dateColName,  \"yyyy-MM-dd HH:mm\")\n\t\t\tself.custom.myColumn.header.title \u003d system.db.dateFormat(system.date.addHours(dateColName, offset),  \"yyyy-MM-dd HH:mm\")\n\t\t\tcolumnas.append(self.custom.myColumn)\n\t\t\t#columnas\u003d[]\n\t\taux \u003d 0\n\t\texiste \u003d False\n\t\tfor aux in range(len(newRows)):\n\t\t\tif value[actual][\u0027Attribute\u0027] \u003d\u003d newRows[aux][\u0027Attribute\u0027]:\n\t\t\t\texiste \u003d True\n            \n\t\tif not(existe):\n\t\t\tmyDiccio \u003d {}\t\n\t\t\tmyDiccio[\u0027Attribute\u0027] \u003d {\u0027value\u0027: value[actual][\u0027Attribute\u0027]}\n\t\t\tmyDiccio[\u0027UOM\u0027] \u003d {\u0027value\u0027: value[actual][\u0027UOM\u0027]}\n\t\t\tmyDiccio[\u0027actualValue\u0027] \u003d {\u0027value\u0027: value[actual][\u0027actualValue\u0027]}\n            \n\t\t\taux \u003d 0\n\t\t\tfor aux in range(actual, (len(value))):\n\t\t\t\tdibujar \u003d False\n\t\t\t\t\n\t\t\t\trow \u003d aux\n\t\t\t\tdnhihi \u003d False\n\t\t\t\tdnhi \u003d False\n\t\t\t\tdnlolo \u003d False\n\t\t\t\tdnlo \u003d False\n\t\t\t\t\n\t\t\t\tdateColName \u003d system.date.parse(value[row][\u0027myTiempo\u0027], \"yyyy-MM-dd HH:mm\") #ANDA pero da la hora del servidor\n\t\t\t\tcolName \u003d system.db.dateFormat(dateColName,  \"yyyy-MM-dd HH:mm\")\n                \n\t\t\t\tif value[row][\u0027Value\u0027] \u003e value[row][\u0027HiHi\u0027] and not(value[row][\u0027HiHi\u0027] is None):\n\t\t\t\t\tmyDiccio[colName] \u003d {\u0027value\u0027: value[row][\u0027Value\u0027], \u0027style\u0027: {\u0027borderStyle\u0027: \u0027double\u0027, \u0027border-width\u0027: \u00274px\u0027,\u0027border-width\u0027: \u00274px\u0027, \u0027borderColor\u0027: rojo, \u0027color\u0027: rojo, \u0027font-weight\u0027: \u0027bold\u0027, \u0027font-size\u0027: 11}}\n\t\t\t\t\tdnhihi \u003d True\n                \n                #aca pinto todo de amarillo entre hi y hh\n\t\t\t\tif\tvalue[row][\u0027Value\u0027] \u003e value[row][\u0027Hi\u0027] and not(dnhihi) and not(value[row][\u0027Hi\u0027] is None):\n\t\t\t\t\tmyDiccio[colName] \u003d {\u0027value\u0027: value[row][\u0027Value\u0027], \u0027style\u0027: {\u0027borderStyle\u0027: \u0027double\u0027,\u0027border-width\u0027: \u00274px\u0027,\u0027borderColor\u0027: amarillo, \u0027color\u0027: amarillo, \u0027font-weight\u0027: \u0027bold\u0027, \u0027font-size\u0027: 11}}  \n\t\t\t\t\tdnhi \u003d True\n                    \n                #aca pinto todo de rojo superando HiHi\t\t\t\n\t\t\t\tif value[row][\u0027Value\u0027] \u003c value[row][\u0027LoLo\u0027] and not(dnhihi) and not(dnhi) and not(value[row][\u0027LoLo\u0027] is None): \n\t\t\t\t\tmyDiccio[colName] \u003d {\u0027value\u0027: value[row][\u0027Value\u0027], \u0027style\u0027: {\u0027borderStyle\u0027: \u0027double\u0027,\u0027border-width\u0027: \u00274px\u0027,\u0027borderColor\u0027: rojo, \u0027color\u0027: rojo, \u0027font-weight\u0027: \u0027bold\u0027, \u0027font-size\u0027: 11}}\n\t\t\t\t\tdnlolo \u003d True\n                    \n\t\t\t\tif value[row][\u0027Value\u0027] \u003c value[row][\u0027Lo\u0027] and not(dnhihi) and not(dnhi) and not(dnlolo) and not(value[row][\u0027Lo\u0027] is None): \n\t\t\t\t\tmyDiccio[colName] \u003d {\u0027value\u0027: value[row][\u0027Value\u0027], \u0027style\u0027: {\u0027borderStyle\u0027: \u0027double\u0027,\u0027border-width\u0027: \u00274px\u0027,\u0027borderColor\u0027: amarillo, \u0027color\u0027: amarillo, \u0027font-weight\u0027: \u0027bold\u0027, \u0027font-size\u0027: 11}}\n\t\t\t\t\tdnlo \u003d True\n                    \n\t\t\t\tif not(dnlo) and not(dnlolo) and not(dnhi) and not(dnhihi):\n\t\t\t\t\tmyDiccio[colName] \u003d {\u0027value\u0027: value[row][\u0027Value\u0027]}\n                \n\t\t\t\ttry:\n\t\t\t\t\tif value[aux][\u0027Attribute\u0027] \u003c\u003e value[aux+1][\u0027Attribute\u0027]:\n\t\t\t\t\t\tbreak\n\t\t\t\texcept:\n\t\t\t\t\tbreak\n            \n\t\t\tnewRows.append(myDiccio)\n\trow \u003d 0\n\tnewNewRows \u003d []\n\tmaxRows \u003d len(newRows[0])\n\t        \n\trow \u003d 0\n\tnewNewRows \u003d []\n\tfor row in range(len(newRows)):\n\t\tactual \u003d row\n\t\tif len(newRows[actual])\u003e\u003dmaxRows:\n\t\t\tnewNewRows.append(newRows[actual])\n\t\n\tself.getSibling(\"Table_new\").props.columns \u003d columnas\n\tself.getSibling(\"Table_new\").position.width \u003d 520+(100*(len(columnas)+1))\n\tself.getSibling(\"IniciarBusqueda\").props.style.backgroundColor \u003d \u0027green\u0027\n\tself.getSibling(\"Table_new\").props.data \u003d newNewRows\n\tself.getSibling(\"Table_new\").props.columns[0].width \u003d 300\n\t    \n\treturn value",
                  "type": "script"
                }
              ],
              "type": "query"
            }
          }
        },
        "props": {
          "bodyStyle": {
            "classes": "PopiedadesTabla/Exterran-Style-Table-bodyStyle"
          },
          "cells": {
            "style": {
              "backgroundColor": "#454D55",
              "classes": "PopiedadesTabla/Exterran-Style-TablaVariables-Cells"
            }
          },
          "columns": [
            {
              "align": "center",
              "boolean": "checkbox",
              "dateFormat": "MM/DD/YYYY",
              "editable": false,
              "field": "Attribute",
              "footer": {
                "align": "center",
                "justify": "left",
                "style": {
                  "classes": ""
                },
                "title": ""
              },
              "header": {
                "align": "center",
                "justify": "center",
                "style": {
                  "classes": "PopiedadesTabla/Exterran-Style-ColumnHeader"
                },
                "title": "Attribute"
              },
              "justify": "center",
              "number": "value",
              "numberFormat": "0,0.##",
              "progressBar": {
                "bar": {
                  "color": "",
                  "style": {
                    "classes": ""
                  }
                },
                "max": 100,
                "min": 0,
                "track": {
                  "color": "",
                  "style": {
                    "classes": ""
                  }
                },
                "value": {
                  "enabled": true,
                  "format": "0,0.##",
                  "justify": "center",
                  "style": {
                    "classes": ""
                  }
                }
              },
              "render": "auto",
              "resizable": false,
              "sort": "none",
              "sortable": true,
              "strictWidth": false,
              "style": {
                "classes": "",
                "color": "#FFFFFF",
                "fontFamily": "Roboto",
                "fontSize": 11
              },
              "toggleSwitch": {
                "color": {
                  "selected": "",
                  "unselected": ""
                }
              },
              "viewParams": {},
              "viewPath": "",
              "visible": true,
              "width": "10%"
            },
            {
              "align": "center",
              "boolean": "checkbox",
              "dateFormat": "MM/DD/YYYY",
              "editable": false,
              "field": "UOM",
              "footer": {
                "align": "center",
                "justify": "left",
                "style": {
                  "classes": ""
                },
                "title": ""
              },
              "header": {
                "align": "center",
                "justify": "center",
                "style": {
                  "classes": "PopiedadesTabla/Exterran-Style-ColumnHeader"
                },
                "title": "UOM"
              },
              "justify": "center",
              "number": "value",
              "numberFormat": "0,0.##",
              "progressBar": {
                "bar": {
                  "color": "",
                  "style": {
                    "classes": ""
                  }
                },
                "max": 100,
                "min": 0,
                "track": {
                  "color": "",
                  "style": {
                    "classes": ""
                  }
                },
                "value": {
                  "enabled": true,
                  "format": "0,0.##",
                  "justify": "center",
                  "style": {
                    "classes": ""
                  }
                }
              },
              "render": "auto",
              "resizable": false,
              "sort": "none",
              "sortable": true,
              "strictWidth": false,
              "style": {
                "classes": "",
                "color": "#FFFFFF",
                "fontFamily": "Roboto",
                "fontSize": 11
              },
              "toggleSwitch": {
                "color": {
                  "selected": "",
                  "unselected": ""
                }
              },
              "viewParams": {},
              "viewPath": "",
              "visible": true,
              "width": "10%"
            },
            {
              "align": "center",
              "boolean": "checkbox",
              "dateFormat": "MM/DD/YYYY",
              "editable": false,
              "field": "2023-01-12 08:55",
              "footer": {
                "align": "center",
                "justify": "left",
                "style": {
                  "classes": ""
                },
                "title": ""
              },
              "header": {
                "align": "center",
                "justify": "center",
                "style": {
                  "classes": "PopiedadesTabla/Exterran-Style-ColumnHeader"
                },
                "title": "2023-01-12 11:55"
              },
              "justify": "center",
              "number": "value",
              "numberFormat": "0,0.##",
              "progressBar": {
                "bar": {
                  "color": "",
                  "style": {
                    "classes": ""
                  }
                },
                "max": 100,
                "min": 0,
                "track": {
                  "color": "",
                  "style": {
                    "classes": ""
                  }
                },
                "value": {
                  "enabled": true,
                  "format": "0,0.##",
                  "justify": "center",
                  "style": {
                    "classes": ""
                  }
                }
              },
              "render": "auto",
              "resizable": false,
              "sort": "none",
              "sortable": true,
              "strictWidth": false,
              "style": {
                "classes": "",
                "color": "#FFFFFF",
                "fontFamily": "Roboto",
                "fontSize": 11
              },
              "toggleSwitch": {
                "color": {
                  "selected": "",
                  "unselected": ""
                }
              },
              "viewParams": {},
              "viewPath": "",
              "visible": true,
              "width": "10%"
            },
            {
              "align": "center",
              "boolean": "checkbox",
              "dateFormat": "MM/DD/YYYY",
              "editable": false,
              "field": "2023-01-12 08:45",
              "footer": {
                "align": "center",
                "justify": "left",
                "style": {
                  "classes": ""
                },
                "title": ""
              },
              "header": {
                "align": "center",
                "justify": "center",
                "style": {
                  "classes": "PopiedadesTabla/Exterran-Style-ColumnHeader"
                },
                "title": "2023-01-12 11:45"
              },
              "justify": "center",
              "number": "value",
              "numberFormat": "0,0.##",
              "progressBar": {
                "bar": {
                  "color": "",
                  "style": {
                    "classes": ""
                  }
                },
                "max": 100,
                "min": 0,
                "track": {
                  "color": "",
                  "style": {
                    "classes": ""
                  }
                },
                "value": {
                  "enabled": true,
                  "format": "0,0.##",
                  "justify": "center",
                  "style": {
                    "classes": ""
                  }
                }
              },
              "render": "auto",
              "resizable": false,
              "sort": "none",
              "sortable": true,
              "strictWidth": false,
              "style": {
                "classes": "",
                "color": "#FFFFFF",
                "fontFamily": "Roboto",
                "fontSize": 11
              },
              "toggleSwitch": {
                "color": {
                  "selected": "",
                  "unselected": ""
                }
              },
              "viewParams": {},
              "viewPath": "",
              "visible": true,
              "width": "10%"
            },
            {
              "align": "center",
              "boolean": "checkbox",
              "dateFormat": "MM/DD/YYYY",
              "editable": false,
              "field": "2023-01-12 08:35",
              "footer": {
                "align": "center",
                "justify": "left",
                "style": {
                  "classes": ""
                },
                "title": ""
              },
              "header": {
                "align": "center",
                "justify": "center",
                "style": {
                  "classes": "PopiedadesTabla/Exterran-Style-ColumnHeader"
                },
                "title": "2023-01-12 11:35"
              },
              "justify": "center",
              "number": "value",
              "numberFormat": "0,0.##",
              "progressBar": {
                "bar": {
                  "color": "",
                  "style": {
                    "classes": ""
                  }
                },
                "max": 100,
                "min": 0,
                "track": {
                  "color": "",
                  "style": {
                    "classes": ""
                  }
                },
                "value": {
                  "enabled": true,
                  "format": "0,0.##",
                  "justify": "center",
                  "style": {
                    "classes": ""
                  }
                }
              },
              "render": "auto",
              "resizable": false,
              "sort": "none",
              "sortable": true,
              "strictWidth": false,
              "style": {
                "classes": "",
                "color": "#FFFFFF",
                "fontFamily": "Roboto",
                "fontSize": 11
              },
              "toggleSwitch": {
                "color": {
                  "selected": "",
                  "unselected": ""
                }
              },
              "viewParams": {},
              "viewPath": "",
              "visible": true,
              "width": "10%"
            },
            {
              "align": "center",
              "boolean": "checkbox",
              "dateFormat": "MM/DD/YYYY",
              "editable": false,
              "field": "2023-01-12 08:25",
              "footer": {
                "align": "center",
                "justify": "left",
                "style": {
                  "classes": ""
                },
                "title": ""
              },
              "header": {
                "align": "center",
                "justify": "center",
                "style": {
                  "classes": "PopiedadesTabla/Exterran-Style-ColumnHeader"
                },
                "title": "2023-01-12 11:25"
              },
              "justify": "center",
              "number": "value",
              "numberFormat": "0,0.##",
              "progressBar": {
                "bar": {
                  "color": "",
                  "style": {
                    "classes": ""
                  }
                },
                "max": 100,
                "min": 0,
                "track": {
                  "color": "",
                  "style": {
                    "classes": ""
                  }
                },
                "value": {
                  "enabled": true,
                  "format": "0,0.##",
                  "justify": "center",
                  "style": {
                    "classes": ""
                  }
                }
              },
              "render": "auto",
              "resizable": false,
              "sort": "none",
              "sortable": true,
              "strictWidth": false,
              "style": {
                "classes": "",
                "color": "#FFFFFF",
                "fontFamily": "Roboto",
                "fontSize": 11
              },
              "toggleSwitch": {
                "color": {
                  "selected": "",
                  "unselected": ""
                }
              },
              "viewParams": {},
              "viewPath": "",
              "visible": true,
              "width": "10%"
            }
          ],
          "emptyMessage": {
            "noData": {
              "icon": {
                "color": "#FFFFFF",
                "path": "material/360",
                "style": {
                  "backgroundColor": "303030"
                }
              },
              "text": "Esperando datos...",
              "textStyle": {
                "color": "#FFFFFF",
                "fontFamily": "Roboto",
                "fontSize": 20
              }
            },
            "style": {
              "classes": "PopiedadesTabla/Exterran-Style-EmpityMessagebackground"
            }
          },
          "headerStyle": {
            "classes": "ExterranHistoricoDeEventos/TablaPropiedades/Table-Header"
          },
          "pager": {
            "bottom": false,
            "top": true
          },
          "style": {
            "backgroundColor": "#454D55",
            "classes": "PopiedadesTabla/Exterran-Style-TablaVariables-Cells"
          },
          "virtualized": false
        },
        "scripts": {
          "customMethods": [],
          "extensionFunctions": null,
          "messageHandlers": [
            {
              "messageType": "botonExcel",
              "pageScope": true,
              "script": "#list \u003d self.getSibling(\"Table\").custom.dataexcel\n\tdef jsonToDataset(list):\n\t\tcolumns \u003d []\n\t\t#myDict \u003d dict(list[0]).keys()\n\t\t\n\t\ti\u003d0\n\t\tfor i in range(len(self.getSibling(\"Table\").props.columns)):\n\t\t\tki \u003d i\n\t\t\tcolumns.append(self.getSibling(\"Table\").props.columns[ki].field)\n\t\t\t\n\t\tdata \u003d []\n\t\tfor item in list:\n\t\t\trow \u003d []\n\t\t\tfor column in columns:\n\t\t\t\tcellValue \u003d item.get(column, \u0027\u0027)\n\t\t\t\ttry:\n\t\t\t\t\tdict(cellValue)\n\t\t\t\t\tcellValue \u003d cellValue[\u0027value\u0027]\n\t\t\t\texcept:\n\t\t\t\t\tpass\n\t\t\t\trow.append(cellValue)\n\t\t\tdata.append(row)\n\t\t\tsystem.perspective.print(str(\u0027COLUMNAS\u0027) + \u0027 \u0027 + str(columns))\n\t\treturn system.dataset.toDataSet(columns, data)\n#\tsystem.perspective.print(str(columns))\n#\tsystem.perspective.print(str(data))\n\tjson \u003d self.getSibling(\"Table\").props.data\n\tdata \u003d jsonToDataset(json)\n\tExcel_xlsx \u003d system.dataset.toExcel(True,[data])\n\tsystem.perspective.download(\"DetalleVariables.xlsx\",Excel_xlsx)",
              "sessionScope": false,
              "viewScope": false
            }
          ]
        },
        "type": "ia.display.table"
      }
    ],
    "events": {
      "system": {
        "onStartup": {
          "config": {
            "script": "\t\tsystem.perspective.sendMessage(messageType\u003d\u0027mensajitodock\u0027, payload\u003d{\u0027mensajitodock\u0027: self.view.params.datos}, scope\u003d\u0027page\u0027)\n\t\tsystem.perspective.sendMessage(messageType\u003d\u0027mensajitotitulo\u0027, payload\u003d{\u0027mensajitotitulo\u0027:self.view.params.titulo}, scope\u003d\u0027page\u0027)\n\t\tself.getChild(\"IniciarBusqueda\").custom.endTime \u003d \"*\"\n\t\tself.getChild(\"IniciarBusqueda\").custom.stTime \u003d \"*-30m\"\n\t\tself.getChild(\"FechaHora-Hasta\").props.value \u003d system.date.now()\n\t\tself.getChild(\"FechaHora-desde\").props.value \u003d system.date.addMinutes(system.date.now(), -30)\n"
          },
          "scope": "G",
          "type": "script"
        }
      }
    },
    "meta": {
      "name": "root"
    },
    "position": {
      "x": -903.96875,
      "y": 439.3125
    },
    "props": {
      "style": {
        "backgroundColor": "#454d55",
        "fontSize": "16px"
      }
    },
    "type": "ia.container.coord"
  }
}