{
  "custom": {},
  "params": {
    "datos": "215532-043",
    "titulo": ""
  },
  "propConfig": {
    "params.datos": {
      "paramDirection": "input",
      "persistent": true
    },
    "params.titulo": {
      "paramDirection": "input",
      "persistent": true
    }
  },
  "props": {
    "defaultSize": {
      "height": 1196,
      "width": 2081
    }
  },
  "root": {
    "children": [
      {
        "meta": {
          "name": "DatosLabel",
          "visible": false
        },
        "position": {
          "height": 20,
          "width": 20,
          "x": 50,
          "y": 300
        },
        "props": {
          "text": [
            {
              "ACTIVO": "15156b",
              "CONEXION": "50.0",
              "DISTRITO": "TORONTO2",
              "ESTADOIJ": "Marcha",
              "ElementID": "b3fa6413-5950-11ed-907e-00090ffe0001",
              "HSMARCHAIJ": 50,
              "LOCACION": "SECOND WELL",
              "PAIS": "CANADA",
              "REGION": "NA3",
              "YACIMIENTO": "TORONTO CITY2",
              "column_11": "",
              "column_12": "",
              "column_13": ""
            }
          ]
        },
        "type": "ia.display.label"
      },
      {
        "meta": {
          "name": "Table"
        },
        "position": {
          "width": "99%",
          "x": 2,
          "y": 10
        },
        "propConfig": {
          "custom.dataexcel": {
            "binding": {
              "config": {
                "parameters": {
                  "myActivo": "{view.params.datos}"
                },
                "queryPath": "Queries Tablas/InformacionActivos/RTQP-SetPoint",
                "returnFormat": "json"
              },
              "transforms": [
                {
                  "code": "\ttry:\n\t\tpydset \u003d value\n\t\tbackgroundColor \u003d \u0027#001f3f\u0027  # azul\n\t\trojo \u003d \u0027#FFA500\u0027 # rojo borderColor \n\t\tamarillo \u003d \u0027#FFFF00\u0027 #amarillo borderColor    #ffc107\n\t\tblancob \u003d self.props.cells.style.borderColor # blanco borderColor \n\t\tblanco \u003d \u0027#FFFFFF\u0027 # blanco textColor \n\t\treturned_rows \u003d []\n\t\tlargo \u003d len(pydset)\n\t\tfor row2 in range(largo):\n\t\t\trow \u003d row2\n\t\t\trow_dict \u003d {}\n\t\t\tdnhihi \u003d False\n\t\t\tdnhi \u003d False\n\t\t\tdnlolo \u003d False\n\t\t\tdnlo \u003d False\n\t\t\t\n\t\t\tif value[row][\u0027Value\u0027] \u003e value[row][\u0027HiHi\u0027] and not(value[row][\u0027HiHi\u0027] is None):\n\n\t\t\t\trow_dict[\u0027Shortname\u0027] \u003d {\u0027value\u0027: value[row][\u0027Shortname\u0027], \u0027style\u0027: {\u0027borderStyle\u0027: \u0027double\u0027, \u0027border-width\u0027: \u00274px\u0027, \u0027borderColor\u0027: rojo, \u0027color\u0027: rojo, \u0027font-weight\u0027: \u0027bold\u0027, \u0027font-size\u0027: 11}}\n\t\t\t\trow_dict[\u0027LoLo\u0027] \u003d {\u0027value\u0027: value[row][\u0027LoLo\u0027], \u0027style\u0027: {\u0027borderColor\u0027: blancob, \u0027color\u0027: blanco}}\n\t\t\t\trow_dict[\u0027Lo\u0027] \u003d {\u0027value\u0027: value[row][\u0027Lo\u0027], \u0027style\u0027: {\u0027borderColor\u0027: blancob, \u0027color\u0027: blanco}}\n\t\t\t\trow_dict[\u0027Hi\u0027] \u003d {\u0027value\u0027: value[row][\u0027Hi\u0027], \u0027style\u0027: {\u0027borderColor\u0027: blancob, \u0027color\u0027: blanco}}\n\t\t\t\trow_dict[\u0027HiHi\u0027] \u003d {\u0027value\u0027: value[row][\u0027HiHi\u0027], \u0027style\u0027: {\u0027borderStyle\u0027: \u0027double\u0027, \u0027border-width\u0027: \u00274px\u0027, \u0027borderColor\u0027: rojo, \u0027color\u0027: rojo, \u0027font-weight\u0027: \u0027bold\u0027, \u0027font-size\u0027: 11}}\n\t\t\t\trow_dict[\u0027Value\u0027] \u003d {\u0027value\u0027: value[row][\u0027Value\u0027], \u0027style\u0027: {\u0027borderStyle\u0027: \u0027double\u0027, \u0027border-width\u0027: \u00274px\u0027, \u0027borderColor\u0027: rojo, \u0027color\u0027: rojo, \u0027font-weight\u0027: \u0027bold\u0027, \u0027font-size\u0027: 11}}\n\t\t\t\trow_dict[\u0027Name\u0027] \u003d {\u0027value\u0027: value[row][\u0027Name\u0027], \u0027style\u0027: {\u0027borderStyle\u0027: \u0027double\u0027, \u0027border-width\u0027: \u00274px\u0027,\u0027border-width\u0027: \u00274px\u0027, \u0027borderColor\u0027: rojo, \u0027color\u0027: rojo, \u0027font-weight\u0027: \u0027bold\u0027, \u0027font-size\u0027: 11}}\n\t\t\t\tdnhihi \u003d True\n\t\t\t\n\t\t\t#aca pinto todo de amarillo entre hi y hh\n\t\t\tif\tvalue[row][\u0027Value\u0027] \u003e value[row][\u0027Hi\u0027] and not(dnhihi) and not(value[row][\u0027Hi\u0027] is None):\n\n\t\t\t\trow_dict[\u0027Shortname\u0027] \u003d {\u0027value\u0027: value[row][\u0027Shortname\u0027], \u0027style\u0027: {\u0027borderStyle\u0027: \u0027double\u0027, \u0027border-width\u0027: \u00274px\u0027, \u0027borderColor\u0027: amarillo, \u0027color\u0027: amarillo, \u0027font-weight\u0027: \u0027bold\u0027, \u0027font-size\u0027: 11}}\n\t\t\t\trow_dict[\u0027LoLo\u0027] \u003d {\u0027value\u0027: value[row][\u0027LoLo\u0027], \u0027style\u0027: {\u0027borderColor\u0027: blancob, \u0027color\u0027: blanco}}\n\t\t\t\trow_dict[\u0027Lo\u0027] \u003d{\u0027value\u0027: value[row][\u0027Lo\u0027], \u0027style\u0027: {\u0027borderColor\u0027: blancob, \u0027color\u0027: blanco}}\n\t\t\t\trow_dict[\u0027Hi\u0027] \u003d {\u0027value\u0027: value[row][\u0027Hi\u0027], \u0027style\u0027: {\u0027borderStyle\u0027: \u0027double\u0027, \u0027border-width\u0027: \u00274px\u0027, \u0027borderColor\u0027: amarillo, \u0027color\u0027: amarillo, \u0027font-weight\u0027: \u0027bold\u0027, \u0027font-size\u0027: 11}}\n\t\t\t\trow_dict[\u0027HiHi\u0027] \u003d {\u0027value\u0027: value[row][\u0027HiHi\u0027], \u0027style\u0027: {\u0027borderColor\u0027: blancob, \u0027color\u0027: blanco}}\n\t\t\t\trow_dict[\u0027Value\u0027] \u003d {\u0027value\u0027: value[row][\u0027Value\u0027], \u0027style\u0027: {\u0027borderStyle\u0027: \u0027double\u0027, \u0027border-width\u0027: \u00274px\u0027, \u0027borderColor\u0027: amarillo, \u0027color\u0027: amarillo, \u0027font-weight\u0027: \u0027bold\u0027, \u0027font-size\u0027: 11}} #COLUMNA VALUE\n\t\t\t\trow_dict[\u0027Name\u0027] \u003d {\u0027value\u0027: value[row][\u0027Name\u0027], \u0027style\u0027: {\u0027borderStyle\u0027: \u0027double\u0027,\u0027border-width\u0027: \u00274px\u0027,\u0027borderColor\u0027: amarillo, \u0027color\u0027: amarillo, \u0027font-weight\u0027: \u0027bold\u0027, \u0027font-size\u0027: 11}}  \n\t\t\t\tdnhi \u003d True\n\t\t\t\t\n\t\t    #aca pinto todo de rojo superando HiHi\t\t\t\n\t\t\tif value[row][\u0027Value\u0027] \u003c value[row][\u0027LoLo\u0027] and not(dnhihi) and not(dnhi) and not(value[row][\u0027LoLo\u0027] is None): \n\n\t\t\t\trow_dict[\u0027Shortname\u0027] \u003d {\u0027value\u0027: value[row][\u0027Shortname\u0027], \u0027style\u0027: {\u0027borderStyle\u0027: \u0027double\u0027, \u0027border-width\u0027: \u00274px\u0027, \u0027borderColor\u0027: rojo, \u0027color\u0027: rojo, \u0027font-weight\u0027: \u0027bold\u0027, \u0027font-size\u0027: 11}}\n\t\t\t\trow_dict[\u0027LoLo\u0027] \u003d {\u0027value\u0027: value[row][\u0027LoLo\u0027], \u0027style\u0027: {\u0027borderStyle\u0027: \u0027double\u0027, \u0027border-width\u0027: \u00274px\u0027, \u0027borderColor\u0027: rojo, \u0027color\u0027: rojo, \u0027font-weight\u0027: \u0027bold\u0027, \u0027font-size\u0027: 11}}\n\t\t\t\trow_dict[\u0027Lo\u0027] \u003d {\u0027value\u0027: value[row][\u0027Lo\u0027], \u0027style\u0027: {\u0027borderColor\u0027: blancob, \u0027color\u0027: blanco}}\n\t\t\t\trow_dict[\u0027Hi\u0027] \u003d {\u0027value\u0027: value[row][\u0027Hi\u0027], \u0027style\u0027: {\u0027borderColor\u0027: blancob, \u0027color\u0027: blanco}}\n\t\t\t\trow_dict[\u0027HiHi\u0027] \u003d {\u0027value\u0027: value[row][\u0027HiHi\u0027], \u0027style\u0027: {\u0027borderColor\u0027: blancob, \u0027color\u0027: blanco}}\n\t\t\t\trow_dict[\u0027Value\u0027] \u003d {\u0027value\u0027: value[row][\u0027Value\u0027], \u0027style\u0027: {\u0027borderStyle\u0027: \u0027double\u0027, \u0027border-width\u0027: \u00274px\u0027, \u0027borderColor\u0027: rojo, \u0027color\u0027: rojo, \u0027font-weight\u0027: \u0027bold\u0027, \u0027font-size\u0027: 11}}\n\t\t\t\trow_dict[\u0027Name\u0027] \u003d {\u0027value\u0027: value[row][\u0027Name\u0027], \u0027style\u0027: {\u0027borderStyle\u0027: \u0027double\u0027,\u0027border-width\u0027: \u00274px\u0027,\u0027borderColor\u0027: rojo, \u0027color\u0027: rojo, \u0027font-weight\u0027: \u0027bold\u0027, \u0027font-size\u0027: 11}}\n\t\t\t\tdnlolo \u003d True\n\t\t\t\t\n\t\t\tif value[row][\u0027Value\u0027] \u003c value[row][\u0027Lo\u0027] and not(dnhihi) and not(dnhi) and not(dnlolo) and not(value[row][\u0027Lo\u0027] is None): \n\t\t\t\t\n\t\t\t\trow_dict[\u0027Shortname\u0027] \u003d {\u0027value\u0027: value[row][\u0027Shortname\u0027], \u0027style\u0027: {\u0027borderStyle\u0027: \u0027double\u0027, \u0027border-width\u0027: \u00274px\u0027, \u0027borderColor\u0027: amarillo, \u0027color\u0027: amarillo, \u0027font-weight\u0027: \u0027bold\u0027, \u0027font-size\u0027: 11}}\n\t\t\t\trow_dict[\u0027LoLo\u0027] \u003d {\u0027value\u0027: value[row][\u0027LoLo\u0027], \u0027style\u0027: {\u0027borderColor\u0027: blancob, \u0027color\u0027: blanco}}\n\t\t\t\trow_dict[\u0027Lo\u0027] \u003d {\u0027value\u0027: value[row][\u0027Lo\u0027], \u0027style\u0027: {\u0027borderStyle\u0027: \u0027double\u0027, \u0027border-width\u0027: \u00274px\u0027, \u0027borderColor\u0027: amarillo, \u0027color\u0027: amarillo, \u0027font-weight\u0027: \u0027bold\u0027, \u0027font-size\u0027: 11}}\n\t\t\t\trow_dict[\u0027Hi\u0027] \u003d {\u0027value\u0027: value[row][\u0027Hi\u0027], \u0027style\u0027: {\u0027borderColor\u0027: blancob, \u0027color\u0027: blanco}}\n\t\t\t\trow_dict[\u0027HiHi\u0027] \u003d {\u0027value\u0027: value[row][\u0027HiHi\u0027], \u0027style\u0027: {\u0027borderColor\u0027: blancob, \u0027color\u0027: blanco}}\n\t\t\t\trow_dict[\u0027Value\u0027] \u003d {\u0027value\u0027: value[row][\u0027Value\u0027], \u0027style\u0027: {\u0027borderStyle\u0027: \u0027double\u0027, \u0027border-width\u0027: \u00274px\u0027, \u0027borderColor\u0027: amarillo, \u0027color\u0027: amarillo, \u0027font-weight\u0027: \u0027bold\u0027, \u0027font-size\u0027: 11}}\n\t\t\t\trow_dict[\u0027Name\u0027] \u003d {\u0027value\u0027: value[row][\u0027Name\u0027], \u0027style\u0027: {\u0027borderStyle\u0027: \u0027double\u0027,\u0027border-width\u0027: \u00274px\u0027,\u0027borderColor\u0027: amarillo, \u0027color\u0027: amarillo, \u0027font-weight\u0027: \u0027bold\u0027, \u0027font-size\u0027: 11}}\n\t\t\t\tdnlo \u003d True\n\t\t\t\t\n\t\t\tif not(dnlo) and not(dnlolo) and not(dnhi) and not(dnhihi):\n\t\t\t\trow_dict \u003d value[row]\n\t\t\t\n\t\t\treturned_rows.append(row_dict)\n\t\treturn returned_rows\n\texcept:\n\t\treturn \"\"",
                  "type": "script"
                }
              ],
              "type": "query"
            }
          },
          "position.height": {
            "binding": {
              "config": {
                "path": "page.props.dimensions.viewport.height"
              },
              "transforms": [
                {
                  "code": "\treturn self.page.props.dimensions.primaryView.height - self.position.y",
                  "type": "script"
                }
              ],
              "type": "property"
            }
          },
          "props.data": {
            "binding": {
              "config": {
                "parameters": {
                  "myActivo": "{view.params.datos}"
                },
                "queryPath": "Queries Tablas/InformacionActivos/RTQP-SetPoint",
                "returnFormat": "json"
              },
              "transforms": [
                {
                  "code": "\ttry:\n\t\tpydset \u003d value\n\t\tbackgroundColor \u003d \u0027#001f3f\u0027  # azul\n\t\trojo \u003d \u0027#FFA500\u0027 # rojo borderColor \n\t\tamarillo \u003d \u0027#FFFF00\u0027 #amarillo borderColor    #ffc107\n\t\tblancob \u003d self.props.cells.style.borderColor # blanco borderColor \n\t\tblanco \u003d \u0027#FFFFFF\u0027 # blanco textColor \n\t\treturned_rows \u003d []\n\t\tlargo \u003d len(pydset)\n\t\tfor row2 in range(largo):\n\t\t\trow \u003d row2\n\t\t\trow_dict \u003d {}\n\t\t\tdnhihi \u003d False\n\t\t\tdnhi \u003d False\n\t\t\tdnlolo \u003d False\n\t\t\tdnlo \u003d False\n\t\t\t\n\t\t\tif value[row][\u0027Value\u0027] \u003e value[row][\u0027HiHi\u0027] and not(value[row][\u0027HiHi\u0027] is None): # SIGUIENTE LINEA TIENE CODIGO BLINK COLOR\n\t\t\t\trow_dict[\u0027Name\u0027] \u003d {\u0027value\u0027: value[row][\u0027Name\u0027], \u0027style\u0027: {\u0027borderStyle\u0027: \u0027double\u0027, \u0027border-width\u0027: \u00274px\u0027,\u0027border-width\u0027: \u00274px\u0027, \u0027borderColor\u0027: rojo, \u0027color\u0027: rojo, \u0027font-weight\u0027: \u0027bold\u0027, \u0027font-size\u0027: 11}} #\u00270%\u0027:{\u0027border-color\u0027: \u0027#FB0000\u0027, \u0027border-style\u0027: \u0027solid\u0027} , \u0027100%\u0027: {\u0027border-color\u0027: \u0027#09FF00\u0027, \u0027border-style\u0027: \u0027solid\u0027},  \u0027animation-name\u0027: \u0027psc-testANIMATED-anim\u0027, \u0027animation-delay\u0027: \u00270s\u0027, \u0027animation-direction\u0027: \u0027alternate\u0027, \u0027animation-duration\u0027: \u00272s\u0027, \u0027animation-fill-mode\u0027: \u0027both\u0027, \u0027animation-iteration-count\u0027: \u0027infinite\u0027, \u0027animation-timing-function\u0027: \u0027linear\u0027}}\n\t\t\t\trow_dict[\u0027Shortname\u0027] \u003d {\u0027value\u0027: value[row][\u0027Shortname\u0027], \u0027style\u0027: {\u0027borderStyle\u0027: \u0027double\u0027, \u0027border-width\u0027: \u00274px\u0027, \u0027borderColor\u0027: rojo, \u0027color\u0027: rojo, \u0027font-weight\u0027: \u0027bold\u0027, \u0027font-size\u0027: 11}}\n\t\t\t\trow_dict[\u0027LoLo\u0027] \u003d {\u0027value\u0027: value[row][\u0027LoLo\u0027], \u0027style\u0027: {\u0027borderColor\u0027: blancob, \u0027color\u0027: blanco}}\n\t\t\t\trow_dict[\u0027Lo\u0027] \u003d {\u0027value\u0027: value[row][\u0027Lo\u0027], \u0027style\u0027: {\u0027borderColor\u0027: blancob, \u0027color\u0027: blanco}}\n\t\t\t\trow_dict[\u0027Hi\u0027] \u003d {\u0027value\u0027: value[row][\u0027Hi\u0027], \u0027style\u0027: {\u0027borderColor\u0027: blancob, \u0027color\u0027: blanco}}\n\t\t\t\trow_dict[\u0027HiHi\u0027] \u003d {\u0027value\u0027: value[row][\u0027HiHi\u0027], \u0027style\u0027: {\u0027borderStyle\u0027: \u0027double\u0027, \u0027border-width\u0027: \u00274px\u0027, \u0027borderColor\u0027: rojo, \u0027color\u0027: rojo, \u0027font-weight\u0027: \u0027bold\u0027, \u0027font-size\u0027: 11}}\n\t\t\t\trow_dict[\u0027Value\u0027] \u003d {\u0027value\u0027: value[row][\u0027Value\u0027], \u0027style\u0027: {\u0027borderStyle\u0027: \u0027double\u0027, \u0027border-width\u0027: \u00274px\u0027, \u0027borderColor\u0027: rojo, \u0027color\u0027: rojo, \u0027font-weight\u0027: \u0027bold\u0027, \u0027font-size\u0027: 11}}\n\t\t\t\tdnhihi \u003d True\n\t\t\t\n\t\t\t#aca pinto todo de amarillo entre hi y hh\n\t\t\tif\tvalue[row][\u0027Value\u0027] \u003e value[row][\u0027Hi\u0027] and not(dnhihi) and not(value[row][\u0027Hi\u0027] is None):\n\t\t\t\trow_dict[\u0027Name\u0027] \u003d {\u0027value\u0027: value[row][\u0027Name\u0027], \u0027style\u0027: {\u0027borderStyle\u0027: \u0027double\u0027,\u0027border-width\u0027: \u00274px\u0027,\u0027borderColor\u0027: amarillo, \u0027color\u0027: amarillo, \u0027font-weight\u0027: \u0027bold\u0027, \u0027font-size\u0027: 11}}  \n\t\t\t\trow_dict[\u0027Shortname\u0027] \u003d {\u0027value\u0027: value[row][\u0027Shortname\u0027], \u0027style\u0027: {\u0027borderStyle\u0027: \u0027double\u0027, \u0027border-width\u0027: \u00274px\u0027, \u0027borderColor\u0027: amarillo, \u0027color\u0027: amarillo, \u0027font-weight\u0027: \u0027bold\u0027, \u0027font-size\u0027: 11}}\n\t\t\t\trow_dict[\u0027LoLo\u0027] \u003d {\u0027value\u0027: value[row][\u0027LoLo\u0027], \u0027style\u0027: {\u0027borderColor\u0027: blancob, \u0027color\u0027: blanco}}\n\t\t\t\trow_dict[\u0027Lo\u0027] \u003d{\u0027value\u0027: value[row][\u0027Lo\u0027], \u0027style\u0027: {\u0027borderColor\u0027: blancob, \u0027color\u0027: blanco}}\n\t\t\t\trow_dict[\u0027Hi\u0027] \u003d {\u0027value\u0027: value[row][\u0027Hi\u0027], \u0027style\u0027: {\u0027borderStyle\u0027: \u0027double\u0027, \u0027border-width\u0027: \u00274px\u0027, \u0027borderColor\u0027: amarillo, \u0027color\u0027: amarillo, \u0027font-weight\u0027: \u0027bold\u0027, \u0027font-size\u0027: 11}}\n\t\t\t\trow_dict[\u0027HiHi\u0027] \u003d {\u0027value\u0027: value[row][\u0027HiHi\u0027], \u0027style\u0027: {\u0027borderColor\u0027: blancob, \u0027color\u0027: blanco}}\n\t\t\t\trow_dict[\u0027Value\u0027] \u003d {\u0027value\u0027: value[row][\u0027Value\u0027], \u0027style\u0027: {\u0027borderStyle\u0027: \u0027double\u0027, \u0027border-width\u0027: \u00274px\u0027, \u0027borderColor\u0027: amarillo, \u0027color\u0027: amarillo, \u0027font-weight\u0027: \u0027bold\u0027, \u0027font-size\u0027: 11}} #COLUMNA VALUE\n\t\t\t\tdnhi \u003d True\n\t\t\t\t\n\t\t    #aca pinto todo de rojo superando HiHi\t\t\t\n\t\t\tif value[row][\u0027Value\u0027] \u003c value[row][\u0027LoLo\u0027] and not(dnhihi) and not(dnhi) and not(value[row][\u0027LoLo\u0027] is None): \n\t\t\t\trow_dict[\u0027Name\u0027] \u003d {\u0027value\u0027: value[row][\u0027Name\u0027], \u0027style\u0027: {\u0027borderStyle\u0027: \u0027double\u0027,\u0027border-width\u0027: \u00274px\u0027,\u0027borderColor\u0027: rojo, \u0027color\u0027: rojo, \u0027font-weight\u0027: \u0027bold\u0027, \u0027font-size\u0027: 11}}\n\t\t\t\trow_dict[\u0027Shortname\u0027] \u003d {\u0027value\u0027: value[row][\u0027Shortname\u0027], \u0027style\u0027: {\u0027borderStyle\u0027: \u0027double\u0027, \u0027border-width\u0027: \u00274px\u0027, \u0027borderColor\u0027: rojo, \u0027color\u0027: rojo, \u0027font-weight\u0027: \u0027bold\u0027, \u0027font-size\u0027: 11}}\n\t\t\t\trow_dict[\u0027LoLo\u0027] \u003d {\u0027value\u0027: value[row][\u0027LoLo\u0027], \u0027style\u0027: {\u0027borderStyle\u0027: \u0027double\u0027, \u0027border-width\u0027: \u00274px\u0027, \u0027borderColor\u0027: rojo, \u0027color\u0027: rojo, \u0027font-weight\u0027: \u0027bold\u0027, \u0027font-size\u0027: 11}}\n\t\t\t\trow_dict[\u0027Lo\u0027] \u003d {\u0027value\u0027: value[row][\u0027Lo\u0027], \u0027style\u0027: {\u0027borderColor\u0027: blancob, \u0027color\u0027: blanco}}\n\t\t\t\trow_dict[\u0027Hi\u0027] \u003d {\u0027value\u0027: value[row][\u0027Hi\u0027], \u0027style\u0027: {\u0027borderColor\u0027: blancob, \u0027color\u0027: blanco}}\n\t\t\t\trow_dict[\u0027HiHi\u0027] \u003d {\u0027value\u0027: value[row][\u0027HiHi\u0027], \u0027style\u0027: {\u0027borderColor\u0027: blancob, \u0027color\u0027: blanco}}\n\t\t\t\trow_dict[\u0027Value\u0027] \u003d {\u0027value\u0027: value[row][\u0027Value\u0027], \u0027style\u0027: {\u0027borderStyle\u0027: \u0027double\u0027, \u0027border-width\u0027: \u00274px\u0027, \u0027borderColor\u0027: rojo, \u0027color\u0027: rojo, \u0027font-weight\u0027: \u0027bold\u0027, \u0027font-size\u0027: 11}}\n\t\t\t\tdnlolo \u003d True\n\t\t\t\t\n\t\t\tif value[row][\u0027Value\u0027] \u003c value[row][\u0027Lo\u0027] and not(dnhihi) and not(dnhi) and not(dnlolo) and not(value[row][\u0027Lo\u0027] is None): \n\t\t\t\trow_dict[\u0027Name\u0027] \u003d {\u0027value\u0027: value[row][\u0027Name\u0027], \u0027style\u0027: {\u0027borderStyle\u0027: \u0027double\u0027,\u0027border-width\u0027: \u00274px\u0027,\u0027borderColor\u0027: amarillo, \u0027color\u0027: amarillo, \u0027font-weight\u0027: \u0027bold\u0027, \u0027font-size\u0027: 11,\u0027transition\u0027: \u00271.0s\u0027}}\n\t\t\t\trow_dict[\u0027Shortname\u0027] \u003d {\u0027value\u0027: value[row][\u0027Shortname\u0027], \u0027style\u0027: {\u0027borderStyle\u0027: \u0027double\u0027, \u0027border-width\u0027: \u00274px\u0027, \u0027borderColor\u0027: amarillo, \u0027color\u0027: amarillo, \u0027font-weight\u0027: \u0027bold\u0027, \u0027font-size\u0027: 11}}\n\t\t\t\trow_dict[\u0027LoLo\u0027] \u003d {\u0027value\u0027: value[row][\u0027LoLo\u0027], \u0027style\u0027: {\u0027borderColor\u0027: blancob, \u0027color\u0027: blanco}}\n\t\t\t\trow_dict[\u0027Lo\u0027] \u003d {\u0027value\u0027: value[row][\u0027Lo\u0027], \u0027style\u0027: {\u0027borderStyle\u0027: \u0027double\u0027, \u0027border-width\u0027: \u00274px\u0027, \u0027borderColor\u0027: amarillo, \u0027color\u0027: amarillo, \u0027font-weight\u0027: \u0027bold\u0027, \u0027font-size\u0027: 11}}\n\t\t\t\trow_dict[\u0027Hi\u0027] \u003d {\u0027value\u0027: value[row][\u0027Hi\u0027], \u0027style\u0027: {\u0027borderColor\u0027: blancob, \u0027color\u0027: blanco}}\n\t\t\t\trow_dict[\u0027HiHi\u0027] \u003d {\u0027value\u0027: value[row][\u0027HiHi\u0027], \u0027style\u0027: {\u0027borderColor\u0027: blancob, \u0027color\u0027: blanco}}\n\t\t\t\trow_dict[\u0027Value\u0027] \u003d {\u0027value\u0027: value[row][\u0027Value\u0027], \u0027style\u0027: {\u0027borderStyle\u0027: \u0027double\u0027, \u0027border-width\u0027: \u00274px\u0027, \u0027borderColor\u0027: amarillo, \u0027color\u0027: amarillo, \u0027font-weight\u0027: \u0027bold\u0027, \u0027font-size\u0027: 11}}\n\t\t\t\tdnlo \u003d True\n\t\t\t\t\n\t\t\tif not(dnlo) and not(dnlolo) and not(dnhi) and not(dnhihi):\n\t\t\t\trow_dict \u003d value[row]\n\t\t\t\n\t\t\treturned_rows.append(row_dict)\n\t\treturn returned_rows\n\texcept:\n\t\treturn \"\"",
                  "type": "script"
                }
              ],
              "type": "query"
            }
          }
        },
        "props": {
          "bodyStyle": {
            "classes": "PopiedadesTabla/Exterran-Style-Table-bodyStyle"
          },
          "cells": {
            "allowEditOn": "long-press",
            "style": {
              "borderColor": "#FFFFFF22",
              "borderStyle": "solid",
              "borderWidth": "1px",
              "paddingLeft": 9
            }
          },
          "columns": [
            {
              "align": "center",
              "boolean": "checkbox",
              "dateFormat": "MM/DD/YYYY",
              "editable": false,
              "field": "Name",
              "footer": {
                "align": "center",
                "justify": "left",
                "style": {
                  "classes": ""
                },
                "title": ""
              },
              "header": {
                "align": "center",
                "justify": "left",
                "style": {
                  "classes": "PopiedadesTabla/Exterran-Style-ColumnHeader"
                },
                "title": "Descripcion"
              },
              "justify": "left",
              "number": "value",
              "numberFormat": "0,0.##",
              "progressBar": {
                "bar": {
                  "color": "",
                  "style": {
                    "classes": ""
                  }
                },
                "max": 100,
                "min": 0,
                "track": {
                  "color": "",
                  "style": {
                    "classes": ""
                  }
                },
                "value": {
                  "enabled": true,
                  "format": "0,0.##",
                  "justify": "center",
                  "style": {
                    "classes": ""
                  }
                }
              },
              "render": "auto",
              "resizable": false,
              "sort": "none",
              "sortable": true,
              "strictWidth": false,
              "style": {
                "classes": "",
                "color": "#FFFFFF",
                "fontFamily": "Roboto",
                "fontSize": 11
              },
              "toggleSwitch": {
                "color": {
                  "selected": "",
                  "unselected": ""
                }
              },
              "viewParams": {},
              "viewPath": "",
              "visible": true,
              "width": 50
            },
            {
              "align": "center",
              "boolean": "checkbox",
              "dateFormat": "MM/DD/YYYY",
              "editable": false,
              "field": "Shortname",
              "footer": {
                "align": "center",
                "justify": "left",
                "style": {
                  "classes": ""
                },
                "title": ""
              },
              "header": {
                "align": "center",
                "justify": "left",
                "style": {
                  "classes": "PopiedadesTabla/Exterran-Style-ColumnHeader"
                },
                "title": "TagID"
              },
              "justify": "auto",
              "number": "value",
              "numberFormat": "0,0.##",
              "progressBar": {
                "bar": {
                  "color": "",
                  "style": {
                    "classes": ""
                  }
                },
                "max": 100,
                "min": 0,
                "track": {
                  "color": "",
                  "style": {
                    "classes": ""
                  }
                },
                "value": {
                  "enabled": true,
                  "format": "0,0.##",
                  "justify": "center",
                  "style": {
                    "classes": ""
                  }
                }
              },
              "render": "auto",
              "resizable": false,
              "sort": "none",
              "sortable": true,
              "strictWidth": false,
              "style": {
                "classes": "",
                "fontFamily": "Roboto",
                "fontSize": 11
              },
              "toggleSwitch": {
                "color": {
                  "selected": "",
                  "unselected": ""
                }
              },
              "viewParams": {},
              "viewPath": "",
              "visible": true,
              "width": 30
            },
            {
              "align": "center",
              "boolean": "checkbox",
              "dateFormat": "MM/DD/YYYY",
              "editable": false,
              "field": "LoLo",
              "footer": {
                "align": "center",
                "justify": "left",
                "style": {
                  "classes": ""
                },
                "title": ""
              },
              "header": {
                "align": "center",
                "justify": "left",
                "style": {
                  "classes": "PopiedadesTabla/Exterran-Style-ColumnHeader"
                },
                "title": "Limite LL"
              },
              "justify": "center",
              "number": "value",
              "numberFormat": "0,0.##",
              "progressBar": {
                "bar": {
                  "color": "",
                  "style": {
                    "classes": ""
                  }
                },
                "max": 100,
                "min": 0,
                "track": {
                  "color": "",
                  "style": {
                    "classes": ""
                  }
                },
                "value": {
                  "enabled": true,
                  "format": "0,0.##",
                  "justify": "center",
                  "style": {
                    "classes": ""
                  }
                }
              },
              "render": "auto",
              "resizable": false,
              "sort": "none",
              "sortable": true,
              "strictWidth": false,
              "style": {
                "classes": "",
                "color": "#ffffff",
                "fontFamily": "Roboto",
                "fontSize": 11
              },
              "toggleSwitch": {
                "color": {
                  "selected": "",
                  "unselected": ""
                }
              },
              "viewParams": {},
              "viewPath": "",
              "visible": true,
              "width": 15
            },
            {
              "align": "center",
              "boolean": "checkbox",
              "dateFormat": "MM/DD/YYYY",
              "editable": false,
              "field": "Lo",
              "footer": {
                "align": "center",
                "justify": "left",
                "style": {
                  "classes": ""
                },
                "title": ""
              },
              "header": {
                "align": "center",
                "justify": "left",
                "style": {
                  "classes": "PopiedadesTabla/Exterran-Style-ColumnHeader"
                },
                "title": "Limite L"
              },
              "justify": "center",
              "number": "value",
              "numberFormat": "0,0.##",
              "progressBar": {
                "bar": {
                  "color": "",
                  "style": {
                    "classes": ""
                  }
                },
                "max": 100,
                "min": 0,
                "track": {
                  "color": "",
                  "style": {
                    "classes": ""
                  }
                },
                "value": {
                  "enabled": true,
                  "format": "0,0.##",
                  "justify": "center",
                  "style": {
                    "classes": ""
                  }
                }
              },
              "render": "auto",
              "resizable": false,
              "sort": "none",
              "sortable": true,
              "strictWidth": false,
              "style": {
                "classes": "",
                "color": "#FFFFFF",
                "fontFamily": "Roboto",
                "fontSize": 11
              },
              "toggleSwitch": {
                "color": {
                  "selected": "",
                  "unselected": ""
                }
              },
              "viewParams": {},
              "viewPath": "",
              "visible": true,
              "width": 15
            },
            {
              "align": "center",
              "boolean": "checkbox",
              "dateFormat": "MM/DD/YYYY",
              "editable": false,
              "field": "Hi",
              "footer": {
                "align": "center",
                "justify": "left",
                "style": {
                  "classes": ""
                },
                "title": ""
              },
              "header": {
                "align": "center",
                "justify": "left",
                "style": {
                  "classes": "PopiedadesTabla/Exterran-Style-ColumnHeader"
                },
                "title": "Limite Hi"
              },
              "justify": "center",
              "number": "value",
              "numberFormat": "0,0.##",
              "progressBar": {
                "bar": {
                  "color": "",
                  "style": {
                    "classes": ""
                  }
                },
                "max": 100,
                "min": 0,
                "track": {
                  "color": "",
                  "style": {
                    "classes": ""
                  }
                },
                "value": {
                  "enabled": true,
                  "format": "0,0.##",
                  "justify": "center",
                  "style": {
                    "classes": ""
                  }
                }
              },
              "render": "auto",
              "resizable": false,
              "sort": "none",
              "sortable": true,
              "strictWidth": false,
              "style": {
                "classes": "",
                "color": "#FFFFFF",
                "fontFamily": "Roboto",
                "fontSize": 11
              },
              "toggleSwitch": {
                "color": {
                  "selected": "",
                  "unselected": ""
                }
              },
              "viewParams": {},
              "viewPath": "",
              "visible": true,
              "width": 15
            },
            {
              "align": "center",
              "boolean": "checkbox",
              "dateFormat": "MM/DD/YYYY",
              "editable": false,
              "field": "HiHi",
              "footer": {
                "align": "center",
                "justify": "left",
                "style": {
                  "classes": ""
                },
                "title": ""
              },
              "header": {
                "align": "center",
                "justify": "left",
                "style": {
                  "classes": "PopiedadesTabla/Exterran-Style-ColumnHeader"
                },
                "title": "Limite HH"
              },
              "justify": "center",
              "number": "value",
              "numberFormat": "0,0.##",
              "progressBar": {
                "bar": {
                  "color": "",
                  "style": {
                    "classes": ""
                  }
                },
                "max": 100,
                "min": 0,
                "track": {
                  "color": "",
                  "style": {
                    "classes": ""
                  }
                },
                "value": {
                  "enabled": true,
                  "format": "0,0.##",
                  "justify": "center",
                  "style": {
                    "classes": ""
                  }
                }
              },
              "render": "auto",
              "resizable": false,
              "sort": "none",
              "sortable": true,
              "strictWidth": false,
              "style": {
                "classes": "",
                "color": "#FFFFFF",
                "fontFamily": "Roboto",
                "fontSize": 11
              },
              "toggleSwitch": {
                "color": {
                  "selected": "",
                  "unselected": ""
                }
              },
              "viewParams": {},
              "viewPath": "",
              "visible": true,
              "width": 15
            },
            {
              "align": "center",
              "boolean": "checkbox",
              "dateFormat": "MM/DD/YYYY",
              "editable": false,
              "field": "Value",
              "footer": {
                "align": "center",
                "justify": "left",
                "style": {
                  "classes": ""
                },
                "title": ""
              },
              "header": {
                "align": "center",
                "justify": "left",
                "style": {
                  "classes": "PopiedadesTabla/Exterran-Style-ColumnHeader"
                },
                "title": "Valor Actual"
              },
              "justify": "center",
              "number": "value",
              "numberFormat": "0,0.##",
              "progressBar": {
                "bar": {
                  "color": "",
                  "style": {
                    "classes": ""
                  }
                },
                "max": 100,
                "min": 0,
                "track": {
                  "color": "",
                  "style": {
                    "classes": ""
                  }
                },
                "value": {
                  "enabled": true,
                  "format": "0,0.##",
                  "justify": "center",
                  "style": {
                    "classes": ""
                  }
                }
              },
              "render": "auto",
              "resizable": true,
              "sort": "none",
              "sortable": true,
              "strictWidth": false,
              "style": {
                "classes": "",
                "color": "#FFFFFF",
                "fontFamily": "Roboto",
                "fontSize": 11
              },
              "toggleSwitch": {
                "color": {
                  "selected": "",
                  "unselected": ""
                }
              },
              "viewParams": {},
              "viewPath": "",
              "visible": true,
              "width": 15
            }
          ],
          "dragOrderable": false,
          "emptyMessage": {
            "noData": {
              "icon": {
                "color": "#FFFFFF",
                "path": "material/360",
                "style": {
                  "backgroundColor": "303030"
                }
              },
              "text": "Esperando datos...",
              "textStyle": {
                "color": "#FFFFFF",
                "fontSize": 20
              }
            },
            "style": {
              "classes": "PopiedadesTabla/Exterran-Style-EmpityMessagebackground"
            }
          },
          "headerStyle": {
            "classes": "PopiedadesTabla/Exterran-Style-Table-Header"
          },
          "pager": {
            "bottom": false,
            "initialOption": 0,
            "options": [
              10,
              30,
              50,
              100,
              150
            ],
            "style": {
              "classes": "PopiedadesTabla/Exterran-Style-Table-Pager"
            }
          },
          "rows": {
            "height": 30,
            "highlight": {
              "color": "#122E42"
            },
            "striped": {
              "enabled": false
            },
            "style": {
              "borderStyle": "none"
            }
          },
          "style": {
            "classes": "PopiedadesTabla/Exterran-Style-StyleGeneral"
          },
          "virtualized": false
        },
        "scripts": {
          "customMethods": [],
          "extensionFunctions": null,
          "messageHandlers": [
            {
              "messageType": "botonExcel",
              "pageScope": true,
              "script": "\t#list \u003d self.getSibling(\"Table\").custom.dataexcel\n\t\tdef jsonToDataset(list):\n\t\t\tcolumns \u003d columns \u003d [\u0027Name\u0027,\u0027Shortname\u0027,\u0027LoLo\u0027,\u0027Lo\u0027,\u0027Hi\u0027,\u0027HiHi\u0027,\u0027Value\u0027 ] #dict(list[0]).keys()\n\t\t\tdata \u003d []\n\t\t\tfor item in list:\n\t\t\t\trow \u003d []\n\t\t\t\tfor column in columns:\n\t\t\t\t\tcellValue \u003d item.get(column, \u0027\u0027)\n\t\t\t\t\ttry:\n\t\t\t\t\t\tdict(cellValue)\n\t\t\t\t\t\tcellValue \u003d cellValue[\u0027value\u0027]\n\t\t\t\t\texcept:\n\t\t\t\t\t\tpass\n\t\t\t\t\trow.append(cellValue)\n\t\t\t\tdata.append(row)\n\t\t\t\tsystem.perspective.print(str(\u0027COLUMNAS\u0027) + \u0027 \u0027 + str(columns))\n\t\t\treturn system.dataset.toDataSet(columns, data)\n\t\t\n\t\tjson \u003d self.custom.dataexcel\n\t\tdata \u003d jsonToDataset(json)\n\t\tExcel_xlsx \u003d system.dataset.toExcel(True,[data])\n\t\tsystem.perspective.download(\"DetalleSetPoint.xlsx\",Excel_xlsx)",
              "sessionScope": false,
              "viewScope": false
            }
          ]
        },
        "type": "ia.display.table"
      }
    ],
    "events": {
      "system": {
        "onStartup": {
          "config": {
            "script": "\tsystem.perspective.sendMessage(messageType\u003d\u0027mensajitodock\u0027, payload\u003d{\u0027mensajitodock\u0027:self.view.params.datos}, scope\u003d\u0027page\u0027)\n\tsystem.perspective.sendMessage(messageType\u003d\u0027mensajitotitulo\u0027, payload\u003d{\u0027mensajitotitulo\u0027:self.view.params.titulo}, scope\u003d\u0027page\u0027)\n"
          },
          "scope": "G",
          "type": "script"
        }
      }
    },
    "meta": {
      "name": "root"
    },
    "position": {
      "x": 282,
      "y": -0.0208587646484375
    },
    "props": {
      "style": {
        "classes": "ExterranHistoricoDeEventos/Container-Background-General"
      }
    },
    "scripts": {
      "customMethods": [],
      "extensionFunctions": null,
      "messageHandlers": [
        {
          "messageType": "status",
          "pageScope": true,
          "script": "\tsystem.perspective.sendMessage(messageType\u003d\u0027mensajitodock\u0027, payload\u003d{\u0027mensajitodock\u0027:self.view.params.datos}, scope\u003d\u0027page\u0027)\n\tsystem.perspective.sendMessage(messageType\u003d\u0027mensajitotitulo\u0027, payload\u003d{\u0027mensajitotitulo\u0027:self.view.params.titulo}, scope\u003d\u0027page\u0027)",
          "sessionScope": false,
          "viewScope": false
        }
      ]
    },
    "type": "ia.container.coord"
  }
}