{
  "custom": {},
  "params": {},
  "permissions": {
    "securityLevels": [],
    "type": "AllOf"
  },
  "props": {
    "defaultSize": {
      "height": 768,
      "width": 1366
    }
  },
  "root": {
    "children": [
      {
        "custom": {
          "ACTIVO": "em.Path LIKE\u0027%\u0027",
          "DISTRITO": "em.Path LIKE\u0027%\u0027",
          "LEVELVAR": 0,
          "LOCACION": "em.Path LIKE\u0027%\u0027",
          "PAIS": "em.Path LIKE\u0027%\u0027",
          "REGION": "em.Path LIKE\u0027%\u0027",
          "YACIMIENTO": "em.Path LIKE\u0027%\u0027"
        },
        "events": {
          "component": {
            "onRowClick": [
              {
                "config": {
                  "script": "\tif self.props.selection.selectedColumn \u003d\u003d \u0027SETPOINTS\u0027:\n\t\tx \u003d str(self.props.selection.data[0][\"ACTIVO\"])\n\t\ty \u003d str(\u0027Set Points\u0027) #este nombre es para poder bindearlo al label que esta en el dock. LLega como ViewParam al dock\n\t\t#titulo\u003d str(self.props.selection.selectedColumn)\n\t\tsystem.perspective.navigate(\u0027/setpoints/\u0027+ x +\u0027/\u0027+y, newTab\u003dTrue)\n\t\t#system.perspective.navigate(\u0027/DetalleSetPoints/\u0027+x, newTab\u003dTrue)\n\t\t"
                },
                "scope": "G",
                "type": "script"
              },
              {
                "config": {
                  "script": "\tif self.props.selection.selectedColumn \u003d\u003d \u0027ACTIVO\u0027:\n\t\tx \u003d str(self.props.selection.data[0][\"ACTIVO\"])\n\t\ty \u003d str(\u0027Resumen de Activo\u0027)\n\t\tsystem.perspective.navigate(\u0027/ResumenActivo/\u0027+ x +\u0027/\u0027+y, newTab\u003dTrue)\n\t\t\n\t\t #este nombre es para poder bindearlo al label que esta en el dock. LLega como ViewParam al dock\n\n"
                },
                "scope": "G",
                "type": "script"
              },
              {
                "config": {
                  "script": "\tif self.props.selection.selectedColumn \u003d\u003d \u0027VARIABLES\u0027:\n\t\tx \u003d str(self.props.selection.data[0][\"ACTIVO\"])\n\t\ty \u003d str(\u0027Variables\u0027) #este nombre es para poder bindearlo al label que esta en el dock. LLega como ViewParam al dock\n\t\t#titulo\u003d str(self.props.selection.selectedColumn)\n\t\tsystem.perspective.navigate(\u0027/variables/\u0027+ x +\u0027/\u0027+y, newTab\u003dTrue)\n\t\t#system.perspective.navigate(\u0027/DetalleSetPoints/\u0027+x, newTab\u003dTrue)\n"
                },
                "scope": "G",
                "type": "script"
              },
              {
                "config": {
                  "script": "\tif self.props.selection.selectedColumn \u003d\u003d \u0027TENDENCIAS\u0027:\n\t\tx \u003d str(self.props.selection.data[0][\"ACTIVO\"])\n\t\ty \u003d str(\u0027Tendencias\u0027) #este nombre es para poder bindearlo al label que esta en el dock. LLega como ViewParam al dock\n\t\t\n\t\tsystem.perspective.navigate(\u0027/detalleTendencias/\u0027+ x +\u0027/\u0027+y, newTab\u003dTrue)\n"
                },
                "scope": "G",
                "type": "script"
              }
            ]
          },
          "system": {
            "onStartup": {
              "config": {
                "script": "\tsystem.perspective.sendMessage(messageType\u003d\u0027status\u0027, payload\u003d{\u0027test\u0027:\"andando\"}, scope\u003d\u0027page\u0027)"
              },
              "scope": "G",
              "type": "script"
            }
          }
        },
        "meta": {
          "name": "Table"
        },
        "position": {
          "width": "97%",
          "x": "1%",
          "y": 75
        },
        "propConfig": {
          "custom.PopUp_ElementID": {
            "binding": {
              "config": {
                "path": "../Table.props.selection.data[0].ElementID"
              },
              "type": "property"
            }
          },
          "custom.rows": {
            "binding": {
              "config": {
                "path": "this.props.data"
              },
              "transforms": [
                {
                  "code": "\ttry:\n\t\tif value.getRowCount() \u003e 0:\n\t\t\treturn True\n\t\telif value.getRowCount()\u003c\u003d 0 or None:\n\t\t\treturn False\n\texcept:\n\t\treturn False",
                  "type": "script"
                }
              ],
              "type": "property"
            }
          },
          "position.height": {
            "binding": {
              "config": {
                "path": "page.props.dimensions.viewport.height"
              },
              "transforms": [
                {
                  "code": "\treturn self.page.props.dimensions.primaryView.height - self.position.y",
                  "type": "script"
                }
              ],
              "type": "property"
            }
          },
          "props.data": {
            "binding": {
              "config": {
                "designerUseLimit": false,
                "enableValueCache": false,
                "parameters": {
                  "Activo": "{this.custom.ACTIVO}",
                  "Distrito": "{this.custom.DISTRITO}",
                  "Locacion": "{this.custom.LOCACION}",
                  "Pais": "{this.custom.PAIS}",
                  "Region": "{this.custom.REGION}",
                  "Yacimiento": "{this.custom.YACIMIENTO}",
                  "level_var": "{this.custom.LEVELVAR}"
                },
                "queryPath": "Queries Tablas/InformacionActivos/RTQP-InformacionActivosTabla",
                "returnFormat": "json"
              },
              "transforms": [
                {
                  "code": "\ttry:\n\t\treturn value\n\texcept:\n\t\treturn \"\"",
                  "type": "script"
                }
              ],
              "type": "query"
            }
          }
        },
        "props": {
          "bodyStyle": {
            "classes": "PopiedadesTabla/Exterran-Style-Table-bodyStyle"
          },
          "cells": {
            "allowEditOn": "long-press"
          },
          "columns": [
            {
              "align": "center",
              "boolean": "checkbox",
              "dateFormat": "MM/DD/YYYY",
              "editable": false,
              "field": "ESTADOIJ",
              "footer": {
                "align": "center",
                "justify": "left",
                "style": {
                  "classes": ""
                },
                "title": ""
              },
              "header": {
                "align": "center",
                "justify": "center",
                "style": {
                  "classes": "PopiedadesTabla/Exterran-Style-ColumnHeader",
                  "fontSize": 10
                },
                "title": "Estado"
              },
              "justify": "center",
              "number": "value",
              "numberFormat": "0,0.##",
              "progressBar": {
                "bar": {
                  "color": "",
                  "style": {
                    "classes": ""
                  }
                },
                "max": 100,
                "min": 0,
                "track": {
                  "color": "",
                  "style": {
                    "classes": ""
                  }
                },
                "value": {
                  "enabled": true,
                  "format": "0,0.##",
                  "justify": "center",
                  "style": {
                    "classes": ""
                  }
                }
              },
              "render": "view",
              "resizable": true,
              "sort": "none",
              "sortable": true,
              "strictWidth": false,
              "style": {
                "classes": ""
              },
              "toggleSwitch": {
                "color": {
                  "selected": "",
                  "unselected": ""
                }
              },
              "viewParams": {},
              "viewPath": "Exterran-InformacionActivos/Estado",
              "visible": true,
              "width": 30
            },
            {
              "align": "center",
              "boolean": "checkbox",
              "dateFormat": "MM/DD/YYYY",
              "editable": false,
              "field": "CONEXION",
              "footer": {
                "align": "center",
                "justify": "left",
                "style": {
                  "classes": ""
                },
                "title": ""
              },
              "header": {
                "align": "center",
                "justify": "center",
                "style": {
                  "classes": "PopiedadesTabla/Exterran-Style-ColumnHeader",
                  "fontSize": 10
                },
                "title": "Conexión"
              },
              "justify": "auto",
              "number": "value",
              "numberFormat": "0,0.##",
              "progressBar": {
                "bar": {
                  "color": "",
                  "style": {
                    "classes": ""
                  }
                },
                "max": 100,
                "min": 0,
                "track": {
                  "color": "",
                  "style": {
                    "classes": ""
                  }
                },
                "value": {
                  "enabled": true,
                  "format": "0,0.##",
                  "justify": "center",
                  "style": {
                    "classes": ""
                  }
                }
              },
              "render": "view",
              "resizable": true,
              "sort": "none",
              "sortable": true,
              "strictWidth": false,
              "style": {
                "classes": ""
              },
              "toggleSwitch": {
                "color": {
                  "selected": "",
                  "unselected": ""
                }
              },
              "viewParams": {},
              "viewPath": "Exterran-InformacionActivos/Conexion",
              "visible": true,
              "width": 36
            },
            {
              "align": "center",
              "boolean": "checkbox",
              "dateFormat": "MM/DD/YYYY",
              "editable": false,
              "field": "REGION",
              "footer": {
                "align": "center",
                "justify": "left",
                "style": {
                  "classes": ""
                },
                "title": ""
              },
              "header": {
                "align": "center",
                "justify": "center",
                "style": {
                  "classes": "PopiedadesTabla/Exterran-Style-ColumnHeader",
                  "fontSize": 10
                },
                "title": "Región"
              },
              "justify": "center",
              "number": "value",
              "numberFormat": "0,0.##",
              "progressBar": {
                "bar": {
                  "color": "",
                  "style": {
                    "classes": ""
                  }
                },
                "max": 100,
                "min": 0,
                "track": {
                  "color": "",
                  "style": {
                    "classes": ""
                  }
                },
                "value": {
                  "enabled": true,
                  "format": "0,0.##",
                  "justify": "center",
                  "style": {
                    "classes": ""
                  }
                }
              },
              "render": "auto",
              "resizable": true,
              "sort": "none",
              "sortable": true,
              "strictWidth": false,
              "style": {
                "classes": "",
                "color": "#FFFFFF"
              },
              "toggleSwitch": {
                "color": {
                  "selected": "",
                  "unselected": ""
                }
              },
              "viewParams": {},
              "viewPath": "",
              "visible": true,
              "width": 30
            },
            {
              "align": "center",
              "boolean": "checkbox",
              "dateFormat": "MM/DD/YYYY",
              "editable": false,
              "field": "PAIS",
              "footer": {
                "align": "center",
                "justify": "left",
                "style": {
                  "classes": ""
                },
                "title": ""
              },
              "header": {
                "align": "center",
                "justify": "center",
                "style": {
                  "classes": "PopiedadesTabla/Exterran-Style-ColumnHeader",
                  "fontSize": 10
                },
                "title": "País"
              },
              "justify": "center",
              "number": "value",
              "numberFormat": "0,0.##",
              "progressBar": {
                "bar": {
                  "color": "",
                  "style": {
                    "classes": ""
                  }
                },
                "max": 100,
                "min": 0,
                "track": {
                  "color": "",
                  "style": {
                    "classes": ""
                  }
                },
                "value": {
                  "enabled": true,
                  "format": "0,0.##",
                  "justify": "center",
                  "style": {
                    "classes": ""
                  }
                }
              },
              "render": "auto",
              "resizable": true,
              "sort": "none",
              "sortable": true,
              "strictWidth": false,
              "style": {
                "classes": "",
                "color": "#FFFFFF"
              },
              "toggleSwitch": {
                "color": {
                  "selected": "",
                  "unselected": ""
                }
              },
              "viewParams": {},
              "viewPath": "",
              "visible": true,
              "width": 24
            },
            {
              "align": "center",
              "boolean": "checkbox",
              "dateFormat": "MM/DD/YYYY",
              "editable": false,
              "field": "DISTRITO",
              "footer": {
                "align": "center",
                "justify": "left",
                "style": {
                  "classes": ""
                },
                "title": ""
              },
              "header": {
                "align": "center",
                "justify": "center",
                "style": {
                  "classes": "PopiedadesTabla/Exterran-Style-ColumnHeader",
                  "fontSize": 10
                },
                "title": "Distrito"
              },
              "justify": "center",
              "number": "value",
              "numberFormat": "0,0.##",
              "progressBar": {
                "bar": {
                  "color": "",
                  "style": {
                    "classes": ""
                  }
                },
                "max": 100,
                "min": 0,
                "track": {
                  "color": "",
                  "style": {
                    "classes": ""
                  }
                },
                "value": {
                  "enabled": true,
                  "format": "0,0.##",
                  "justify": "center",
                  "style": {
                    "classes": ""
                  }
                }
              },
              "render": "auto",
              "resizable": true,
              "sort": "none",
              "sortable": true,
              "strictWidth": false,
              "style": {
                "classes": "",
                "color": "#FFFFFF"
              },
              "toggleSwitch": {
                "color": {
                  "selected": "",
                  "unselected": ""
                }
              },
              "viewParams": {},
              "viewPath": "",
              "visible": true,
              "width": 30
            },
            {
              "align": "center",
              "boolean": "checkbox",
              "dateFormat": "MM/DD/YYYY",
              "editable": false,
              "field": "YACIMIENTO",
              "footer": {
                "align": "center",
                "justify": "left",
                "style": {
                  "classes": ""
                },
                "title": ""
              },
              "header": {
                "align": "center",
                "justify": "center",
                "style": {
                  "classes": "PopiedadesTabla/Exterran-Style-ColumnHeader",
                  "fontSize": 10
                },
                "title": "Yacimiento"
              },
              "justify": "center",
              "number": "value",
              "numberFormat": "0,0.##",
              "progressBar": {
                "bar": {
                  "color": "",
                  "style": {
                    "classes": ""
                  }
                },
                "max": 100,
                "min": 0,
                "track": {
                  "color": "",
                  "style": {
                    "classes": ""
                  }
                },
                "value": {
                  "enabled": true,
                  "format": "0,0.##",
                  "justify": "center",
                  "style": {
                    "classes": ""
                  }
                }
              },
              "render": "auto",
              "resizable": true,
              "sort": "none",
              "sortable": true,
              "strictWidth": false,
              "style": {
                "classes": "",
                "color": "#FFFFFF"
              },
              "toggleSwitch": {
                "color": {
                  "selected": "",
                  "unselected": ""
                }
              },
              "viewParams": {},
              "viewPath": "",
              "visible": true,
              "width": 38
            },
            {
              "align": "center",
              "boolean": "checkbox",
              "dateFormat": "MM/DD/YYYY",
              "editable": false,
              "field": "LOCACION",
              "footer": {
                "align": "center",
                "justify": "left",
                "style": {
                  "classes": ""
                },
                "title": ""
              },
              "header": {
                "align": "center",
                "justify": "center",
                "style": {
                  "classes": "PopiedadesTabla/Exterran-Style-ColumnHeader",
                  "fontSize": 10
                },
                "title": "Locación"
              },
              "justify": "center",
              "number": "value",
              "numberFormat": "0,0.##",
              "progressBar": {
                "bar": {
                  "color": "",
                  "style": {
                    "classes": ""
                  }
                },
                "max": 100,
                "min": 0,
                "track": {
                  "color": "",
                  "style": {
                    "classes": ""
                  }
                },
                "value": {
                  "enabled": true,
                  "format": "0,0.##",
                  "justify": "center",
                  "style": {
                    "classes": ""
                  }
                }
              },
              "render": "auto",
              "resizable": true,
              "sort": "none",
              "sortable": true,
              "strictWidth": false,
              "style": {
                "classes": "",
                "color": "#FFFFFF"
              },
              "toggleSwitch": {
                "color": {
                  "selected": "",
                  "unselected": ""
                }
              },
              "viewParams": {},
              "viewPath": "",
              "visible": true,
              "width": 34
            },
            {
              "align": "center",
              "boolean": "checkbox",
              "dateFormat": "MM/DD/YYYY",
              "editable": false,
              "field": "ACTIVO",
              "footer": {
                "align": "center",
                "justify": "left",
                "style": {
                  "classes": ""
                },
                "title": ""
              },
              "header": {
                "align": "center",
                "justify": "center",
                "style": {
                  "classes": "PopiedadesTabla/Exterran-Style-ColumnHeader",
                  "color": "#FFFFFF",
                  "fontSize": 10
                },
                "title": "Activo"
              },
              "justify": "center",
              "number": "value",
              "numberFormat": "#.#",
              "progressBar": {
                "bar": {
                  "color": "",
                  "style": {
                    "classes": ""
                  }
                },
                "max": 100,
                "min": 0,
                "track": {
                  "color": "",
                  "style": {
                    "classes": ""
                  }
                },
                "value": {
                  "enabled": true,
                  "format": "0,0.##",
                  "justify": "center",
                  "style": {
                    "classes": ""
                  }
                }
              },
              "render": "auto",
              "resizable": true,
              "sort": "none",
              "sortable": true,
              "strictWidth": false,
              "style": {
                "classes": "",
                "color": "#007BFF",
                "cursor": "pointer",
                "fontWeight": "bolder",
                "textDecoration": "underline"
              },
              "toggleSwitch": {
                "color": {
                  "selected": "",
                  "unselected": ""
                }
              },
              "viewParams": {},
              "viewPath": "",
              "visible": true,
              "width": 28
            },
            {
              "align": "center",
              "boolean": "checkbox",
              "dateFormat": "MM/DD/YYYY",
              "editable": false,
              "field": "CLIENTE",
              "footer": {
                "align": "center",
                "justify": "left",
                "style": {
                  "classes": ""
                },
                "title": ""
              },
              "header": {
                "align": "center",
                "justify": "center",
                "style": {
                  "classes": "PopiedadesTabla/Exterran-Style-ColumnHeader",
                  "fontSize": 10
                },
                "title": "Cliente"
              },
              "justify": "center",
              "number": "value",
              "numberFormat": "0,0.##",
              "progressBar": {
                "bar": {
                  "color": "",
                  "style": {
                    "classes": ""
                  }
                },
                "max": 100,
                "min": 0,
                "track": {
                  "color": "",
                  "style": {
                    "classes": ""
                  }
                },
                "value": {
                  "enabled": true,
                  "format": "0,0.##",
                  "justify": "center",
                  "style": {
                    "classes": ""
                  }
                }
              },
              "render": "auto",
              "resizable": true,
              "sort": "none",
              "sortable": true,
              "strictWidth": false,
              "style": {
                "classes": "",
                "color": "#FFFFFF"
              },
              "toggleSwitch": {
                "color": {
                  "selected": "",
                  "unselected": ""
                }
              },
              "viewParams": {},
              "viewPath": "",
              "visible": true,
              "width": 30
            },
            {
              "align": "center",
              "boolean": "checkbox",
              "dateFormat": "h:mm:ss a",
              "editable": false,
              "field": "HSMARCHAIJ",
              "footer": {
                "align": "center",
                "justify": "left",
                "style": {
                  "classes": ""
                },
                "title": ""
              },
              "header": {
                "align": "center",
                "justify": "center",
                "style": {
                  "classes": "",
                  "fontSize": 10
                },
                "title": "Hs.Marcha"
              },
              "justify": "center",
              "number": "value",
              "numberFormat": "none",
              "progressBar": {
                "bar": {
                  "color": "",
                  "style": {
                    "classes": ""
                  }
                },
                "max": 100,
                "min": 0,
                "track": {
                  "color": "",
                  "style": {
                    "classes": ""
                  }
                },
                "value": {
                  "enabled": true,
                  "format": "0,0.##",
                  "justify": "center",
                  "style": {
                    "classes": ""
                  }
                }
              },
              "render": "number",
              "resizable": true,
              "sort": "none",
              "sortable": true,
              "strictWidth": false,
              "style": {
                "classes": "PopiedadesTabla/Exterran-Style-ColumnHeader",
                "color": "#FFFFFF"
              },
              "toggleSwitch": {
                "color": {
                  "selected": "",
                  "unselected": ""
                }
              },
              "viewParams": {},
              "viewPath": "",
              "visible": true,
              "width": 38
            },
            {
              "align": "center",
              "boolean": "checkbox",
              "dateFormat": "MM/DD/YYYY",
              "editable": false,
              "field": "VARIABLES",
              "footer": {
                "align": "center",
                "justify": "left",
                "style": {
                  "classes": ""
                },
                "title": ""
              },
              "header": {
                "align": "center",
                "justify": "center",
                "style": {
                  "classes": "",
                  "fontSize": 10
                },
                "title": "Variables"
              },
              "justify": "center",
              "number": "value",
              "numberFormat": "0,0.##",
              "progressBar": {
                "bar": {
                  "color": "",
                  "style": {
                    "classes": ""
                  }
                },
                "max": 100,
                "min": 0,
                "track": {
                  "color": "",
                  "style": {
                    "classes": ""
                  }
                },
                "value": {
                  "enabled": true,
                  "format": "0,0.##",
                  "justify": "center",
                  "style": {
                    "classes": ""
                  }
                }
              },
              "render": "view",
              "resizable": true,
              "sort": "none",
              "sortable": false,
              "strictWidth": false,
              "style": {
                "classes": "PopiedadesTabla/Exterran-Style-ColumnHeader",
                "cursor": "pointer"
              },
              "toggleSwitch": {
                "color": {
                  "selected": "",
                  "unselected": ""
                }
              },
              "viewParams": {
                "myColor": "Orange"
              },
              "viewPath": "Exterran-InformacionActivos/DatosTecnicos",
              "visible": true,
              "width": 30
            },
            {
              "align": "center",
              "boolean": "checkbox",
              "dateFormat": "MM/DD/YYYY",
              "editable": false,
              "field": "SETPOINTS",
              "footer": {
                "align": "center",
                "justify": "left",
                "style": {
                  "classes": ""
                },
                "title": ""
              },
              "header": {
                "align": "center",
                "justify": "center",
                "style": {
                  "classes": "PopiedadesTabla/Exterran-Style-ColumnHeader",
                  "fontSize": 10
                },
                "title": "Set Points"
              },
              "justify": "center",
              "number": "value",
              "numberFormat": "0,0.##",
              "progressBar": {
                "bar": {
                  "color": "",
                  "style": {
                    "classes": ""
                  }
                },
                "max": 100,
                "min": 0,
                "track": {
                  "color": "",
                  "style": {
                    "classes": ""
                  }
                },
                "value": {
                  "enabled": true,
                  "format": "0,0.##",
                  "justify": "center",
                  "style": {
                    "classes": ""
                  }
                }
              },
              "render": "view",
              "resizable": true,
              "sort": "none",
              "sortable": false,
              "strictWidth": false,
              "style": {
                "classes": "",
                "cursor": "pointer"
              },
              "toggleSwitch": {
                "color": {
                  "selected": "",
                  "unselected": ""
                }
              },
              "viewParams": {
                "myColor": "MediumSeaGreen"
              },
              "viewPath": "Exterran-InformacionActivos/DatosTecnicos",
              "visible": true,
              "width": 24
            },
            {
              "align": "center",
              "boolean": "checkbox",
              "dateFormat": "MM/DD/YYYY",
              "editable": false,
              "field": "TENDENCIAS",
              "footer": {
                "align": "center",
                "justify": "left",
                "style": {
                  "classes": ""
                },
                "title": ""
              },
              "header": {
                "align": "center",
                "justify": "center",
                "style": {
                  "classes": "PopiedadesTabla/Exterran-Style-ColumnHeader",
                  "fontSize": 10
                },
                "title": "Tendencias"
              },
              "justify": "center",
              "number": "value",
              "numberFormat": "0,0.##",
              "progressBar": {
                "bar": {
                  "color": "",
                  "style": {
                    "classes": ""
                  }
                },
                "max": 100,
                "min": 0,
                "track": {
                  "color": "",
                  "style": {
                    "classes": ""
                  }
                },
                "value": {
                  "enabled": true,
                  "format": "0,0.##",
                  "justify": "center",
                  "style": {
                    "classes": ""
                  }
                }
              },
              "render": "view",
              "resizable": true,
              "sort": "none",
              "sortable": false,
              "strictWidth": false,
              "style": {
                "classes": "",
                "cursor": "pointer"
              },
              "toggleSwitch": {
                "color": {
                  "selected": "",
                  "unselected": ""
                }
              },
              "viewParams": {
                "myColor": "CornflowerBlue"
              },
              "viewPath": "Exterran-InformacionActivos/DatosTecnicos",
              "visible": true,
              "width": 34
            },
            {
              "align": "center",
              "boolean": "checkbox",
              "dateFormat": "MM/DD/YYYY",
              "editable": false,
              "field": "DATOSTECNICOS",
              "footer": {
                "align": "center",
                "justify": "left",
                "style": {
                  "classes": ""
                },
                "title": ""
              },
              "header": {
                "align": "center",
                "justify": "center",
                "style": {
                  "classes": "PopiedadesTabla/Exterran-Style-ColumnHeader",
                  "fontSize": 10
                },
                "title": "Datos Tecnicos"
              },
              "justify": "center",
              "number": "value",
              "numberFormat": "0,0.##",
              "progressBar": {
                "bar": {
                  "color": "",
                  "style": {
                    "classes": ""
                  }
                },
                "max": 100,
                "min": 0,
                "track": {
                  "color": "",
                  "style": {
                    "classes": ""
                  }
                },
                "value": {
                  "enabled": true,
                  "format": "0,0.##",
                  "justify": "center",
                  "style": {
                    "classes": ""
                  }
                }
              },
              "render": "view",
              "resizable": true,
              "sort": "none",
              "sortable": false,
              "strictWidth": false,
              "style": {
                "classes": "",
                "cursor": "pointer"
              },
              "toggleSwitch": {
                "color": {
                  "selected": "",
                  "unselected": ""
                }
              },
              "viewParams": {
                "myColor": "white"
              },
              "viewPath": "Exterran-InformacionActivos/DatosTecnicos",
              "visible": true,
              "width": 29
            }
          ],
          "dragOrderable": false,
          "emptyMessage": {
            "noData": {
              "icon": {
                "color": "#FFFFFF",
                "path": "material/360",
                "style": {
                  "backgroundColor": "303030"
                }
              },
              "text": "Esperando datos...",
              "textStyle": {
                "color": "#FFFFFF",
                "fontFamily": "Roboto",
                "fontSize": 20
              }
            },
            "style": {
              "classes": "PopiedadesTabla/Exterran-Style-EmpityMessagebackground"
            }
          },
          "filter": {
            "style": {
              "classes": "PopiedadesTabla/Exterran-Style-Table-Filter"
            }
          },
          "headerStyle": {
            "classes": "PopiedadesTabla/Exterran-Style-Table-Header"
          },
          "pager": {
            "bottom": false,
            "initialOption": 0,
            "options": [
              10,
              30,
              50,
              100,
              150
            ],
            "style": {
              "classes": "PopiedadesTabla/Exterran-Style-Table-Pager"
            }
          },
          "rows": {
            "height": 30,
            "highlight": {
              "color": "#122E42"
            },
            "striped": {
              "enabled": false
            },
            "style": {
              "classes": "PopiedadesTabla/Exterran-Style-Table-Rows"
            }
          },
          "style": {
            "animationDuration": {
              "unit": "s",
              "value": 2
            },
            "classes": "PopiedadesTabla/Exterran-Style-StyleGeneral",
            "fontSize": 12,
            "transition": "2s"
          },
          "virtualized": false
        },
        "scripts": {
          "customMethods": [],
          "extensionFunctions": null,
          "messageHandlers": [
            {
              "messageType": "mensajito",
              "pageScope": true,
              "script": "\t# implement your handler here\n\tself.custom.REGION \u003d payload[\"regionSes\"]\n\tself.custom.PAIS \u003d payload[\"paisSes\"]\n\tself.custom.DISTRITO \u003d payload[\"distritoSes\"]\n\tself.custom.YACIMIENTO \u003d payload[\"yacimientoSes\"]\n\tself.custom.LOCACION \u003d payload[\"locacionSes\"]\n\tself.custom.ACTIVO \u003d payload[\"activoSes\"]\n\tself.custom.LEVELVAR \u003d payload[\"levelvarSes\"]",
              "sessionScope": false,
              "viewScope": false
            },
            {
              "messageType": "botonExcel",
              "pageScope": true,
              "script": "\t#codigo viejo: utiliza la table.data en formato dataset\n\t\"\"\"datos \u003d system.dataset.toPyDataSet(self.props.data) #datos tabla es un label que contiene el value [dataset] de la tabla \n\texcel \u003d system.dataset.toCSV(datos)\n\tfilename\u003d \u0027Seleccion de Activos.csv\u0027\n\tsystem.perspective.download(filename,excel) \"\"\"\n\t#list \u003d self.getSibling(\"Table\").custom.dataexcel\n\t\t\n\t\t\n\t#Codigo nuevo: separa correctamente las columnas pero usa la table.data en formato JSON\n\tdef jsonToDataset(list):\n\t\tcolumns \u003d columns \u003d [\u0027ESTADOIJ\u0027,\u0027CONEXION\u0027,\u0027REGION\u0027,\u0027PAIS\u0027,\u0027DISTRITO\u0027,\u0027YACIMIENTO\u0027,\u0027LOCACION\u0027, \u0027ACTIVO\u0027, \u0027CLIENTE\u0027,\u0027HSMARCHAIJ\u0027,\u0027VARIABLES\u0027,\u0027SETPOINTS\u0027,\u0027TENDENCIAS\u0027,\u0027DATOSTECNICOS\u0027 ] #dict(list[0]).keys()\n\t\tdata \u003d []\n\t\tfor item in list:\n\t\t\trow \u003d []\n\t\t\tfor column in columns:\n\t\t\t\tcellValue \u003d item.get(column, \u0027\u0027)\n\t\t\t\ttry:\n\t\t\t\t\tdict(cellValue)\n\t\t\t\t\tcellValue \u003d cellValue[\u0027value\u0027]\n\t\t\t\texcept:\n\t\t\t\t\tpass\n\t\t\t\trow.append(cellValue)\n\t\t\tdata.append(row)\n\t\t\tsystem.perspective.print(str(\u0027COLUMNAS\u0027) + \u0027 \u0027 + str(columns))\n\t\treturn system.dataset.toDataSet(columns, data)\n\t\n\tjson \u003d self.getSibling(\"Table\").props.data\n\tdata \u003d jsonToDataset(json)\n\tExcel_xlsx \u003d system.dataset.toExcel(True,[data])\n\tsystem.perspective.download(\"Seleccion de Activos.xlsx\",Excel_xlsx)\n\t\n",
              "sessionScope": false,
              "viewScope": false
            }
          ]
        },
        "type": "ia.display.table"
      },
      {
        "meta": {
          "name": "Titulo"
        },
        "position": {
          "height": 35,
          "width": "50%",
          "x": "1%",
          "y": "1%"
        },
        "props": {
          "text": "Selección Activos",
          "textStyle": {
            "classes": "Exterran-Style-TextoFuenteLabel",
            "fontFamily": "Roboto",
            "fontSize": 28
          }
        },
        "type": "ia.display.label"
      },
      {
        "meta": {
          "name": "Label_0",
          "visible": false
        },
        "position": {
          "height": 32,
          "width": 50
        },
        "propConfig": {
          "props.text": {
            "binding": {
              "config": {
                "path": "session.custom.InfoActivoDetalleSP"
              },
              "type": "property"
            }
          }
        },
        "props": {
          "alignVertical": "top",
          "textStyle": {
            "color": "#FF0000"
          }
        },
        "type": "ia.display.label"
      },
      {
        "children": [
          {
            "events": {
              "dom": {
                "onMouseEnter": {
                  "config": {
                    "script": "\tself.props.style.color\u003d \"#3496FF\""
                  },
                  "scope": "G",
                  "type": "script"
                },
                "onMouseLeave": {
                  "config": {
                    "script": "\t\n\tself.props.style.color\u003d \"#007BFF\""
                  },
                  "scope": "G",
                  "type": "script"
                }
              }
            },
            "meta": {
              "name": "HomeLink"
            },
            "position": {
              "basis": "49px"
            },
            "props": {
              "style": {
                "classes": "Exterran-NavLinkStyleHome",
                "color": "#007BFF"
              },
              "target": "self",
              "text": "Home ",
              "url": "/"
            },
            "type": "ia.navigation.link"
          },
          {
            "meta": {
              "name": "Informacion de Activos"
            },
            "position": {
              "basis": "180px"
            },
            "props": {
              "alignVertical": "bottom",
              "style": {
                "classes": "Exterran-NavLinkStyle"
              },
              "text": "/  Selección de Activos"
            },
            "type": "ia.display.label"
          }
        ],
        "meta": {
          "name": "RutaNav"
        },
        "position": {
          "height": 20,
          "width": 250,
          "y": "2%"
        },
        "propConfig": {
          "position.x": {
            "binding": {
              "config": {
                "path": "page.props.dimensions.primaryView.width"
              },
              "transforms": [
                {
                  "code": "\treturn value-250",
                  "type": "script"
                }
              ],
              "type": "property"
            }
          }
        },
        "props": {
          "alignItems": "flex-start"
        },
        "type": "ia.container.flex"
      },
      {
        "meta": {
          "name": "TEST"
        },
        "position": {
          "height": 32,
          "width": 143,
          "x": 410,
          "y": 9.17
        },
        "propConfig": {
          "props.text": {
            "binding": {
              "config": {
                "path": "../Table.props.selection.data[0].CONEXION"
              },
              "transforms": [
                {
                  "code": "\tif value \u003d\u003d None:\n\t\tvalue\u003dint(-85)\n\treturn value",
                  "type": "script"
                }
              ],
              "type": "property"
            }
          }
        },
        "props": {
          "style": {
            "backgroundColor": "#6F10CD",
            "backgroundRepeat": "round",
            "classes": "testANIMATED"
          },
          "textStyle": {
            "color": "#FFFFFF"
          }
        },
        "type": "ia.display.label"
      },
      {
        "meta": {
          "name": "Label"
        },
        "position": {
          "height": 32,
          "width": 96,
          "x": 672.67,
          "y": 16
        },
        "props": {
          "style": {
            "animationFillMode": "both",
            "backgroundColor": "#808080",
            "transition": "background-color 1.0s ease"
          },
          "text": "Label"
        },
        "type": "ia.display.label"
      },
      {
        "meta": {
          "name": "Table_0"
        },
        "position": {
          "height": 326,
          "width": 632,
          "x": 424,
          "y": 262
        },
        "props": {
          "columns": [
            {
              "align": "center",
              "boolean": "checkbox",
              "dateFormat": "MM/DD/YYYY",
              "editable": false,
              "field": "city",
              "footer": {
                "align": "center",
                "justify": "left",
                "style": {
                  "classes": ""
                },
                "title": ""
              },
              "header": {
                "align": "center",
                "justify": "left",
                "style": {
                  "classes": ""
                },
                "title": ""
              },
              "justify": "auto",
              "number": "value",
              "numberFormat": "0,0.##",
              "progressBar": {
                "bar": {
                  "color": "",
                  "style": {
                    "classes": ""
                  }
                },
                "max": 100,
                "min": 0,
                "track": {
                  "color": "",
                  "style": {
                    "classes": ""
                  }
                },
                "value": {
                  "enabled": true,
                  "format": "0,0.##",
                  "justify": "center",
                  "style": {
                    "classes": ""
                  }
                }
              },
              "render": "auto",
              "resizable": true,
              "sort": "none",
              "sortable": true,
              "strictWidth": false,
              "style": {
                "classes": ""
              },
              "toggleSwitch": {
                "color": {
                  "selected": "",
                  "unselected": ""
                }
              },
              "viewParams": {},
              "viewPath": "",
              "visible": true,
              "width": ""
            },
            {
              "align": "center",
              "boolean": "checkbox",
              "dateFormat": "MM/DD/YYYY",
              "editable": false,
              "field": "country",
              "footer": {
                "align": "center",
                "justify": "left",
                "style": {
                  "classes": ""
                },
                "title": ""
              },
              "header": {
                "align": "center",
                "justify": "left",
                "style": {
                  "classes": ""
                },
                "title": ""
              },
              "justify": "auto",
              "number": "value",
              "numberFormat": "0,0.##",
              "progressBar": {
                "bar": {
                  "color": "",
                  "style": {
                    "classes": ""
                  }
                },
                "max": 100,
                "min": 0,
                "track": {
                  "color": "",
                  "style": {
                    "classes": ""
                  }
                },
                "value": {
                  "enabled": true,
                  "format": "0,0.##",
                  "justify": "center",
                  "style": {
                    "classes": ""
                  }
                }
              },
              "render": "auto",
              "resizable": true,
              "sort": "none",
              "sortable": true,
              "strictWidth": false,
              "style": {
                "classes": ""
              },
              "toggleSwitch": {
                "color": {
                  "selected": "",
                  "unselected": ""
                }
              },
              "viewParams": {},
              "viewPath": "",
              "visible": true,
              "width": ""
            },
            {
              "align": "center",
              "boolean": "checkbox",
              "dateFormat": "MM/DD/YYYY",
              "editable": false,
              "field": "population",
              "footer": {
                "align": "center",
                "justify": "left",
                "style": {
                  "classes": ""
                },
                "title": ""
              },
              "header": {
                "align": "center",
                "justify": "left",
                "style": {
                  "classes": ""
                },
                "title": ""
              },
              "justify": "auto",
              "number": "value",
              "numberFormat": "0,0.##",
              "progressBar": {
                "bar": {
                  "color": "",
                  "style": {
                    "classes": ""
                  }
                },
                "max": 100,
                "min": 0,
                "track": {
                  "color": "",
                  "style": {
                    "classes": ""
                  }
                },
                "value": {
                  "enabled": true,
                  "format": "0,0.##",
                  "justify": "center",
                  "style": {
                    "classes": ""
                  }
                }
              },
              "render": "number",
              "resizable": true,
              "sort": "none",
              "sortable": true,
              "strictWidth": false,
              "style": {
                "classes": ""
              },
              "toggleSwitch": {
                "color": {
                  "selected": "",
                  "unselected": ""
                }
              },
              "viewParams": {},
              "viewPath": "",
              "visible": true,
              "width": ""
            }
          ],
          "data": [
            {
              "city": {
                "align": "center",
                "editable": true,
                "justify": "left",
                "style": {
                  "backgroundColor": "#F7901D",
                  "classes": "some-class"
                },
                "value": "Folsom"
              },
              "country": "United States",
              "population": 89000.5
            },
            {
              "city": "Helsinki",
              "country": "Finland",
              "population": 635591
            },
            {
              "city": "Jakarta",
              "country": "Indonesia",
              "population": 10187595
            },
            {
              "city": "Madrid",
              "country": "Spain",
              "population": 3233527
            },
            {
              "city": "Prague",
              "country": "Czech Republic",
              "population": 1241664
            },
            {
              "city": "San Diego",
              "country": "United States",
              "population": 1406630
            },
            {
              "city": "San Francisco",
              "country": "United States",
              "population": 884363
            },
            {
              "city": "Shanghai",
              "country": "China",
              "population": 24153000
            },
            {
              "city": "Tokyo",
              "country": "Japan",
              "population": 13617000
            },
            {
              "city": "Washington, DC",
              "country": "United States",
              "population": 658893
            },
            {
              "city": "Wellington",
              "country": "New Zealand",
              "population": 405000
            },
            {
              "city": "Delhi",
              "country": "India",
              "population": 11034555
            },
            {
              "city": "Dhaka",
              "country": "Bangladesh",
              "population": 14399000
            },
            {
              "city": "Lagos",
              "country": "Nigeria",
              "population": 16060303
            },
            {
              "city": "Karachi",
              "country": "Pakistan",
              "population": 14910352
            },
            {
              "city": "Istanbul",
              "country": "Turkey",
              "population": 14025000
            },
            {
              "city": "Cairo",
              "country": "Egypt",
              "population": 10230350
            },
            {
              "city": "Mexico City",
              "country": "Mexico",
              "population": 8974724
            },
            {
              "city": "London",
              "country": "United Kingdom",
              "population": 8825001
            },
            {
              "city": "New York City",
              "country": "United States",
              "population": 8622698
            },
            {
              "city": "Tehran",
              "country": "Iran",
              "population": 8154051
            },
            {
              "city": "Bogota",
              "country": "Colombia",
              "population": 7878783
            },
            {
              "city": "Rio de Janeiro",
              "country": "Brazil",
              "population": 6429923
            },
            {
              "city": "Riyadh",
              "country": "Saudi Arabia",
              "population": 5676621
            },
            {
              "city": "Singapore",
              "country": "Singapore",
              "population": 5535000
            },
            {
              "city": "Saint Petersburg",
              "country": "Russia",
              "population": 5191690
            },
            {
              "city": "Sydney",
              "country": "Australia",
              "population": 208374
            },
            {
              "city": "Abidjan",
              "country": "Ivory Coast",
              "population": 4765000
            },
            {
              "city": "Dar es Salaam",
              "country": "Tanzania",
              "population": 4364541
            },
            {
              "city": "Wellington",
              "country": "New Zealand",
              "population": 405000
            },
            {
              "city": "Los Angeles",
              "country": "United States",
              "population": 3884307
            },
            {
              "city": "Berlin",
              "country": "Germany",
              "population": 3517424
            },
            {
              "city": "Jeddah",
              "country": "Saudi Arabia",
              "population": 3456259
            },
            {
              "city": "Kabul",
              "country": "Afghanistan",
              "population": 3414100
            },
            {
              "city": "Mashhad",
              "country": "Iran",
              "population": 3001184
            },
            {
              "city": "Milan",
              "country": "Italy",
              "population": 1359905
            },
            {
              "city": "Kiev",
              "country": "Ukraine",
              "population": 2908703
            },
            {
              "city": "Rome",
              "country": "Italy",
              "population": 2877215
            },
            {
              "city": "Chicago",
              "country": "United States",
              "population": 2695598
            },
            {
              "city": "Osaka",
              "country": "Japan",
              "population": 2691742
            },
            {
              "city": "Bandung",
              "country": "Indonesia",
              "population": 2575478
            },
            {
              "city": "Managua",
              "country": "Nicaragua",
              "population": 2560789
            },
            {
              "city": "Paris",
              "country": "France",
              "population": 2229621
            },
            {
              "city": "Shiraz",
              "country": "Iran",
              "population": 1869001
            },
            {
              "city": "Manila",
              "country": "Philippines",
              "population": 1780148
            },
            {
              "city": "Montreal",
              "country": "Canada",
              "population": 1649519
            },
            {
              "city": "Guadalajara",
              "country": "Mexico",
              "population": 1495189
            },
            {
              "city": "Dallas",
              "country": "United States",
              "population": 1317929
            },
            {
              "city": "Yerevan",
              "country": "Armenia",
              "population": 1060138
            },
            {
              "city": "Tunis",
              "country": "Tunisia",
              "population": 1056247
            }
          ],
          "selection": {
            "data": [
              {
                "city": "Folsom",
                "country": "United States",
                "population": 89000.5
              }
            ],
            "selectedColumn": "country",
            "selectedRow": 0
          }
        },
        "type": "ia.display.table"
      }
    ],
    "custom": {
      "okdatos": ""
    },
    "meta": {
      "name": "root"
    },
    "position": {
      "x": -98,
      "y": -91
    },
    "props": {
      "style": {
        "backgroundColor": "#454d55",
        "classes": "Exterran-Style-FondoGeneral"
      }
    },
    "scripts": {
      "customMethods": [],
      "extensionFunctions": null,
      "messageHandlers": [
        {
          "messageType": "applyfilter",
          "pageScope": true,
          "script": "\t# implement your handler here\n\tself.custom.okdatos \u003d payload[\"datos\"]\n",
          "sessionScope": false,
          "viewScope": false
        }
      ]
    },
    "type": "ia.container.coord"
  }
}