{
  "custom": {},
  "params": {},
  "props": {
    "defaultSize": {
      "height": 97,
      "width": 80
    }
  },
  "root": {
    "children": [
      {
        "meta": {
          "name": "PieChart"
        },
        "position": {
          "height": 64,
          "width": 51,
          "x": 5,
          "y": 6
        },
        "props": {
          "colors": [
            "#3366CC",
            "#EC4B3D",
            "#4FC86C",
            "#00A9C6",
            "#E69300"
          ],
          "data": [
            {
              "count": 36,
              "flavor": "Pumpkin"
            },
            {
              "count": 17,
              "flavor": "Pecan"
            },
            {
              "count": 14,
              "flavor": "Apple"
            },
            {
              "count": 10,
              "flavor": "Sweet Potato"
            },
            {
              "count": 9,
              "flavor": "Chocolate"
            }
          ],
          "title": "Favorite Pie Flavors"
        },
        "type": "ia.chart.pie"
      }
    ],
    "meta": {
      "name": "root"
    },
    "props": {
      "style": {
        "backgroundColor": "#454e55"
      }
    },
    "type": "ia.container.coord"
  }
}