{
  "custom": {},
  "params": {},
  "props": {
    "defaultSize": {
      "width": 1000
    }
  },
  "root": {
    "children": [
      {
        "meta": {
          "name": "PORTADAAAAAA"
        },
        "position": {
          "height": "100%",
          "width": "100%"
        },
        "props": {
          "fit": {
            "mode": "fill"
          },
          "source": "/system/images/f67ab22b17764f158769113cd7c7ab38_3000x2000_resize.jpg"
        },
        "type": "ia.display.image"
      },
      {
        "meta": {
          "name": "Label_bienvenida"
        },
        "position": {
          "height": "18%",
          "width": "50%",
          "x": "2%",
          "y": "0%"
        },
        "propConfig": {
          "props.text": {
            "binding": {
              "config": {
                "expression": "{session.props.auth.user}"
              },
              "transforms": [
                {
                  "code": "\tnombre\u003dvalue.firstName\n\tapellido\u003dvalue.lastName\n\tmail\u003dvalue.email\n\tusername\u003dvalue.userName\n\t\n\ttext_bienvenida\u003d\"Hola \"+str(username)+\", bienvenido al entorno Exterran.\"\n\t\n\treturn text_bienvenida",
                  "type": "script"
                }
              ],
              "type": "expr"
            }
          }
        },
        "props": {
          "style": {
            "classes": "Exterran-Style-TextoFuente"
          }
        },
        "type": "ia.display.label"
      },
      {
        "meta": {
          "name": "Image",
          "visible": false
        },
        "position": {
          "height": "25%",
          "width": "20%",
          "x": "5%",
          "y": "65%"
        },
        "props": {
          "fit": {
            "mode": "fill"
          },
          "source": "/system/images/sample-images/LogosEXTERRAN/exterran round logo.png"
        },
        "type": "ia.display.image"
      },
      {
        "children": [
          {
            "meta": {
              "name": "Dropdown"
            },
            "position": {
              "basis": "25%"
            },
            "props": {
              "multiSelect": true,
              "options": [
                {
                  "label": "",
                  "value": ""
                }
              ],
              "placeholder": {
                "color": "#FFFFFF",
                "text": "General"
              },
              "style": {
                "backgroundColor": "#FFFFFF00"
              }
            },
            "type": "ia.input.dropdown"
          },
          {
            "meta": {
              "name": "Dropdown_0"
            },
            "position": {
              "basis": "25%"
            },
            "props": {
              "multiSelect": true,
              "placeholder": {
                "color": "#FFFFFF",
                "text": "Activos"
              },
              "style": {
                "backgroundColor": "#FFFFFF00",
                "color": "#FFFFFF"
              }
            },
            "type": "ia.input.dropdown"
          },
          {
            "meta": {
              "name": "Dropdown_1"
            },
            "position": {
              "basis": "25%"
            },
            "props": {
              "multiSelect": true,
              "placeholder": {
                "color": "#FFFFFF",
                "text": "Eventos"
              },
              "style": {
                "backgroundColor": "#FFFFFF00",
                "color": "#FFFFFF"
              }
            },
            "type": "ia.input.dropdown"
          },
          {
            "meta": {
              "name": "Dropdown_2"
            },
            "position": {
              "basis": "25%"
            },
            "props": {
              "multiSelect": true,
              "placeholder": {
                "color": "#FFFFFF",
                "text": "Organización"
              },
              "style": {
                "backgroundColor": "#FFFFFF00",
                "color": "#FFFFFF"
              }
            },
            "type": "ia.input.dropdown"
          }
        ],
        "meta": {
          "name": "FlexContainer",
          "visible": false
        },
        "position": {
          "height": "5%",
          "width": "50%",
          "x": "45%",
          "y": "5%"
        },
        "props": {
          "justify": "center",
          "style": {
            "backgroundColor": "#FFFFFF00"
          }
        },
        "type": "ia.container.flex"
      }
    ],
    "meta": {
      "name": "root"
    },
    "props": {
      "style": {
        "classes": "Exterran-Style-FondoGeneral"
      }
    },
    "type": "ia.container.coord"
  }
}