{
  "custom": {},
  "params": {},
  "permissions": {
    "securityLevels": [],
    "type": "AllOf"
  },
  "props": {
    "defaultSize": {
      "height": 888,
      "width": 969
    }
  },
  "root": {
    "children": [
      {
        "custom": {
          "ACTIVO": "em.Path LIKE \u0027\\%\u0027",
          "DISTRITO": "em.Path LIKE \u0027\\%\u0027",
          "LEVELVAR": 0,
          "LOCACION": "em.Path LIKE \u0027\\%\u0027",
          "PAIS": "em.Path LIKE \u0027\\%\u0027",
          "REGION": "em.Path LIKE \u0027\\%\u0027",
          "YACIMIENTO": "em.Path LIKE \u0027\\%\u0027",
          "estado": 0
        },
        "events": {
          "component": {
            "onRowClick": [
              {
                "config": {
                  "script": "\tif self.props.selection.selectedColumn \u003d\u003d \u0027DETALLE\u0027:\n\t\tsystem.perspective.openPopup(\"ert3dc\",\u0027Exterran-Gestion de Eventos/PopUp_Tabla\u0027, params \u003d {\u0027ACTIVO\u0027:self.props.selection.data[0].ACTIVO}, title \u003d \u0027Ventana de Detalles\u0027, position \u003d {\u0027width\u0027: 1000, \u0027height\u0027:680}, showCloseIcon \u003d True, resizable \u003d True, modal \u003d True)"
                },
                "scope": "G",
                "type": "script"
              },
              {
                "config": {
                  "script": "\tif self.props.selection.selectedColumn \u003d\u003d \u0027ACTIVO\u0027:\n\t\tx \u003d str(self.props.selection.data[0][\"ACTIVO\"])\n\t\ty \u003d str(\u0027Resumen de Activo\u0027)\n\t\tsystem.perspective.navigate(\u0027/ResumenActivo/\u0027+ x +\u0027/\u0027+y, newTab\u003dTrue)\n"
                },
                "scope": "G",
                "type": "script"
              }
            ]
          },
          "dom": {
            "onMouseEnter": {
              "config": {
                "script": "\tself.custom.estado \u003d 1"
              },
              "scope": "G",
              "type": "script"
            },
            "onMouseLeave": {
              "config": {
                "script": "\tself.custom.estado \u003d 0"
              },
              "scope": "G",
              "type": "script"
            }
          },
          "system": {
            "onStartup": {
              "config": {
                "script": "\tsystem.perspective.sendMessage(messageType\u003d\u0027status\u0027, payload\u003d{\u0027test\u0027:\"andando\"}, scope\u003d\u0027page\u0027)"
              },
              "scope": "G",
              "type": "script"
            }
          }
        },
        "meta": {
          "name": "Table",
          "tooltip": {
            "enabled": true
          }
        },
        "position": {
          "width": "97%",
          "x": 9.69
        },
        "propConfig": {
          "custom.PopUp_ElementID": {
            "binding": {
              "config": {
                "path": "../Table.props.selection.data[0].ElementID"
              },
              "type": "property"
            }
          },
          "custom.tooltipACTIVO": {
            "binding": {
              "config": {
                "parameters": {
                  "myActivo": "{this.props.selection.data[0].ACTIVO}"
                },
                "queryPath": "Queries Labels/PATH Labels",
                "returnFormat": "scalar"
              },
              "type": "query"
            }
          },
          "meta.tooltip.text": {
            "binding": {
              "config": {
                "expression": "\u0027a\\n\u0027 +\u0027 b\u0027"
              },
              "type": "expr"
            }
          },
          "position.height": {
            "binding": {
              "config": {
                "path": "page.props.dimensions.viewport.height"
              },
              "transforms": [
                {
                  "code": "\treturn self.page.props.dimensions.primaryView.height - self.position.y",
                  "type": "script"
                }
              ],
              "type": "property"
            }
          },
          "position.y": {
            "binding": {
              "config": {
                "path": "../HideButton.custom.booleano"
              },
              "transforms": [
                {
                  "code": "\tif self.getSibling(\"HideButton\").custom.booleano \u003d\u003d 1:\n\t\tx \u003d 180\n\telse:\n\t\tx \u003d 120\n\tself.position.height \u003d self.page.props.dimensions.primaryView.height - x\n\t\n\treturn x",
                  "type": "script"
                }
              ],
              "type": "property"
            }
          },
          "props.data": {
            "binding": {
              "config": {
                "designerUseLimit": false,
                "enableValueCache": false,
                "parameters": {
                  "Activo": "replace({this.custom.ACTIVO},\"em.\",\"\")",
                  "CHKBX_varAlrms": "{../Alarmas.custom.BooleanoTLA}",
                  "CHKBX_varCINS": "{../Condiciones Inseguras.custom.BooleanoTLA}",
                  "CHKBX_varCtvd": "{../Conectividad.custom.BooleanoTLA}",
                  "CHKBX_varParo": "{../Paros.custom.BooleanoTLA}",
                  "Distrito": "replace({this.custom.DISTRITO},\"em.Path\",\"Path\")",
                  "Locacion": "replace({this.custom.LOCACION},\"em.Path\",\"Path\")",
                  "Pais": "replace({this.custom.PAIS},\"em.Path\",\"Path\")",
                  "Region": "replace({this.custom.REGION},\"em.Path\",\"Path\")",
                  "Yacimiento": "replace({this.custom.YACIMIENTO},\"em.Path\",\"Path\")",
                  "level_var": "{this.custom.LEVELVAR}"
                },
                "polling": {
                  "enabled": true,
                  "rate": "5"
                },
                "queryPath": "Queries Tablas/Gestion de Eventos/RTQP-QueryTablaPpal",
                "returnFormat": "json"
              },
              "transforms": [
                {
                  "code": "\ttry:\n\t\treturn value\n\texcept:\n\t\treturn \"\"",
                  "type": "script"
                }
              ],
              "type": "query"
            }
          }
        },
        "props": {
          "bodyStyle": {
            "classes": "PopiedadesTabla/Exterran-Style-Table-bodyStyle"
          },
          "cells": {
            "allowEditOn": "long-press"
          },
          "columns": [
            {
              "align": "center",
              "boolean": "checkbox",
              "dateFormat": "MM/DD/YYYY",
              "editable": false,
              "field": "PAIS",
              "footer": {
                "align": "center",
                "justify": "left",
                "style": {
                  "classes": ""
                },
                "title": ""
              },
              "header": {
                "align": "center",
                "justify": "center",
                "style": {
                  "classes": "PopiedadesTabla/Exterran-Style-ColumnHeader"
                },
                "title": "Pais"
              },
              "justify": "center",
              "number": "value",
              "numberFormat": "0,0.##",
              "progressBar": {
                "bar": {
                  "color": "",
                  "style": {
                    "classes": ""
                  }
                },
                "max": 100,
                "min": 0,
                "track": {
                  "color": "",
                  "style": {
                    "classes": ""
                  }
                },
                "value": {
                  "enabled": true,
                  "format": "0,0.##",
                  "justify": "center",
                  "style": {
                    "classes": ""
                  }
                }
              },
              "render": "string",
              "resizable": true,
              "sort": "none",
              "sortable": true,
              "strictWidth": false,
              "style": {
                "classes": "",
                "color": "#FFFFFF"
              },
              "toggleSwitch": {
                "color": {
                  "selected": "",
                  "unselected": ""
                }
              },
              "viewParams": {},
              "viewPath": "",
              "visible": true,
              "width": 30
            },
            {
              "align": "center",
              "boolean": "checkbox",
              "dateFormat": "MM/DD/YYYY",
              "editable": false,
              "field": "LOCACION",
              "footer": {
                "align": "center",
                "justify": "left",
                "style": {
                  "classes": ""
                },
                "title": ""
              },
              "header": {
                "align": "center",
                "justify": "center",
                "style": {
                  "classes": "PopiedadesTabla/Exterran-Style-ColumnHeader"
                },
                "title": "Locacion"
              },
              "justify": "center",
              "number": "value",
              "numberFormat": "0,0.##",
              "progressBar": {
                "bar": {
                  "color": "",
                  "style": {
                    "classes": ""
                  }
                },
                "max": 100,
                "min": 0,
                "track": {
                  "color": "",
                  "style": {
                    "classes": ""
                  }
                },
                "value": {
                  "enabled": true,
                  "format": "0,0.##",
                  "justify": "center",
                  "style": {
                    "classes": ""
                  }
                }
              },
              "render": "string",
              "resizable": true,
              "sort": "none",
              "sortable": true,
              "strictWidth": false,
              "style": {
                "classes": "",
                "color": "#FFFFFF"
              },
              "toggleSwitch": {
                "color": {
                  "selected": "",
                  "unselected": ""
                }
              },
              "viewParams": {},
              "viewPath": "",
              "visible": true,
              "width": 30
            },
            {
              "align": "center",
              "boolean": "checkbox",
              "dateFormat": "MM/DD/YYYY",
              "editable": false,
              "field": "ACTIVO",
              "footer": {
                "align": "center",
                "justify": "left",
                "style": {
                  "classes": ""
                },
                "title": ""
              },
              "header": {
                "align": "center",
                "justify": "center",
                "style": {
                  "classes": "PopiedadesTabla/Exterran-Style-ColumnHeader",
                  "color": "#ffffff",
                  "textDecoration": ""
                },
                "title": "Activo"
              },
              "justify": "center",
              "number": "value",
              "numberFormat": 0,
              "progressBar": {
                "bar": {
                  "color": "",
                  "style": {
                    "classes": ""
                  }
                },
                "max": 100,
                "min": 0,
                "track": {
                  "color": "",
                  "style": {
                    "classes": ""
                  }
                },
                "value": {
                  "enabled": true,
                  "format": "0,0.##",
                  "justify": "center",
                  "style": {
                    "classes": ""
                  }
                }
              },
              "render": "number",
              "resizable": true,
              "sort": "none",
              "sortable": true,
              "strictWidth": false,
              "style": {
                "classes": "",
                "color": "#007BFF",
                "cursor": "pointer",
                "fontWeight": "bolder",
                "textDecoration": "underline"
              },
              "toggleSwitch": {
                "color": {
                  "selected": "",
                  "unselected": ""
                }
              },
              "viewParams": {},
              "viewPath": "",
              "visible": true,
              "width": 30
            },
            {
              "align": "center",
              "boolean": "checkbox",
              "dateFormat": "MM/DD/YYYY",
              "editable": false,
              "field": "EVENTO",
              "footer": {
                "align": "center",
                "justify": "left",
                "style": {
                  "classes": ""
                },
                "title": ""
              },
              "header": {
                "align": "center",
                "justify": "center",
                "style": {
                  "classes": "PopiedadesTabla/Exterran-Style-ColumnHeader"
                },
                "title": "Evento"
              },
              "justify": "center",
              "number": "value",
              "numberFormat": "0,0.##",
              "progressBar": {
                "bar": {
                  "color": "",
                  "style": {
                    "classes": ""
                  }
                },
                "max": 100,
                "min": 0,
                "track": {
                  "color": "",
                  "style": {
                    "classes": ""
                  }
                },
                "value": {
                  "enabled": true,
                  "format": "0,0.##",
                  "justify": "center",
                  "style": {
                    "classes": ""
                  }
                }
              },
              "render": "view",
              "resizable": true,
              "sort": "none",
              "sortable": true,
              "strictWidth": false,
              "style": {
                "classes": ""
              },
              "toggleSwitch": {
                "color": {
                  "selected": "",
                  "unselected": ""
                }
              },
              "viewParams": {},
              "viewPath": "Exterran-Gestion de Eventos/EstadoIconT",
              "visible": true,
              "width": 30
            },
            {
              "align": "center",
              "boolean": "checkbox",
              "dateFormat": "MM/DD/YYYY",
              "editable": false,
              "field": "DESCRIPCION",
              "footer": {
                "align": "center",
                "justify": "left",
                "style": {
                  "classes": ""
                },
                "title": ""
              },
              "header": {
                "align": "center",
                "justify": "center",
                "style": {
                  "classes": "PopiedadesTabla/Exterran-Style-ColumnHeader"
                },
                "title": "Descripcion"
              },
              "justify": "center",
              "number": "value",
              "numberFormat": "0,0.##",
              "progressBar": {
                "bar": {
                  "color": "",
                  "style": {
                    "classes": ""
                  }
                },
                "max": 100,
                "min": 0,
                "track": {
                  "color": "",
                  "style": {
                    "classes": ""
                  }
                },
                "value": {
                  "enabled": true,
                  "format": "0,0.##",
                  "justify": "center",
                  "style": {
                    "classes": ""
                  }
                }
              },
              "render": "auto",
              "resizable": true,
              "sort": "none",
              "sortable": true,
              "strictWidth": false,
              "style": {
                "classes": "",
                "color": "#FFFFFF"
              },
              "toggleSwitch": {
                "color": {
                  "selected": "",
                  "unselected": ""
                }
              },
              "viewParams": {},
              "viewPath": "",
              "visible": true,
              "width": 80
            },
            {
              "align": "center",
              "boolean": "checkbox",
              "dateFormat": "MM/DD/YYYY HH:mm:ss",
              "editable": false,
              "field": "TSS",
              "footer": {
                "align": "center",
                "justify": "left",
                "style": {
                  "classes": ""
                },
                "title": ""
              },
              "header": {
                "align": "center",
                "justify": "left",
                "style": {
                  "classes": "PopiedadesTabla/Exterran-Style-ColumnHeader"
                },
                "title": "Fecha/Hora"
              },
              "justify": "left",
              "number": "value",
              "numberFormat": "0,0.##",
              "progressBar": {
                "bar": {
                  "color": "",
                  "style": {
                    "classes": ""
                  }
                },
                "max": 100,
                "min": 0,
                "track": {
                  "color": "",
                  "style": {
                    "classes": ""
                  }
                },
                "value": {
                  "enabled": true,
                  "format": "0,0.##",
                  "justify": "center",
                  "style": {
                    "classes": ""
                  }
                }
              },
              "render": "date",
              "resizable": true,
              "sort": "none",
              "sortable": true,
              "strictWidth": false,
              "style": {
                "classes": "",
                "color": "#FFFFFF"
              },
              "toggleSwitch": {
                "color": {
                  "selected": "",
                  "unselected": ""
                }
              },
              "viewParams": {},
              "viewPath": "",
              "visible": true,
              "width": 50
            },
            {
              "align": "center",
              "boolean": "checkbox",
              "dateFormat": "MM/DD/YYYY",
              "editable": false,
              "field": "DETALLE",
              "footer": {
                "align": "center",
                "justify": "left",
                "style": {
                  "classes": ""
                },
                "title": ""
              },
              "header": {
                "align": "center",
                "justify": "center",
                "style": {
                  "classes": "PopiedadesTabla/Exterran-Style-ColumnHeader",
                  "cursor": "none"
                },
                "title": "Ver"
              },
              "justify": "center",
              "number": "value",
              "numberFormat": "0,0.##",
              "progressBar": {
                "bar": {
                  "color": "",
                  "style": {
                    "classes": ""
                  }
                },
                "max": 100,
                "min": 0,
                "track": {
                  "color": "",
                  "style": {
                    "classes": ""
                  }
                },
                "value": {
                  "enabled": true,
                  "format": "0,0.##",
                  "justify": "center",
                  "style": {
                    "classes": ""
                  }
                }
              },
              "render": "view",
              "resizable": true,
              "sort": "none",
              "sortable": false,
              "strictWidth": false,
              "style": {
                "classes": "",
                "color": "#FFFFFF",
                "cursor": "pointer"
              },
              "toggleSwitch": {
                "color": {
                  "selected": "",
                  "unselected": ""
                }
              },
              "viewParams": {},
              "viewPath": "Exterran-Gestion de Eventos/DetalleBoton",
              "visible": true,
              "width": 30
            },
            {
              "align": "center",
              "boolean": "checkbox",
              "dateFormat": "MM/DD/YYYY",
              "editable": false,
              "field": "Cant",
              "footer": {
                "align": "center",
                "justify": "left",
                "style": {
                  "classes": ""
                },
                "title": ""
              },
              "header": {
                "align": "center",
                "justify": "center",
                "style": {
                  "classes": ""
                },
                "title": "Cant"
              },
              "justify": "center",
              "number": "value",
              "numberFormat": "0,0.##",
              "progressBar": {
                "bar": {
                  "color": "",
                  "style": {
                    "classes": ""
                  }
                },
                "max": 100,
                "min": 0,
                "track": {
                  "color": "",
                  "style": {
                    "classes": ""
                  }
                },
                "value": {
                  "enabled": true,
                  "format": "0,0.##",
                  "justify": "center",
                  "style": {
                    "classes": ""
                  }
                }
              },
              "render": "auto",
              "resizable": true,
              "sort": "none",
              "sortable": true,
              "strictWidth": false,
              "style": {
                "classes": "",
                "color": "#FFFFFF"
              },
              "toggleSwitch": {
                "color": {
                  "selected": "",
                  "unselected": ""
                }
              },
              "viewParams": {},
              "viewPath": "",
              "visible": true,
              "width": 30
            }
          ],
          "dragOrderable": false,
          "emptyMessage": {
            "noData": {
              "icon": {
                "color": "#FFFFFF",
                "path": "material/360",
                "style": {
                  "backgroundColor": "303030"
                }
              },
              "text": "Esperando datos...",
              "textStyle": {
                "color": "#FFFFFF",
                "fontFamily": "Roboto",
                "fontSize": 20
              }
            },
            "style": {
              "classes": "PopiedadesTabla/Exterran-Style-EmpityMessagebackground"
            }
          },
          "filter": {
            "style": {
              "classes": "PopiedadesTabla/Exterran-Style-Table-Filter",
              "fontFamily": "sans-serif",
              "fontSize": 12
            }
          },
          "headerStyle": {
            "classes": "PopiedadesTabla/Exterran-Style-Table-Header"
          },
          "pager": {
            "initialOption": 0,
            "options": [
              30,
              50,
              100,
              150,
              300
            ],
            "style": {
              "classes": "PopiedadesTabla/Exterran-Style-Table-Pager"
            }
          },
          "rows": {
            "height": 30,
            "highlight": {
              "color": "#122E42"
            },
            "striped": {
              "enabled": false
            },
            "style": {
              "classes": "PopiedadesTabla/Exterran-Style-Table-Rows"
            }
          },
          "style": {
            "classes": "PopiedadesTabla/Exterran-Style-StyleGeneral"
          },
          "virtualized": false
        },
        "scripts": {
          "customMethods": [],
          "extensionFunctions": null,
          "messageHandlers": [
            {
              "messageType": "mensajito",
              "pageScope": true,
              "script": "\tself.custom.REGION \u003d payload[\"regionSes\"]\n\tself.custom.PAIS \u003d payload[\"paisSes\"]\n\tself.custom.DISTRITO \u003d payload[\"distritoSes\"]\n\tself.custom.YACIMIENTO \u003d payload[\"yacimientoSes\"]\n\tself.custom.LOCACION \u003d payload[\"locacionSes\"]\n\tself.custom.ACTIVO \u003d payload[\"activoSes\"]\n\tself.custom.LEVELVAR \u003d payload[\"levelvarSes\"]\n\t#payload\u003d{\u0027regionSes\u0027\u0027paisSes\u0027\u0027distritoSes\u0027\u0027yacimientoSes\u0027\u0027locacionSes\u0027\u0027activoSes\u0027\n\t#\u0027levelSes\u0027}, scope\u003d\u0027page\u0027)",
              "sessionScope": false,
              "viewScope": false
            },
            {
              "messageType": "botonExcel",
              "pageScope": true,
              "script": "\t#codigo viejo: utiliza la table.data en formato dataset\n#\tdatos \u003d system.dataset.toPyDataSet(self.props.data) #datos tabla es un label que contiene el value [dataset] de la tabla \n#\texcel \u003d system.dataset.toCSV(datos)\n#\tfilename\u003d \u0027Gestion de Eventos.csv\u0027\n#\tsystem.perspective.download(filename,excel) \n\t#list \u003d self.getSibling(\"Table\").custom.dataexcel\n\t\t\n\t\t\n\t#Codigo nuevo: separa correctamente las columnas pero usa la table.data en formato JSON\n\tdef jsonToDataset(list):\n\t\tcolumns \u003d columns \u003d [\u0027PAIS\u0027,\u0027LOCACION\u0027,\u0027ACTIVO\u0027,\u0027PAIS\u0027,\u0027EVENTO\u0027,\u0027DESCRIPCION\u0027,\u0027TSS\u0027, \u0027DETALLE\u0027, \u0027Cant\u0027] #dict(list[0]).keys()\n\t\tdata \u003d []\n\t\tfor item in list:\n\t\t\trow \u003d []\n\t\t\tfor column in columns:\n\t\t\t\tcellValue \u003d item.get(column, \u0027\u0027)\n\t\t\t\ttry:\n\t\t\t\t\tdict(cellValue)\n\t\t\t\t\tcellValue \u003d cellValue[\u0027value\u0027]\n\t\t\t\texcept:\n\t\t\t\t\tpass\n\t\t\t\trow.append(cellValue)\n\t\t\tdata.append(row)\n\t\t\tsystem.perspective.print(str(\u0027COLUMNAS\u0027) + \u0027 \u0027 + str(columns))\n\t\treturn system.dataset.toDataSet(columns, data)\n\t\n\tjson \u003d self.getSibling(\"Table\").props.data\n\tdata \u003d jsonToDataset(json)\n\tExcel_xlsx \u003d system.dataset.toExcel(True,[data])\n\tsystem.perspective.download(\"Gestion de Eventos.xlsx\",Excel_xlsx) \"\"\"\n\t",
              "sessionScope": false,
              "viewScope": false
            }
          ]
        },
        "type": "ia.display.table"
      },
      {
        "events": {
          "dom": {
            "onClick": {
              "config": {
                "script": "\tif self.props.selected \u003d\u003d False:\n\t\tself.getSibling(\"Paros\").props.selected \u003d False\n\t\tself.getSibling(\"Paros\").custom.BooleanoTLA\u003d 0\n\t\tself.getSibling(\"Condiciones Inseguras\").props.selected \u003d False\n\t\tself.getSibling(\"Condiciones Inseguras\").custom.BooleanoTLA\u003d 0\n\t\tself.getSibling(\"Alarmas\").props.selected \u003d True\n\t\tself.getSibling(\"Alarmas\").custom.BooleanoTLA\u003d 1\n\t\tself.getSibling(\"Conectividad\").props.selected \u003d False\n\t\tself.getSibling(\"Conectividad\").custom.BooleanoTLA\u003d 0\n\t\tself.getSibling(\"Arranques\").props.selected \u003d False\n\t\tself.getSibling(\"Arranques\").custom.BooleanoTLA \u003d 0\n\telse:\n\t\tself.getSibling(\"Paros\").props.selected \u003d True\n\t\tself.getSibling(\"Paros\").custom.BooleanoTLA \u003d 1\n\t\tself.getSibling(\"Condiciones Inseguras\").props.selected \u003d True\n\t\tself.getSibling(\"Condiciones Inseguras\").custom.BooleanoTLA\u003d 1\n\t\tself.getSibling(\"Alarmas\").props.selected \u003d True\n\t\tself.getSibling(\"Alarmas\").custom.BooleanoTLA\u003d 1\n\t\tself.getSibling(\"Conectividad\").props.selected \u003d True\n\t\tself.getSibling(\"Conectividad\").custom.BooleanoTLA\u003d 1\n\t\tself.getSibling(\"Arranques\").props.selected \u003d True\n\t\tself.getSibling(\"Arranques\").custom.BooleanoTLA \u003d 1"
              },
              "scope": "G",
              "type": "script"
            }
          }
        },
        "meta": {
          "name": "Todas Las Alarmas"
        },
        "position": {
          "height": 36,
          "width": 170,
          "x": 9.73,
          "y": 125
        },
        "propConfig": {
          "custom.BooleanoTLA": {
            "binding": {
              "config": {
                "expression": "{../Paros.custom.BooleanoTLA} * {../Condiciones Inseguras.custom.BooleanoTLA}\r\n* {../Alarmas.custom.BooleanoTLA} * {../Conectividad.custom.BooleanoTLA}"
              },
              "type": "expr"
            }
          },
          "meta.visible": {
            "binding": {
              "config": {
                "path": "../HideButton.custom.booleano"
              },
              "type": "property"
            }
          },
          "props.selected": {
            "binding": {
              "config": {
                "expression": "{../Paros.props.selected} \u0026\u0026 {../Alarmas.props.selected} \u0026\u0026 {../Condiciones Inseguras.props.selected} \u0026\u0026 {../Conectividad.props.selected} \u0026\u0026 {../Arranques.custom.BooleanoTLA}"
              },
              "type": "expr"
            }
          }
        },
        "props": {
          "style": {
            "color": "#FFFFFF",
            "fontFamily": "sans-serif",
            "fontSize": "14px",
            "fontWeight": "normal",
            "letterSpacing": "1"
          },
          "text": "Todos los Eventos"
        },
        "type": "ia.input.checkbox"
      },
      {
        "custom": {
          "BooleanoTLA": 1
        },
        "events": {
          "dom": {
            "onClick": {
              "config": {
                "script": "\tif self.props.selected \u003d\u003d True:\n\t\tself.custom.BooleanoTLA\u003d 1\n\telse:\n\t\tself.custom.BooleanoTLA\u003d 0"
              },
              "scope": "G",
              "type": "script"
            }
          }
        },
        "meta": {
          "name": "Paros"
        },
        "position": {
          "height": 36,
          "width": 83.00000000000003,
          "x": 175.23,
          "y": 125
        },
        "propConfig": {
          "meta.visible": {
            "binding": {
              "config": {
                "path": "../HideButton.custom.booleano"
              },
              "type": "property"
            }
          }
        },
        "props": {
          "selected": true,
          "style": {
            "color": "#FFFFFF",
            "fontFamily": "sans-serif",
            "fontSize": "14px",
            "fontWeight": "normal",
            "letterSpacing": "1"
          },
          "text": "Paros"
        },
        "type": "ia.input.checkbox"
      },
      {
        "custom": {
          "BooleanoTLA": 1
        },
        "events": {
          "dom": {
            "onClick": {
              "config": {
                "script": "\tif self.props.selected \u003d\u003d True:\n\t\tself.custom.BooleanoTLA\u003d 1\n\telse:\n\t\tself.custom.BooleanoTLA\u003d 0"
              },
              "scope": "G",
              "type": "script"
            }
          }
        },
        "meta": {
          "name": "Condiciones Inseguras"
        },
        "position": {
          "height": 36,
          "width": 199,
          "x": 256.23,
          "y": 125
        },
        "propConfig": {
          "meta.visible": {
            "binding": {
              "config": {
                "path": "../HideButton.custom.booleano"
              },
              "type": "property"
            }
          }
        },
        "props": {
          "selected": true,
          "style": {
            "color": "#FFFFFF",
            "fontFamily": "sans-serif",
            "fontSize": "14px",
            "fontWeight": "normal",
            "letterSpacing": "1"
          },
          "text": "Condiciones Inseguras"
        },
        "type": "ia.input.checkbox"
      },
      {
        "custom": {
          "BooleanoTLA": 1
        },
        "events": {
          "dom": {
            "onClick": {
              "config": {
                "script": "\tif self.props.selected \u003d\u003d True:\n\t\tself.custom.BooleanoTLA\u003d 1\n\telse:\n\t\tself.custom.BooleanoTLA\u003d 0"
              },
              "scope": "G",
              "type": "script"
            }
          }
        },
        "meta": {
          "name": "Alarmas"
        },
        "position": {
          "height": 36,
          "width": 98,
          "x": 459.12,
          "y": 125
        },
        "propConfig": {
          "meta.visible": {
            "binding": {
              "config": {
                "path": "../HideButton.custom.booleano"
              },
              "type": "property"
            }
          }
        },
        "props": {
          "selected": true,
          "style": {
            "color": "#FFFFFF",
            "fontFamily": "sans-serif",
            "fontSize": "14px",
            "fontWeight": "normal",
            "letterSpacing": "1"
          },
          "text": "Alarmas"
        },
        "type": "ia.input.checkbox"
      },
      {
        "custom": {
          "BooleanoTLA": 1
        },
        "events": {
          "dom": {
            "onClick": {
              "config": {
                "script": "\tif self.props.selected \u003d\u003d True:\n\t\tself.custom.BooleanoTLA\u003d 1\n\telse:\n\t\tself.custom.BooleanoTLA\u003d 0"
              },
              "scope": "G",
              "type": "script"
            }
          }
        },
        "meta": {
          "name": "Conectividad"
        },
        "position": {
          "height": 36,
          "width": 133,
          "x": 672.22,
          "y": 125
        },
        "propConfig": {
          "meta.visible": {
            "binding": {
              "config": {
                "path": "../HideButton.custom.booleano"
              },
              "type": "property"
            }
          }
        },
        "props": {
          "selected": true,
          "style": {
            "color": "#FFFFFF",
            "fontFamily": "sans-serif",
            "fontSize": "14px",
            "fontWeight": "normal",
            "letterSpacing": "1"
          },
          "text": "Conectividad"
        },
        "type": "ia.input.checkbox"
      },
      {
        "meta": {
          "name": "Titulo"
        },
        "position": {
          "height": 32,
          "width": 253,
          "x": "1%",
          "y": 18
        },
        "props": {
          "text": "Gestión de Eventos",
          "textStyle": {
            "classes": "Exterran-Style-TextoFuenteLabel",
            "fontFamily": "sans-serif",
            "fontSize": 26
          }
        },
        "type": "ia.display.label"
      },
      {
        "custom": {
          "BooleanoTLA": 1
        },
        "events": {
          "dom": {
            "onClick": {
              "config": {
                "script": "\tif self.props.selected \u003d\u003d True:\n\t\tself.custom.BooleanoTLA\u003d 1\n\telse:\n\t\tself.custom.BooleanoTLA\u003d 0"
              },
              "scope": "G",
              "type": "script"
            }
          }
        },
        "meta": {
          "name": "Arranques"
        },
        "position": {
          "height": 36,
          "width": 114,
          "x": 558.22,
          "y": 125
        },
        "propConfig": {
          "meta.visible": {
            "binding": {
              "config": {
                "path": "../HideButton.custom.booleano"
              },
              "type": "property"
            }
          }
        },
        "props": {
          "selected": true,
          "style": {
            "color": "#FFFFFF",
            "fontFamily": "sans-serif",
            "fontSize": "14px",
            "fontWeight": "normal",
            "letterSpacing": "1"
          },
          "text": "Arranques"
        },
        "type": "ia.input.checkbox"
      },
      {
        "events": {
          "dom": {
            "onClick": {
              "config": {
                "script": "\tself.getSibling(\"HideButton\").custom.booleano \u003d not(self.getSibling(\"HideButton\").custom.booleano)"
              },
              "scope": "G",
              "type": "script"
            }
          }
        },
        "meta": {
          "name": "SubTitulo"
        },
        "position": {
          "height": 32,
          "width": 130,
          "x": "1%",
          "y": 71
        },
        "props": {
          "text": "Todos los Filtros",
          "textStyle": {
            "classes": "Exterran-Style-TextoFuenteLabel",
            "fontFamily": "sans-serif",
            "fontSize": "14px"
          }
        },
        "type": "ia.display.label"
      },
      {
        "children": [
          {
            "events": {
              "dom": {
                "onMouseEnter": {
                  "config": {
                    "script": "\tself.props.style.color\u003d \"#3496FF\""
                  },
                  "scope": "G",
                  "type": "script"
                },
                "onMouseLeave": {
                  "config": {
                    "script": "\tself.props.style.color\u003d \"#007BFF\""
                  },
                  "scope": "G",
                  "type": "script"
                }
              }
            },
            "meta": {
              "name": "HomeLink"
            },
            "position": {
              "basis": "49px"
            },
            "props": {
              "style": {
                "classes": "Exterran-NavLinkStyleHome",
                "color": "#007BFF"
              },
              "target": "self",
              "text": "Home ",
              "url": "/"
            },
            "type": "ia.navigation.link"
          },
          {
            "meta": {
              "name": "Gestion de Eventos"
            },
            "position": {
              "basis": "180px"
            },
            "props": {
              "alignVertical": "bottom",
              "style": {
                "classes": "Exterran-NavLinkStyle"
              },
              "text": "/  Gestion de Eventos"
            },
            "type": "ia.display.label"
          }
        ],
        "meta": {
          "name": "RutaNav"
        },
        "position": {
          "height": 20,
          "width": 250,
          "y": "2%"
        },
        "propConfig": {
          "position.x": {
            "binding": {
              "config": {
                "expression": "{page.props.dimensions.primaryView.width}"
              },
              "transforms": [
                {
                  "code": "\treturn value-250",
                  "type": "script"
                }
              ],
              "type": "expr"
            }
          }
        },
        "type": "ia.container.flex"
      },
      {
        "custom": {
          "booleano": true
        },
        "events": {
          "dom": {
            "onClick": {
              "config": {
                "script": "\tself.custom.booleano \u003d not(self.custom.booleano)"
              },
              "scope": "G",
              "type": "script"
            }
          }
        },
        "meta": {
          "name": "HideButton"
        },
        "position": {
          "height": 17,
          "width": 18,
          "x": 127.1875,
          "y": 79
        },
        "props": {
          "fit": {
            "mode": "fill"
          },
          "source": "/system/images/sample-images/LogosEXTERRAN/Todo Los FIltros.png",
          "style": {
            "cursor": "pointer"
          }
        },
        "type": "ia.display.image"
      },
      {
        "meta": {
          "name": "Label"
        },
        "position": {
          "height": 46,
          "width": 467,
          "x": 161,
          "y": 50
        },
        "propConfig": {
          "props.text": {
            "binding": {
              "config": {
                "path": "../Table.custom.ACTIVO"
              },
              "type": "property"
            }
          }
        },
        "props": {
          "textStyle": {
            "color": "#FFFFFF"
          }
        },
        "type": "ia.display.label"
      }
    ],
    "meta": {
      "name": "root",
      "tooltip": {
        "enabled": true
      }
    },
    "position": {
      "x": 72.609375,
      "y": -16
    },
    "props": {
      "style": {
        "backgroundColor": "#454d55",
        "classes": "Exterran-Style-FondoGeneral"
      }
    },
    "type": "ia.container.coord"
  }
}