{
  "custom": {},
  "params": {},
  "props": {
    "defaultSize": {
      "height": 34,
      "width": 38
    }
  },
  "root": {
    "children": [
      {
        "meta": {
          "name": "Estado-LogParos"
        },
        "position": {
          "height": 20,
          "width": 20,
          "x": "15%",
          "y": 1
        },
        "props": {
          "fit": {
            "mode": "fill"
          },
          "source": "/system/images/sample-images/LogosEXTERRAN/InformacionActivosEstado.png",
          "tint": {
            "color": "grey",
            "enabled": true
          }
        },
        "type": "ia.display.image"
      }
    ],
    "meta": {
      "name": "root"
    },
    "type": "ia.container.coord"
  }
}