{
  "custom": {},
  "params": {
    "myColor": ""
  },
  "propConfig": {
    "params.myColor": {
      "paramDirection": "input",
      "persistent": true
    }
  },
  "props": {
    "defaultSize": {
      "height": 20,
      "width": 31
    }
  },
  "root": {
    "children": [
      {
        "meta": {
          "name": "lapiz"
        },
        "position": {
          "height": 13,
          "width": 13,
          "x": "44%"
        },
        "propConfig": {
          "props.color": {
            "binding": {
              "config": {
                "path": "view.params.myColor"
              },
              "type": "property"
            }
          }
        },
        "props": {
          "path": "material/edit"
        },
        "type": "ia.display.icon"
      },
      {
        "meta": {
          "name": "cuadrado"
        },
        "position": {
          "height": 15,
          "width": 15,
          "x": "40%",
          "y": 2
        },
        "propConfig": {
          "props.color": {
            "binding": {
              "config": {
                "path": "view.params.myColor"
              },
              "type": "property"
            }
          }
        },
        "props": {
          "path": "material/crop_square"
        },
        "type": "ia.display.icon"
      }
    ],
    "meta": {
      "name": "root"
    },
    "type": "ia.container.coord"
  }
}