{
  "base": {
    "style": {
      "backgroundColor": "#343a40",
      "borderBottomColor": "#FFFFFF",
      "borderBottomStyle": "solid",
      "borderBottomWidth": "1px",
      "borderLeftColor": "#FFFFFF",
      "borderLeftStyle": "none",
      "borderLeftWidth": "1px",
      "borderRightColor": "#FFFFFF",
      "borderRightStyle": "none",
      "borderRightWidth": "1px",
      "borderTopColor": "#FFFFFF",
      "borderTopStyle": "none",
      "borderTopWidth": "1px",
      "fontFamily": "Roboto"
    }
  }
}