{
  "base": {
    "style": {
      "backgroundColor": "#001f3f",
      "borderBottomColor": "#6c757d",
      "borderBottomStyle": "solid",
      "borderBottomWidth": "1px",
      "borderLeftColor": "#303030",
      "borderLeftStyle": "none",
      "borderLeftWidth": "1px",
      "borderRightColor": "#6c757d",
      "borderRightStyle": "none",
      "borderRightWidth": "1px",
      "borderTopColor": "#6c757d",
      "borderTopStyle": "solid",
      "borderTopWidth": "1px",
      "color": "#FFFFFF",
      "fontFamily": "Arial",
      "fontSize": "11px",
      "paddingLeft": "10px",
      "paddingRight": "1px"
    }
  }
}