{
  "custom": {},
  "params": {
    "datos": "",
    "titulo": ""
  },
  "propConfig": {
    "params.datos": {
      "paramDirection": "input",
      "persistent": true
    },
    "params.titulo": {
      "paramDirection": "input",
      "persistent": true
    }
  },
  "props": {
    "defaultSize": {
      "height": 719,
      "width": 1517
    }
  },
  "root": {
    "children": [
      {
        "meta": {
          "name": "DatosLabel",
          "visible": false
        },
        "position": {
          "height": 20,
          "width": 20,
          "x": 183.734375,
          "y": 300
        },
        "props": {
          "text": [
            {
              "ACTIVO": "15156b",
              "CONEXION": "50.0",
              "DISTRITO": "TORONTO2",
              "ESTADOIJ": "Marcha",
              "ElementID": "b3fa6413-5950-11ed-907e-00090ffe0001",
              "HSMARCHAIJ": 50,
              "LOCACION": "SECOND WELL",
              "PAIS": "CANADA",
              "REGION": "NA3",
              "YACIMIENTO": "TORONTO CITY2",
              "column_11": "",
              "column_12": "",
              "column_13": ""
            }
          ]
        },
        "type": "ia.display.label"
      },
      {
        "meta": {
          "name": "TodosLosFiltros"
        },
        "position": {
          "height": 32.01,
          "width": 130.02,
          "x": "0.9%",
          "y": 2
        },
        "props": {
          "text": "Todos los Filtros",
          "textStyle": {
            "classes": "Exterran-Style-TextoFuenteLabel",
            "fontFamily": "sans-serif",
            "fontSize": "14px"
          }
        },
        "type": "ia.display.label"
      },
      {
        "meta": {
          "name": "FechaHoraDesdeLbl"
        },
        "position": {
          "height": 19,
          "width": 268,
          "x": 21.5,
          "y": 30
        },
        "propConfig": {
          "meta.visible": {
            "binding": {
              "config": {
                "path": "../HideButton.custom.booleano"
              },
              "transforms": [
                {
                  "code": "\treturn not value",
                  "type": "script"
                }
              ],
              "type": "property"
            }
          }
        },
        "props": {
          "text": "Fecha y Hora desde",
          "textStyle": {
            "classes": "Exterran-Style-TextoFuenteLabel PopiedadesTabla/Exterran-Style-Label-BOLD",
            "fontFamily": "sans-serif",
            "fontSize": "14px"
          }
        },
        "type": "ia.display.label"
      },
      {
        "custom": {
          "Booleano": false
        },
        "meta": {
          "name": "FechaHora-desde"
        },
        "position": {
          "height": 32.01,
          "width": 300.05,
          "x": 15,
          "y": 60
        },
        "propConfig": {
          "meta.visible": {
            "binding": {
              "config": {
                "path": "../HideButton.custom.booleano"
              },
              "transforms": [
                {
                  "code": "\treturn not(value)",
                  "type": "script"
                }
              ],
              "type": "property"
            }
          }
        },
        "props": {
          "format": "YYYY-MM-DD HH:mm",
          "formattedValue": "2023-02-14 13:10",
          "inputProps": {
            "style": {
              "classes": "Exterran-Style-DateInput",
              "fontFamily": "sans-serif",
              "fontSize": 14,
              "textAlign": "start"
            }
          },
          "placeholder": "Ingrese Fecha inicial",
          "value": {
            "$": [
              "ts",
              192,
              1676392842960
            ],
            "$ts": 1676391042960
          }
        },
        "type": "ia.input.date-time-input"
      },
      {
        "meta": {
          "name": "FechaHoraHastaLbl"
        },
        "position": {
          "height": 16,
          "width": 261.00000000000006,
          "x": 400,
          "y": 30
        },
        "propConfig": {
          "meta.visible": {
            "binding": {
              "config": {
                "path": "../HideButton.custom.booleano"
              },
              "transforms": [
                {
                  "code": "\treturn not value",
                  "type": "script"
                }
              ],
              "type": "property"
            }
          }
        },
        "props": {
          "text": "Fecha y Hora hasta",
          "textStyle": {
            "classes": "Exterran-Style-TextoFuenteLabel PopiedadesTabla/Exterran-Style-Label-BOLD",
            "fontFamily": "sans-serif",
            "fontSize": "14px"
          }
        },
        "type": "ia.display.label"
      },
      {
        "custom": {
          "Booleano": "1"
        },
        "meta": {
          "name": "FechaHora-Hasta",
          "visible": false
        },
        "position": {
          "height": 32.01,
          "width": 300.05,
          "x": 1054,
          "y": 18.991313934326172
        },
        "propConfig": {
          "custom.auxValue": {
            "binding": {
              "config": {
                "path": "this.props.value"
              },
              "transforms": [
                {
                  "code": "\tif self.props.value is None:\n\t\tself.props.formattedValue \u003dsystem.date.now() #\"\u0027*\u0027\"\n\telse:\n\t\tx \u003d value\n\treturn x",
                  "type": "script"
                }
              ],
              "type": "property"
            }
          }
        },
        "props": {
          "format": "YYYY-MM-DD HH:mm",
          "formattedValue": "2023-02-14 16:40",
          "inputProps": {
            "style": {
              "classes": "Exterran-Style-DateInput",
              "fontFamily": "sans-serif",
              "fontSize": 14,
              "textAlign": "start"
            }
          },
          "pickerType": "date",
          "placeholder": "",
          "value": {
            "$": [
              "ts",
              192,
              1676392842960
            ],
            "$ts": 1676403642960
          }
        },
        "type": "ia.input.date-time-input"
      },
      {
        "events": {
          "dom": {
            "onClick": {
              "config": {
                "script": "\t\n\t#self.getSibling(\"FechaHora-Hasta\").props.value \u003d system.date.now()\n\tself.getSibling(\"FechaHora-desde\").props.value \u003d system.date.addMinutes(system.date.now(), -30)\n\tself.custom.tiempo3\u003d system.date.now() \n\tself.getSibling(\"FechaHora-Hasta\").props.value \u003d system.date.addMinutes(system.date.now(), +180)\n\tself.getSibling(\"FechaHora-Hasta2\").props.value \u003d system.date.now() # system.date.addMinutes(system.date.now(), +180)\n\t#self.getSibling(\"IniciarBusqueda\").custom.endTime \u003d \"*\"\n\t#self.getSibling(\"IniciarBusqueda\").custom.stTime \u003d self.getSibling(\"FechaHora-desde\").props.formattedValue\n\t\n\t#self.getSibling(\"IntervaloValue\").props.value \u003d 300\n\t#self.getSibling(\"IniciarBusqueda\").custom.intervaloTable \u003d \"30s\""
              },
              "scope": "G",
              "type": "script"
            }
          }
        },
        "meta": {
          "name": "ReiniciarFiltros"
        },
        "position": {
          "height": 31.02,
          "width": 130.02,
          "x": 850,
          "y": 60
        },
        "propConfig": {
          "custom.tiempo": {
            "binding": {
              "config": {
                "expression": "dateFormat(now(0), \"MMM d, h:mm a\")"
              },
              "type": "expr"
            }
          },
          "custom.tiempo2": {
            "binding": {
              "config": {
                "path": "this.custom.tiempo"
              },
              "transforms": [
                {
                  "code": "\tvalue \u003d system.date.addMinutes(system.date.now(), +180)\n\t\n\treturn value",
                  "type": "script"
                }
              ],
              "type": "property"
            }
          },
          "custom.tiempo3": {
            "binding": {
              "config": {
                "path": ""
              },
              "transforms": [
                {
                  "code": "\tvalue \u003d system.date.addMinutes(system.date.now(), +180)\n\treturn value",
                  "type": "script"
                }
              ],
              "type": "property"
            }
          },
          "meta.visible": {
            "binding": {
              "config": {
                "path": "../HideButton.custom.booleano"
              },
              "transforms": [
                {
                  "code": "\treturn not(value)",
                  "type": "script"
                }
              ],
              "type": "property"
            }
          }
        },
        "props": {
          "style": {
            "backgroundColor": "#f39c12"
          },
          "text": "Reiniciar filtros",
          "textStyle": {
            "fontFamily": "sans-serif",
            "fontSize": 14
          }
        },
        "type": "ia.input.button"
      },
      {
        "custom": {
          "dataset": [],
          "lista": " "
        },
        "events": {
          "component": {
            "onRowDoubleClick": {
              "config": {
                "script": "\tself.getSibling(\"TimeSeriesChart\").custom.myAtri \u003d self.props.selection.data[0].nombre\n\t\n#\tmypath \u003d  self.props.selection.data[0][\"RUTA\"]\n\t\n\t#self.custom.listapath \u003d self.custom.listapath + self.props.selection.data[0][\"RUTA\"]\n\t#self.custom.listapath \u003d  self.custom.listapath + self.props.selection.data \n\tactual\u003dself.props.selection.data[0][\"Name\"]\n\t\n\t#self.getSibling(\"Label_0\").props.text\u003dactual\tPRUEBAAAAAA\n\t\n\t\n\t#aux\u003ddf.getValueAt(0,0)\n\t#desc\u003dself.custom.dataset[0].Name\n\t#larg\u003dlen(self.custom.dataset)\n\t#self.getSibling(\"Label_1\").props.text\u003dlarg\t\n\tflag_existe\u003dFalse\n\tki\u003d0\n\t\n\twhile ki\u003c\u003dlen(self.custom.dataset)-1:\n\t\tssj\u003dki\n\t\taux_desc\u003dself.custom.dataset[ssj].Name\t\n\t\tif aux_desc\u003d\u003dactual:\n\t\t\tflag_existe\u003dTrue\n\t\t\tbreak\t    \t\t\n\t\tki\u003dki+1\n\t\t\n\t#self.getSibling(\"Label_1\").props.text\u003d\"afuera\" PRUEBAAAASSS\n\tif flag_existe\u003d\u003dFalse:\n\t\t#self.getSibling(\"Label_1\").props.text\u003d\"entró\"\n\t\tself.custom.dataset \u003d self.props.selection.data + self.custom.dataset\n\t\n\t#self.custom.dataset \u003d self.props.selection.data + self.custom.dataset\n"
              },
              "enabled": false,
              "scope": "G",
              "type": "script"
            }
          }
        },
        "meta": {
          "name": "Table"
        },
        "position": {
          "width": "99%"
        },
        "propConfig": {
          "custom.datosExcel": {
            "binding": {
              "config": {
                "parameters": {
                  "myActivo": "{view.params.datos}"
                },
                "queryPath": "Queries Tablas/InformacionActivos/RTQP-VariablesTendencias",
                "returnFormat": "json"
              },
              "type": "query"
            }
          },
          "position.height": {
            "binding": {
              "config": {
                "path": "../HideButton.custom.booleano"
              },
              "transforms": [
                {
                  "code": "\treturn self.page.props.dimensions.primaryView.height - self.position.y",
                  "type": "script"
                }
              ],
              "type": "property"
            }
          },
          "position.y": {
            "binding": {
              "config": {
                "path": "../HideButton.custom.booleano"
              },
              "transforms": [
                {
                  "code": "\tif value:\n\t\tx \u003d 60\n\telse: \n\t\tx \u003d 100\n\treturn x",
                  "type": "script"
                }
              ],
              "type": "property"
            }
          },
          "props.data": {
            "binding": {
              "config": {
                "parameters": {
                  "myActivo": "{view.params.datos}"
                },
                "polling": {
                  "enabled": true,
                  "rate": "5"
                },
                "queryPath": "Queries Tablas/InformacionActivos/RTQP-VariablesTendencias"
              },
              "transforms": [
                {
                  "code": "\ttry:\n\t\treturn value\n\texcept:\n\t\treturn null ",
                  "type": "script"
                }
              ],
              "type": "query"
            }
          }
        },
        "props": {
          "bodyStyle": {
            "classes": "PopiedadesTabla/Exterran-Style-Table-bodyStyle"
          },
          "cells": {
            "style": {
              "backgroundColor": "#454D55",
              "classes": "PopiedadesTabla/Exterran-Style-TablaVariables-Cells"
            }
          },
          "columns": [
            {
              "align": "center",
              "boolean": "checkbox",
              "dateFormat": "MM/DD/YYYY",
              "editable": false,
              "field": "Name",
              "footer": {
                "align": "center",
                "justify": "left",
                "style": {
                  "classes": ""
                },
                "title": ""
              },
              "header": {
                "align": "center",
                "justify": "left",
                "style": {
                  "classes": "PopiedadesTabla/Exterran-Style-ColumnHeader"
                },
                "title": "Descripción"
              },
              "justify": "auto",
              "number": "value",
              "numberFormat": "0,0.##",
              "progressBar": {
                "bar": {
                  "color": "",
                  "style": {
                    "classes": ""
                  }
                },
                "max": 100,
                "min": 0,
                "track": {
                  "color": "",
                  "style": {
                    "classes": ""
                  }
                },
                "value": {
                  "enabled": true,
                  "format": "0,0.##",
                  "justify": "center",
                  "style": {
                    "classes": ""
                  }
                }
              },
              "render": "auto",
              "resizable": true,
              "sort": "none",
              "sortable": true,
              "strictWidth": false,
              "style": {
                "classes": "PopiedadesTabla/Exterran-Style-ColumnStyleGneral"
              },
              "toggleSwitch": {
                "color": {
                  "selected": "",
                  "unselected": ""
                }
              },
              "viewParams": {},
              "viewPath": "",
              "visible": true,
              "width": ""
            },
            {
              "align": "center",
              "boolean": "checkbox",
              "dateFormat": "MM/DD/YYYY",
              "editable": false,
              "field": "Description",
              "footer": {
                "align": "center",
                "justify": "left",
                "style": {
                  "classes": ""
                },
                "title": ""
              },
              "header": {
                "align": "center",
                "justify": "left",
                "style": {
                  "classes": ""
                },
                "title": "TAG ID"
              },
              "justify": "auto",
              "number": "value",
              "numberFormat": "0,0.##",
              "progressBar": {
                "bar": {
                  "color": "",
                  "style": {
                    "classes": ""
                  }
                },
                "max": 100,
                "min": 0,
                "track": {
                  "color": "",
                  "style": {
                    "classes": ""
                  }
                },
                "value": {
                  "enabled": true,
                  "format": "0,0.##",
                  "justify": "center",
                  "style": {
                    "classes": ""
                  }
                }
              },
              "render": "auto",
              "resizable": true,
              "sort": "ascending",
              "sortable": true,
              "strictWidth": false,
              "style": {
                "classes": ""
              },
              "toggleSwitch": {
                "color": {
                  "selected": "",
                  "unselected": ""
                }
              },
              "viewParams": {},
              "viewPath": "",
              "visible": false,
              "width": ""
            },
            {
              "align": "center",
              "boolean": "checkbox",
              "dateFormat": "MM/DD/YYYY",
              "editable": false,
              "field": "UnitOfMeasure",
              "footer": {
                "align": "center",
                "justify": "left",
                "style": {
                  "classes": ""
                },
                "title": ""
              },
              "header": {
                "align": "center",
                "justify": "left",
                "style": {
                  "classes": "PopiedadesTabla/Exterran-Style-ColumnHeader"
                },
                "title": "Unidad"
              },
              "justify": "auto",
              "number": "value",
              "numberFormat": "0,0.##",
              "progressBar": {
                "bar": {
                  "color": "",
                  "style": {
                    "classes": ""
                  }
                },
                "max": 100,
                "min": 0,
                "track": {
                  "color": "",
                  "style": {
                    "classes": ""
                  }
                },
                "value": {
                  "enabled": true,
                  "format": "0,0.##",
                  "justify": "center",
                  "style": {
                    "classes": ""
                  }
                }
              },
              "render": "auto",
              "resizable": true,
              "sort": "none",
              "sortable": false,
              "strictWidth": false,
              "style": {
                "classes": "PopiedadesTabla/Exterran-Style-ColumnStyleGneral"
              },
              "toggleSwitch": {
                "color": {
                  "selected": "",
                  "unselected": ""
                }
              },
              "viewParams": {},
              "viewPath": "",
              "visible": true,
              "width": 30
            },
            {
              "align": "center",
              "boolean": "checkbox",
              "dateFormat": "MM/DD/YYYY",
              "editable": false,
              "field": "Value",
              "footer": {
                "align": "center",
                "justify": "left",
                "style": {
                  "classes": ""
                },
                "title": ""
              },
              "header": {
                "align": "center",
                "justify": "left",
                "style": {
                  "classes": "PopiedadesTabla/Exterran-Style-ColumnHeader"
                },
                "title": "Valor Actual"
              },
              "justify": "auto",
              "number": "value",
              "numberFormat": "0,0.##",
              "progressBar": {
                "bar": {
                  "color": "",
                  "style": {
                    "classes": ""
                  }
                },
                "max": 100,
                "min": 0,
                "track": {
                  "color": "",
                  "style": {
                    "classes": ""
                  }
                },
                "value": {
                  "enabled": true,
                  "format": "0,0.##",
                  "justify": "center",
                  "style": {
                    "classes": ""
                  }
                }
              },
              "render": "auto",
              "resizable": true,
              "sort": "none",
              "sortable": false,
              "strictWidth": false,
              "style": {
                "classes": "PopiedadesTabla/Exterran-Style-ColumnStyleGneral"
              },
              "toggleSwitch": {
                "color": {
                  "selected": "",
                  "unselected": ""
                }
              },
              "viewParams": {},
              "viewPath": "",
              "visible": true,
              "width": 30
            },
            {
              "align": "center",
              "boolean": "checkbox",
              "dateFormat": "MM/DD/YYYY",
              "editable": false,
              "field": "nombre",
              "footer": {
                "align": "center",
                "justify": "left",
                "style": {
                  "classes": ""
                },
                "title": ""
              },
              "header": {
                "align": "center",
                "justify": "left",
                "style": {
                  "classes": ""
                },
                "title": ""
              },
              "justify": "auto",
              "number": "value",
              "numberFormat": "0,0.##",
              "progressBar": {
                "bar": {
                  "color": "",
                  "style": {
                    "classes": ""
                  }
                },
                "max": 100,
                "min": 0,
                "track": {
                  "color": "",
                  "style": {
                    "classes": ""
                  }
                },
                "value": {
                  "enabled": true,
                  "format": "0,0.##",
                  "justify": "center",
                  "style": {
                    "classes": ""
                  }
                }
              },
              "render": "auto",
              "resizable": true,
              "sort": "none",
              "sortable": true,
              "strictWidth": false,
              "style": {
                "classes": ""
              },
              "toggleSwitch": {
                "color": {
                  "selected": "",
                  "unselected": ""
                }
              },
              "viewParams": {},
              "viewPath": "",
              "visible": false,
              "width": ""
            },
            {
              "align": "center",
              "boolean": "checkbox",
              "dateFormat": "MM/DD/YYYY",
              "editable": false,
              "field": "RUTA",
              "footer": {
                "align": "center",
                "justify": "left",
                "style": {
                  "classes": ""
                },
                "title": ""
              },
              "header": {
                "align": "center",
                "justify": "left",
                "style": {
                  "classes": ""
                },
                "title": ""
              },
              "justify": "auto",
              "number": "value",
              "numberFormat": "0,0.##",
              "progressBar": {
                "bar": {
                  "color": "",
                  "style": {
                    "classes": ""
                  }
                },
                "max": 100,
                "min": 0,
                "track": {
                  "color": "",
                  "style": {
                    "classes": ""
                  }
                },
                "value": {
                  "enabled": true,
                  "format": "0,0.##",
                  "justify": "center",
                  "style": {
                    "classes": ""
                  }
                }
              },
              "render": "auto",
              "resizable": true,
              "sort": "none",
              "sortable": true,
              "strictWidth": false,
              "style": {
                "classes": ""
              },
              "toggleSwitch": {
                "color": {
                  "selected": "",
                  "unselected": ""
                }
              },
              "viewParams": {},
              "viewPath": "",
              "visible": false,
              "width": ""
            }
          ],
          "filter": {
            "enabled": true,
            "results": {
              "enabled": true
            },
            "style": {
              "backgroundColor": "#454d55",
              "borderBottomStyle": "none",
              "borderLeftStyle": "none",
              "borderRightStyle": "none",
              "borderTopStyle": "none"
            }
          },
          "headerStyle": {
            "classes": "ExterranHistoricoDeEventos/TablaPropiedades/Table-Header"
          },
          "pager": {
            "bottom": false
          },
          "selection": {
            "mode": "multiple interval"
          },
          "style": {
            "backgroundColor": "#454D55",
            "classes": "PopiedadesTabla/Exterran-Style-TablaVariables-Cells"
          },
          "virtualized": false
        },
        "scripts": {
          "customMethods": [],
          "extensionFunctions": null,
          "messageHandlers": [
            {
              "messageType": "botonExcel",
              "pageScope": true,
              "script": "#list \u003d self.getSibling(\"Table\").custom.dataexcel\n\t\tdef jsonToDataset(list):\n\t\t\tcolumns \u003d columns \u003d [\u0027Name\u0027,\u0027UnitOfMeasure\u0027,\u0027Value\u0027, \u0027nombre\u0027 ] #dict(list[0]).keys()\n\t\t\tdata \u003d []\n\t\t\tfor item in list:\n\t\t\t\trow \u003d []\n\t\t\t\tfor column in columns:\n\t\t\t\t\tcellValue \u003d item.get(column, \u0027\u0027)\n\t\t\t\t\ttry:\n\t\t\t\t\t\tdict(cellValue)\n\t\t\t\t\t\tcellValue \u003d cellValue[\u0027value\u0027]\n\t\t\t\t\texcept:\n\t\t\t\t\t\tpass\n\t\t\t\t\trow.append(cellValue)\n\t\t\t\tdata.append(row)\n\t\t\t\tsystem.perspective.print(str(\u0027COLUMNAS\u0027) + \u0027 \u0027 + str(columns))\n\t\t\treturn system.dataset.toDataSet(columns, data)\n\t\t\n\t\tjson \u003d self.custom.datosExcel\n\t\tdata \u003d jsonToDataset(json)\n\t\tExcel_xlsx \u003d system.dataset.toExcel(True,[data])\n\t\tsystem.perspective.download(\"Tendencias.xlsx\",Excel_xlsx)",
              "sessionScope": false,
              "viewScope": false
            }
          ]
        },
        "type": "ia.display.table"
      },
      {
        "custom": {
          "endTime": "10-Nov-2022 03:49 PM",
          "intervaloTable": "5.8s",
          "stTime": "10-Nov-2022 03:19 PM"
        },
        "events": {
          "dom": {
            "onClick": {
              "config": {
                "script": "\tself.getSibling(\"IniciarBusqueda\").custom.endTime \u003d \"*\"\n\t#self.getSibling(\"FechaHora-Hasta\").props.value \u003d system.date.now()\n\tself.getSibling(\"FechaHora-Hasta\").props.value \u003d \"*\""
              },
              "scope": "G",
              "type": "script"
            }
          }
        },
        "meta": {
          "name": "NOW",
          "visible": false
        },
        "position": {
          "height": 32,
          "rotate": {
            "anchor": "75% 89%"
          },
          "width": 59,
          "x": 702,
          "y": 60
        },
        "propConfig": {
          "props.style.backgroundColor": {
            "binding": {
              "config": {
                "path": "../IniciarBusqueda.custom.endTime"
              },
              "transforms": [
                {
                  "code": "\tif value \u003d\u003d \u0027*\u0027:\n\t\tx \u003d\u0027#00bc8c\u0027\n\telse:\n\t\tx \u003d\u0027#c0c0c0\u0027\n\treturn x",
                  "type": "script"
                }
              ],
              "type": "property"
            }
          }
        },
        "props": {
          "text": "Ahora"
        },
        "type": "ia.input.button"
      },
      {
        "events": {
          "component": {
            "onActionPerformed": {
              "config": {
                "script": "\t#from urllib import quote\n\t\n\tselected_rows \u003d self.getSibling(\"Table\").props.selection.data\n\tif (len(selected_rows) \u003e 0):\n\n\t\tPIVisionServer \u003d \"USHUBPIVIST01\" \t#  \"192.168.1.131\"\tip rts\n\t\tPIAFServer \u003d \"USHUBPIAFDAT01\"\t\t# WIN-N0RO8PQMN09\n\t\tdatabaseName \u003d \"RTS-Exterran-Test\"\t\t# Exterran DB\n\t\tstartTime \u003d self.getSibling(\"FechaHora-desde\").props.formattedValue\n\t\tendTime \u003d self.getSibling(\"FechaHora-Hasta2\").props.formattedValue\n\t\tsystem.perspective.print(\u0027antes del if \u0027)\n\t\t#if (endTime \u003d\u003d None) or (endtime \u003d\u003d \"\u0027*\u0027\"):\n\t\t#endTime \u003d \"*\"\n\t\t\n\t\tsystem.perspective.print(\u0027despues del if\u0027)\n\t\tURL_base \u003d \"https://\"+PIVisionServer+\"/PIVision/#/Displays/adhoc?dataitems\u003d\"\n\t\tassets \u003d \"\"\n\t\ti \u003d 0\n\t\tassets \u003d \"\\\\\\\\\" + PIAFServer + \"\\\\\" + databaseName + \"\\\\\" + selected_rows[i].RUTA + \"|\" + selected_rows[i].nombre\n\t\ti +\u003d 1\n\t\twhile i \u003c len(selected_rows):\n\t\t\tassets \u003d assets + \";\\\\\\\\\" + PIAFServer + \"\\\\\" + databaseName + \"\\\\\" + selected_rows[i].RUTA + \"|\" + selected_rows[i].nombre\n\t\t\ti +\u003d 1\n\t\t#Chequear en distintos browsers si hace falta codificar \u0027assets\u0027 (\u0027\\\\\u0027, \u0027 \u0027)\n\t\tURL_end \u003d \"\u0026starttime\u003d\"+startTime+\"\u0026endtime\u003d\"+endTime+\"\u0026symbol\u003dtrend;MultipleScales\u003dfalse\"\n\t\t#URL_end2 \u003d quote(URL_end2, safe\u003d\"\u0026*\")\n\t\tmyURL \u003d URL_base + assets + URL_end\n\t\tsystem.perspective.print(myURL)\n\t\tsystem.perspective.navigate(URL \u003d myURL, newTab\u003dTrue) \n\t\t"
              },
              "scope": "G",
              "type": "script"
            }
          }
        },
        "meta": {
          "name": "Button"
        },
        "position": {
          "height": 31,
          "width": 80,
          "x": 1000,
          "y": 60
        },
        "propConfig": {
          "custom.fechaDesde": {
            "binding": {
              "config": {
                "path": "../FechaHora-desde.props.value"
              },
              "type": "property"
            }
          },
          "custom.fechaHasta": {
            "binding": {
              "config": {
                "path": "../FechaHora-Hasta2.props.value"
              },
              "type": "property"
            }
          },
          "meta.visible": {
            "binding": {
              "config": {
                "path": "../HideButton.custom.booleano"
              },
              "transforms": [
                {
                  "code": "\treturn not(value)",
                  "type": "script"
                }
              ],
              "type": "property"
            }
          }
        },
        "props": {
          "style": {
            "borderBottomStyle": "none",
            "borderLeftStyle": "none",
            "borderRightStyle": "none",
            "borderTopStyle": "none"
          },
          "text": "PI Vision"
        },
        "type": "ia.input.button"
      },
      {
        "meta": {
          "name": "IFrame",
          "visible": false
        },
        "position": {
          "height": 200,
          "width": 350,
          "x": 842.6600000000001,
          "y": 109.941775
        },
        "props": {
          "referrerPolicy": "origin"
        },
        "type": "ia.display.iframe"
      },
      {
        "meta": {
          "name": "FechaHora-Hasta2"
        },
        "position": {
          "height": 32,
          "width": 300,
          "x": 397,
          "y": 60.22784446716308
        },
        "propConfig": {
          "meta.visible": {
            "binding": {
              "config": {
                "path": "../HideButton.custom.booleano"
              },
              "transforms": [
                {
                  "code": "\treturn not(value)",
                  "type": "script"
                }
              ],
              "type": "property"
            }
          }
        },
        "props": {
          "format": "YYYY-MM-DD HH:mm",
          "formattedValue": "2023-02-14 13:40",
          "inputProps": {
            "style": {
              "classes": "Exterran-Style-DateInput",
              "fontFamily": "sans-serif",
              "fontSize": 14,
              "textAlign": "start"
            }
          },
          "value": {
            "$": [
              "ts",
              192,
              1676392842961
            ],
            "$ts": 1676392842961
          }
        },
        "type": "ia.input.date-time-input"
      },
      {
        "events": {
          "dom": {
            "onClick": {
              "config": {
                "script": "\tself.custom.booleano \u003d not (self.custom.booleano)"
              },
              "scope": "G",
              "type": "script"
            }
          }
        },
        "meta": {
          "name": "HideButton"
        },
        "position": {
          "height": 17,
          "width": 18,
          "x": 142,
          "y": 9
        },
        "propConfig": {
          "custom.booleano": {
            "binding": {
              "config": {
                "path": "page.props.dimensions.viewport.height"
              },
              "transforms": [
                {
                  "code": "\tif value \u003e 500:\n\t\tx \u003d False\n\telse:\n\t\tx \u003d True\n\treturn x",
                  "type": "script"
                }
              ],
              "type": "property"
            }
          }
        },
        "props": {
          "fit": {
            "mode": "fill"
          },
          "source": "/system/images/sample-images/LogosEXTERRAN/Todo Los FIltros.png",
          "style": {
            "cursor": "pointer"
          }
        },
        "type": "ia.display.image"
      },
      {
        "meta": {
          "name": "Label",
          "visible": false
        },
        "position": {
          "height": 32,
          "width": 103,
          "x": 655.65625,
          "y": 18
        },
        "propConfig": {
          "custom.time": {
            "binding": {
              "config": {
                "expression": "getTimezoneOffset()"
              },
              "type": "expr"
            }
          }
        },
        "props": {
          "style": {
            "color": "#FFFFFF"
          },
          "text": "Label"
        },
        "type": "ia.display.label"
      }
    ],
    "events": {
      "system": {
        "onStartup": {
          "config": {
            "script": "\t#self.getChild(\"IniciarBusqueda\").custom.endTime \u003d \"*\"\n\t#self.getChild(\"IniciarBusqueda\").custom.stTime \u003d \"*-30m\"\n\tself.getChild(\"FechaHora-desde\").props.value \u003d system.date.addMinutes(system.date.now(), -30)\n\t\n\tself.getChild(\"FechaHora-Hasta\").props.value \u003d system.date.addMinutes(system.date.now(), +180)\n\tself.getChild(\"FechaHora-Hasta2\").props.value \u003d system.date.now()# system.date.addMinutes(system.date.now(), +180)\n\t#self.getChild(\"IntervaloValue\").props.value \u003d 300\n\t#self.getChild(\"IniciarBusqueda\").custom.intervaloTable \u003d \u002730s\u0027\n\n\tsystem.perspective.sendMessage(messageType\u003d\u0027mensajitodock\u0027, payload\u003d{\u0027mensajitodock\u0027:self.view.params.datos}, scope\u003d\u0027page\u0027)\n\tsystem.perspective.sendMessage(messageType\u003d\u0027mensajitotitulo\u0027, payload\u003d{\u0027mensajitotitulo\u0027:self.view.params.titulo}, scope\u003d\u0027page\u0027)\n\t\t"
          },
          "scope": "G",
          "type": "script"
        }
      }
    },
    "meta": {
      "name": "root"
    },
    "position": {
      "x": -30,
      "y": -311
    },
    "props": {
      "style": {
        "backgroundColor": "#454d55",
        "fontSize": "16px"
      }
    },
    "type": "ia.container.coord"
  }
}