{
  "custom": {},
  "params": {
    "rowData": ""
  },
  "propConfig": {
    "params.rowData": {
      "paramDirection": "input",
      "persistent": true
    }
  },
  "props": {
    "defaultSize": {
      "height": 20,
      "width": 20
    }
  },
  "root": {
    "children": [
      {
        "meta": {
          "name": "Icon",
          "tooltip": {
            "enabled": true
          }
        },
        "position": {
          "height": "100%",
          "width": "100%"
        },
        "propConfig": {
          "meta.tooltip.text": {
            "binding": {
              "config": {
                "path": "view.params.rowData"
              },
              "type": "property"
            }
          },
          "props.color": {
            "binding": {
              "config": {
                "path": "view.params.rowData[\"ESTADOIJ\"]"
              },
              "transforms": [
                {
                  "code": "\tif value \u003d\u003d \"Marcha\":\n\t\tx \u003d \"green\"\n\telif value \u003d\u003d \"Parada\":\n\t\tx \u003d \"red\"\n\telse: \n\t\tx\u003d \"grey\"\n\treturn x",
                  "type": "script"
                }
              ],
              "type": "property"
            }
          }
        },
        "props": {
          "path": "material/brightness_1"
        },
        "type": "ia.display.icon"
      }
    ],
    "meta": {
      "name": "root"
    },
    "props": {
      "style": {
        "backgroundColor": ""
      }
    },
    "type": "ia.container.coord"
  }
}