{
  "custom": {},
  "params": {
    "datos": "13236-043",
    "titulo": ""
  },
  "propConfig": {
    "params.datos": {
      "paramDirection": "input",
      "persistent": true
    },
    "params.titulo": {
      "paramDirection": "input",
      "persistent": true
    },
    "props.defaultSize": {
      "binding": {
        "config": {
          "queryPath": "Queries Tablas/InformacionActivos/VariablesTemporales/RTQP-Variables",
          "returnFormat": "dataset"
        },
        "type": "query"
      }
    }
  },
  "props": {},
  "root": {
    "children": [
      {
        "meta": {
          "name": "DatosLabel",
          "visible": false
        },
        "position": {
          "height": 20,
          "width": 20,
          "x": 183.734375,
          "y": 300
        },
        "props": {
          "text": [
            {
              "ACTIVO": "15156b",
              "CONEXION": "50.0",
              "DISTRITO": "TORONTO2",
              "ESTADOIJ": "Marcha",
              "ElementID": "b3fa6413-5950-11ed-907e-00090ffe0001",
              "HSMARCHAIJ": 50,
              "LOCACION": "SECOND WELL",
              "PAIS": "CANADA",
              "REGION": "NA3",
              "YACIMIENTO": "TORONTO CITY2",
              "column_11": "",
              "column_12": "",
              "column_13": ""
            }
          ]
        },
        "type": "ia.display.label"
      },
      {
        "meta": {
          "name": "IntervaloValue"
        },
        "position": {
          "height": 31,
          "width": 70,
          "x": 630.03125,
          "y": 6
        },
        "propConfig": {
          "meta.visible": {
            "binding": {
              "config": {
                "path": "../HideButton.custom.booleano"
              },
              "transforms": [
                {
                  "code": "\treturn not value",
                  "type": "script"
                }
              ],
              "type": "property"
            }
          }
        },
        "props": {
          "inputBounds": {
            "minimum": 20
          },
          "mode": "protected",
          "style": {
            "backgroundColor": "#343a40",
            "borderStyle": "solid",
            "classes": "Exterran-Style-FondoGeneral Exterran-Style-TextoFuenteLabel",
            "fontFamily": "sans-serif",
            "fontSize": "16px"
          },
          "value": 20
        },
        "type": "ia.input.numeric-entry-field"
      },
      {
        "custom": {
          "endTime": "*",
          "stTime": "*-30m"
        },
        "events": {
          "dom": {
            "onClick": {
              "config": {
                "script": "#\tactual \u003d system.date.now() \n#\toffset\u003d  system.date.getTimezoneOffset()\n\tself.props.style.backgroundColor \u003d \u0027grey\u0027\n\tif self.getSibling(\"FechaHora-desde\").props.formattedValue is None:\n\t\tastTime \u003d \"\u0027*-30m\u0027\"\n\telse:\n\t\t#astTime \u003d self.getSibling(\"FechaHora-desde\").props.formattedValue\n\t\tvValue \u003d self.getSibling(\"FechaHora-desde\").props.value\n\t\taux \u003d system.date.addHours(vValue, -1*int(system.date.getTimezoneRawOffset()))\n\t\taux2 \u003d system.date.addHours(system.date.parse(aux), int(system.date.getTimezoneRawOffset())) #que hora es en el server fValue\n\t\tastTime \u003d system.db.dateFormat(aux2, \"yyyy-MM-dd HH:mm:ss\")\n\n\tif self.getSibling(\"FechaHora-Hasta\").props.formattedValue is None:\n\t\t\taendTime \u003d \"\u0027*\u0027\"\n\telse:\n\t\t#fValue \u003d self.getSibling(\"FechaHora-Hasta\").props.formattedValue\n\t\tvValue \u003d self.getSibling(\"FechaHora-Hasta\").props.value\n\t\taux \u003d system.date.addHours(vValue, -1*int(system.date.getTimezoneRawOffset()))\n\t\taux2 \u003d system.date.addHours(system.date.parse(aux), int(system.date.getTimezoneRawOffset())) #que hora es en el server fValue\n\t\taendTime \u003d system.db.dateFormat(aux2, \"YYYY-MM-dd HH:mm:ss\")\n\n\t#self.custom.offset \u003d system.date.getTimezoneOffset() #las horas de diferencia a UTC\n\n\tself.custom.stTime \u003d astTime\n\tself.custom.endTime \u003d aendTime\n\t\n\tfechaHasta \u003d self.getSibling(\"FechaHora-Hasta\").props.value\n\tfechaDesde \u003d self.getSibling(\"FechaHora-desde\").props.value\n\tintervalo \u003d self.getSibling(\"IntervaloValue\").props.value \n\t\n\tx \u003d float(system.date.minutesBetween(fechaDesde, fechaHasta))/intervalo\n\t\n\thoras\u003dFalse\n\tif x \u003e 25000:\n\t\tx \u003d float(system.date.hoursBetween(fechaDesde, fechaHasta))/intervalo\n\t\thoras \u003d True\n\t\t\n\tdias\u003dFalse\n\tif x \u003e 10000:\n\t\tx \u003d float(system.date.daysBetween(fechaDesde, fechaHasta))/intervalo\n\t\tdias \u003d True\n\t\thoras \u003d False\n\t\t\n\tif horas:\n\t\ty \u003d str(x) + \u0027h\u0027\n\t\t\n\tif dias:\n\t\ty \u003d str(x) + \u0027d\u0027\n\telse:\n\t\ty \u003d str(x) + \u0027m\u0027\n\t\n\tself.getSibling(\"Table\").custom.intervalo \u003d intervalo\n\tself.getSibling(\"Table\").custom.fechaint \u003d y\n\tsystem.perspective.print(\"int:\" + str(y) + \"|st: \" + astTime + \"|endT:\" + aendTime + \" INICIAR\")"
              },
              "scope": "G",
              "type": "script"
            }
          }
        },
        "meta": {
          "name": "IniciarBusqueda"
        },
        "position": {
          "height": 31.02,
          "rotate": {
            "anchor": "75% 89%"
          },
          "width": 130.02,
          "x": 319.90625,
          "y": 6
        },
        "propConfig": {
          "meta.visible": {
            "binding": {
              "config": {
                "path": "../HideButton.custom.booleano"
              },
              "transforms": [
                {
                  "code": "\treturn not(value)",
                  "type": "script"
                }
              ],
              "type": "property"
            }
          }
        },
        "props": {
          "style": {
            "backgroundColor": "green"
          },
          "text": "Iniciar Búsqueda",
          "textStyle": {
            "fontFamily": "sans-serif",
            "fontSize": 13
          }
        },
        "type": "ia.input.button"
      },
      {
        "events": {
          "dom": {
            "onClick": {
              "config": {
                "script": "\t\n\tself.getSibling(\"IniciarBusqueda\").custom.endTime \u003d \"*\"\n\tself.getSibling(\"IniciarBusqueda\").custom.stTime \u003d \"*-30m\"\n\tself.getSibling(\"FechaHora-Hasta\").props.value \u003d system.date.now()\n\tself.getSibling(\"FechaHora-desde\").props.value \u003d system.date.addMinutes(system.date.now(), -30)\n\"\"\"\n\t#fechaHora \u003d system.date.parse(self.getSibling(\"FechaHora-Hasta\").props.formattedValue, \"DD-MM-YYYY HH:mm\")\n\t#offset \u003d int(system.date.getTimezoneRawOffset())\n\t#fechaHoraPar \u003d system.date.addHours(fechaHora,offset)\n\t\n\tself.getSibling(\"Label\").props.text \u003d fechaHora\n\tself.getSibling(\"Label_0\").props.text \u003d fechaHoraPar #fechaHoracliente\n\tself.getSibling(\"Label_1\").props.text \u003d system.date.now()\n\t\n\t\n\tdifSerUTC \u003d int(system.date.getTimezoneRawOffset())\n\tdifCliUTC \u003d system.date.hoursBetween(fechaHora, fechaHoraPar)\n\tself.getSibling(\"Label_2\").props.text \u003d difCliUTC #hora convertida elegida a servidor\n\"\"\""
              },
              "scope": "G",
              "type": "script"
            }
          }
        },
        "meta": {
          "name": "ReiniciarFiltros"
        },
        "position": {
          "height": 31.02,
          "width": 130.02,
          "x": 169.90625,
          "y": 6
        },
        "propConfig": {
          "meta.visible": {
            "binding": {
              "config": {
                "path": "../HideButton.custom.booleano"
              },
              "transforms": [
                {
                  "code": "\treturn not(value)",
                  "type": "script"
                }
              ],
              "type": "property"
            }
          }
        },
        "props": {
          "style": {
            "backgroundColor": "#f39c12"
          },
          "text": "Reiniciar filtros",
          "textStyle": {
            "fontFamily": "sans-serif",
            "fontSize": 13
          }
        },
        "type": "ia.input.button"
      },
      {
        "custom": {
          "Booleano": "1"
        },
        "meta": {
          "name": "FechaHora-Hasta"
        },
        "position": {
          "height": 32.01,
          "width": 300.05,
          "x": 400,
          "y": 80
        },
        "propConfig": {
          "custom.auxValue": {
            "binding": {
              "config": {
                "path": "this.props.value"
              },
              "transforms": [
                {
                  "code": "\tif self.props.value is None:\n\t\tself.props.formattedValue \u003d \"\u0027*\u0027\"\n\telse:\n\t\tx \u003d value\n\treturn x",
                  "type": "script"
                }
              ],
              "type": "property"
            }
          },
          "meta.visible": {
            "binding": {
              "config": {
                "path": "../HideButton.custom.booleano"
              },
              "transforms": [
                {
                  "code": "\treturn not(value)",
                  "type": "script"
                }
              ],
              "type": "property"
            }
          }
        },
        "props": {
          "format": "DD-MMM-YYYY HH:mm",
          "formattedValue": "10-Jan-2023 19:47",
          "inputProps": {
            "style": {
              "classes": "Exterran-Style-DateInput",
              "fontFamily": "sans-serif",
              "fontSize": 14,
              "textAlign": "start"
            }
          },
          "placeholder": "",
          "value": {
            "$": [
              "ts",
              192,
              1673390851679
            ],
            "$ts": 1673390851679
          }
        },
        "type": "ia.input.date-time-input"
      },
      {
        "custom": {
          "Booleano": false
        },
        "meta": {
          "name": "FechaHora-desde"
        },
        "position": {
          "height": 32.01,
          "width": 300.05,
          "x": 20,
          "y": 80
        },
        "propConfig": {
          "custom.time": {
            "binding": {
              "config": {
                "path": "this.props.value"
              },
              "transforms": [
                {
                  "code": "\treturn system.db.dateFormat(value, \"MMM d, yyyy\")\n\t#funcion para formatear fechas a strign",
                  "type": "script"
                }
              ],
              "type": "property"
            }
          },
          "meta.visible": {
            "binding": {
              "config": {
                "path": "../HideButton.custom.booleano"
              },
              "transforms": [
                {
                  "code": "\treturn not(value)",
                  "type": "script"
                }
              ],
              "type": "property"
            }
          }
        },
        "props": {
          "format": "DD-MMM-YYYY HH:mm",
          "formattedValue": "10-Jan-2023 19:17",
          "inputProps": {
            "style": {
              "classes": "Exterran-Style-DateInput",
              "fontFamily": "sans-serif",
              "fontSize": 14,
              "textAlign": "start"
            }
          },
          "placeholder": "Ingrese Fecha inicial",
          "value": {
            "$": [
              "ts",
              192,
              1673390851679
            ],
            "$ts": 1673389051679
          }
        },
        "type": "ia.input.date-time-input"
      },
      {
        "custom": {
          "datacount": "",
          "fechaint": "1.45m",
          "intervalo": 20,
          "myColumn": {
            "align": "center",
            "boolean": "checkbox",
            "dateFormat": "MM/DD/YYYY",
            "editable": false,
            "field": "2023-01-10 16:30",
            "footer": {
              "align": "center",
              "justify": "left",
              "style": {
                "classes": ""
              },
              "title": ""
            },
            "header": {
              "align": "center",
              "justify": "center",
              "style": {
                "classes": "PopiedadesTabla/Exterran-Style-ColumnHeader"
              },
              "title": "2023-01-10 16:30"
            },
            "justify": "center",
            "number": "value",
            "numberFormat": "0,0.##",
            "progressBar": {
              "bar": {
                "color": "",
                "style": {
                  "classes": ""
                }
              },
              "max": 100,
              "min": 0,
              "track": {
                "color": "",
                "style": {
                  "classes": ""
                }
              },
              "value": {
                "enabled": true,
                "format": "0,0.##",
                "justify": "center",
                "style": {
                  "classes": ""
                }
              }
            },
            "render": "auto",
            "resizable": false,
            "sort": "none",
            "sortable": true,
            "strictWidth": false,
            "style": {
              "classes": "",
              "color": "#FFFFFF",
              "fontFamily": "Roboto",
              "fontSize": 11
            },
            "toggleSwitch": {
              "color": {
                "selected": "",
                "unselected": ""
              }
            },
            "viewParams": {},
            "viewPath": "",
            "visible": true,
            "width": 100
          }
        },
        "meta": {
          "name": "Table",
          "tooltip": {
            "enabled": true
          }
        },
        "position": {
          "width": "95%",
          "x": 20
        },
        "propConfig": {
          "custom.caminito": {
            "binding": {
              "config": {
                "parameters": {
                  "Activo": "{view.params.datos}"
                },
                "queryPath": "Queries Tablas/InformacionActivos/VariablesTemporales/RTQP-PathActivo",
                "returnFormat": "scalar"
              },
              "type": "query"
            }
          },
          "meta.tooltip.text": {
            "binding": {
              "config": {
                "path": "this.props.selection.data[0]"
              },
              "transforms": [
                {
                  "code": "\treturn str(value[\u0027Attribute\u0027])+\"|\"+ (value[\u0027UOM\u0027])",
                  "type": "script"
                }
              ],
              "type": "property"
            }
          },
          "position.height": {
            "binding": {
              "config": {
                "path": "self.position.y"
              },
              "transforms": [
                {
                  "code": "\treturn self.page.props.dimensions.primaryView.height - self.position.y",
                  "type": "script"
                }
              ],
              "type": "property"
            }
          },
          "position.y": {
            "binding": {
              "config": {
                "path": "../HideButton.custom.booleano"
              },
              "transforms": [
                {
                  "code": "\tif not(value):\n\t\tx \u003d 130\n\telse:\n\t\tx \u003d 60\n\n\treturn x",
                  "type": "script"
                }
              ],
              "type": "property"
            }
          },
          "props.data": {
            "binding": {
              "config": {
                "enableValueCache": false,
                "parameters": {
                  "camino": "{this.custom.caminito}",
                  "endTime": "{../IniciarBusqueda.custom.endTime}",
                  "intervalo": "{this.custom.fechaint}",
                  "stTime": "{../IniciarBusqueda.custom.stTime}"
                },
                "queryPath": "Queries Tablas/InformacionActivos/VariablesTemporales/RTQP-Variables2",
                "returnFormat": "json"
              },
              "type": "query"
            }
          }
        },
        "props": {
          "bodyStyle": {
            "classes": "PopiedadesTabla/Exterran-Style-Table-bodyStyle"
          },
          "cells": {
            "style": {
              "backgroundColor": "#454D55",
              "classes": "PopiedadesTabla/Exterran-Style-TablaVariables-Cells"
            }
          },
          "columns": "",
          "emptyMessage": {
            "noData": {
              "icon": {
                "color": "#FFFFFF",
                "path": "material/360",
                "style": {
                  "backgroundColor": "303030"
                }
              },
              "text": "Esperando datos...",
              "textStyle": {
                "color": "#FFFFFF",
                "fontFamily": "Roboto",
                "fontSize": 20
              }
            },
            "style": {
              "classes": "PopiedadesTabla/Exterran-Style-EmpityMessagebackground"
            }
          },
          "headerStyle": {
            "classes": "ExterranHistoricoDeEventos/TablaPropiedades/Table-Header"
          },
          "pager": {
            "bottom": false
          },
          "style": {
            "backgroundColor": "#454D55",
            "classes": "PopiedadesTabla/Exterran-Style-TablaVariables-Cells"
          },
          "virtualized": false
        },
        "type": "ia.display.table"
      }
    ],
    "events": {
      "system": {
        "onStartup": {
          "config": {
            "script": "\t\tsystem.perspective.sendMessage(messageType\u003d\u0027mensajitodock\u0027, payload\u003d{\u0027mensajitodock\u0027: self.view.params.datos}, scope\u003d\u0027page\u0027)\n\t\tsystem.perspective.sendMessage(messageType\u003d\u0027mensajitotitulo\u0027, payload\u003d{\u0027mensajitotitulo\u0027:self.view.params.titulo}, scope\u003d\u0027page\u0027)\n\t\tself.getChild(\"IniciarBusqueda\").custom.endTime \u003d \"*\"\n\t\tself.getChild(\"IniciarBusqueda\").custom.stTime \u003d \"*-30m\"\n\t\tself.getChild(\"FechaHora-Hasta\").props.value \u003d system.date.now()\n\t\tself.getChild(\"FechaHora-desde\").props.value \u003d system.date.addMinutes(system.date.now(), -30)\n"
          },
          "scope": "G",
          "type": "script"
        }
      }
    },
    "meta": {
      "name": "root"
    },
    "position": {
      "x": -903.96875,
      "y": 439.3125
    },
    "props": {
      "style": {
        "backgroundColor": "#454d55",
        "fontSize": "16px"
      }
    },
    "type": "ia.container.coord"
  }
}