{
  "custom": {},
  "params": {
    "PopUpElementID": "a2cc22db-3433-11ed-9072-87c6797bf122 ",
    "PopUpFilaSel": ""
  },
  "propConfig": {
    "params.PopUpElementID": {
      "paramDirection": "inout",
      "persistent": true
    },
    "params.PopUpFilaSel": {
      "paramDirection": "inout",
      "persistent": true
    }
  },
  "props": {
    "defaultSize": {
      "height": 389,
      "width": 967
    }
  },
  "root": {
    "children": [
      {
        "meta": {
          "name": "Table"
        },
        "position": {
          "height": "45%",
          "width": "93%",
          "x": "3%",
          "y": "18%"
        },
        "propConfig": {
          "props.data": {
            "binding": {
              "config": {
                "parameters": {
                  "ElementID": "{view.params.PopUpElementID}",
                  "distinto": ""
                },
                "queryPath": "Queries Tablas/Gestion de Eventos/QueryEF"
              },
              "type": "query"
            }
          }
        },
        "props": {
          "bodyStyle": {
            "classes": "PopiedadesTabla/Exterran-Style-Table-bodyStyle"
          },
          "columns": [
            {
              "align": "center",
              "boolean": "checkbox",
              "dateFormat": "MM/DD/YYYY",
              "editable": false,
              "field": "Descripcion",
              "footer": {
                "align": "center",
                "justify": "left",
                "style": {
                  "classes": ""
                },
                "title": ""
              },
              "header": {
                "align": "center",
                "justify": "left",
                "style": {
                  "classes": ""
                },
                "title": ""
              },
              "justify": "auto",
              "number": "value",
              "numberFormat": "0,0.##",
              "progressBar": {
                "bar": {
                  "color": "",
                  "style": {
                    "classes": ""
                  }
                },
                "max": 100,
                "min": 0,
                "track": {
                  "color": "",
                  "style": {
                    "classes": ""
                  }
                },
                "value": {
                  "enabled": true,
                  "format": "0,0.##",
                  "justify": "center",
                  "style": {
                    "classes": ""
                  }
                }
              },
              "render": "auto",
              "resizable": true,
              "sort": "none",
              "sortable": true,
              "strictWidth": false,
              "style": {
                "classes": ""
              },
              "toggleSwitch": {
                "color": {
                  "selected": "",
                  "unselected": ""
                }
              },
              "viewParams": {},
              "viewPath": "",
              "visible": true,
              "width": ""
            },
            {
              "align": "center",
              "boolean": "checkbox",
              "dateFormat": "MM/DD/YYYY HH:mm:ss",
              "editable": false,
              "field": "Inicio",
              "footer": {
                "align": "center",
                "justify": "left",
                "style": {
                  "classes": ""
                },
                "title": ""
              },
              "header": {
                "align": "center",
                "justify": "left",
                "style": {
                  "classes": ""
                },
                "title": ""
              },
              "justify": "auto",
              "number": "value",
              "numberFormat": "0,0.##",
              "progressBar": {
                "bar": {
                  "color": "",
                  "style": {
                    "classes": ""
                  }
                },
                "max": 100,
                "min": 0,
                "track": {
                  "color": "",
                  "style": {
                    "classes": ""
                  }
                },
                "value": {
                  "enabled": true,
                  "format": "0,0.##",
                  "justify": "center",
                  "style": {
                    "classes": ""
                  }
                }
              },
              "render": "date",
              "resizable": true,
              "sort": "none",
              "sortable": true,
              "strictWidth": false,
              "style": {
                "classes": ""
              },
              "toggleSwitch": {
                "color": {
                  "selected": "",
                  "unselected": ""
                }
              },
              "viewParams": {},
              "viewPath": "",
              "visible": true,
              "width": ""
            },
            {
              "align": "center",
              "boolean": "checkbox",
              "dateFormat": "MM/DD/YYYY HH:mm:ss",
              "editable": false,
              "field": "Fin",
              "footer": {
                "align": "center",
                "justify": "left",
                "style": {
                  "classes": ""
                },
                "title": ""
              },
              "header": {
                "align": "center",
                "justify": "left",
                "style": {
                  "classes": ""
                },
                "title": ""
              },
              "justify": "auto",
              "number": "value",
              "numberFormat": "0,0.##",
              "progressBar": {
                "bar": {
                  "color": "",
                  "style": {
                    "classes": ""
                  }
                },
                "max": 100,
                "min": 0,
                "track": {
                  "color": "",
                  "style": {
                    "classes": ""
                  }
                },
                "value": {
                  "enabled": true,
                  "format": "0,0.##",
                  "justify": "center",
                  "style": {
                    "classes": ""
                  }
                }
              },
              "render": "date",
              "resizable": true,
              "sort": "none",
              "sortable": true,
              "strictWidth": false,
              "style": {
                "classes": ""
              },
              "toggleSwitch": {
                "color": {
                  "selected": "",
                  "unselected": ""
                }
              },
              "viewParams": {},
              "viewPath": "",
              "visible": true,
              "width": ""
            }
          ],
          "filter": {
            "style": {
              "backgroundColor": "#515151"
            }
          },
          "headerStyle": {
            "classes": "PopiedadesTabla/Exterran-Style-Table-Header"
          },
          "pager": {
            "bottom": false
          },
          "rows": {
            "height": 21,
            "highlight": {
              "color": "#F5F1EC63"
            },
            "striped": {
              "color": {
                "even": "#303030",
                "odd": "#303030"
              }
            },
            "style": {
              "classes": "PopiedadesTabla/Exterran-Style-Table-Rows"
            },
            "subview": {
              "viewPath": "Exterran-Gestión de Eventos/SubViewQuery"
            },
            "subviewExpansionMode": "single"
          },
          "selection": {
            "enableRowSelection": false,
            "style": {
              "backgroundColor": "#515151"
            }
          },
          "style": {
            "classes": "PopiedadesTabla/Exterran-Style-StyleGeneral"
          }
        },
        "type": "ia.display.table"
      },
      {
        "meta": {
          "name": "Region"
        },
        "position": {
          "height": 30,
          "width": 90,
          "x": "1%",
          "y": "3%"
        },
        "props": {
          "text": "Región:",
          "textStyle": {
            "color": "#C0C0C0",
            "fontWeight": "bold",
            "textAlign": "right"
          }
        },
        "type": "ia.display.label"
      },
      {
        "meta": {
          "name": "Pais"
        },
        "position": {
          "height": 30,
          "width": 90,
          "x": "30%",
          "y": "3%"
        },
        "props": {
          "style": {
            "backgroundColor": "#00000000",
            "classes": "Exterran-Style-FondoGeneral"
          },
          "text": "País:",
          "textStyle": {
            "color": "#C0C0C0",
            "fontWeight": "bold",
            "textAlign": "right"
          }
        },
        "type": "ia.display.label"
      },
      {
        "meta": {
          "name": "Distrito"
        },
        "position": {
          "height": 30,
          "width": 90,
          "x": "60%",
          "y": "3%"
        },
        "props": {
          "style": {
            "backgroundColor": "#00000000",
            "classes": "Exterran-Style-FondoGeneral"
          },
          "text": "Distrito:",
          "textStyle": {
            "color": "#C0C0C0",
            "fontWeight": "bold",
            "textAlign": "right"
          }
        },
        "type": "ia.display.label"
      },
      {
        "meta": {
          "name": "Yacimiento"
        },
        "position": {
          "height": 30,
          "width": 90,
          "x": "30%",
          "y": "10%"
        },
        "props": {
          "style": {
            "backgroundColor": "#00000000",
            "classes": "Exterran-Style-FondoGeneral"
          },
          "text": "Yacimiento:",
          "textStyle": {
            "color": "#C0C0C0",
            "fontWeight": "bold",
            "textAlign": "right"
          }
        },
        "type": "ia.display.label"
      },
      {
        "meta": {
          "name": "Locacion"
        },
        "position": {
          "height": 30,
          "width": 90,
          "x": "1%",
          "y": "10%"
        },
        "props": {
          "style": {
            "backgroundColor": "#00000000",
            "classes": "Exterran-Style-FondoGeneral"
          },
          "text": "Locación:",
          "textStyle": {
            "color": "#C0C0C0",
            "fontWeight": "bold",
            "textAlign": "right"
          }
        },
        "type": "ia.display.label"
      },
      {
        "meta": {
          "name": "Activo"
        },
        "position": {
          "height": 30,
          "width": 90,
          "x": "60%",
          "y": "10%"
        },
        "props": {
          "style": {
            "backgroundColor": "#00000000",
            "classes": "Exterran-Style-FondoGeneral"
          },
          "text": "Activo:",
          "textStyle": {
            "color": "#C0C0C0",
            "fontWeight": "bold",
            "textAlign": "right"
          }
        },
        "type": "ia.display.label"
      },
      {
        "meta": {
          "name": "Label_region"
        },
        "position": {
          "height": 35,
          "width": 220,
          "x": "11%",
          "y": 1.864550266
        },
        "propConfig": {
          "props.text": {
            "binding": {
              "config": {
                "parameters": {
                  "PopUp_ElementID": "{view.params.PopUpElementID}"
                },
                "queryPath": "Queries Labels/PATH Labels"
              },
              "transforms": [
                {
                  "code": "\t# convert the incoming value data\n\tpyData \u003d system.dataset.toPyDataSet(value)\n\t# get the header names\n\theader \u003d pyData.getColumnNames()\n\t# create a blank list so we can append later\n\tnewList \u003d []\n\t \n\t# step through the rows\n\tfor row in pyData:\n\t    # create a new blank dictionary for each row of the data\n\t    newDict \u003d {}\n\t    # use an index to step through each column of the data\n\t    for i in range(len(row)):\n\t        # set name/value pairs\n\t        newDict[ header[i] ] \u003d row[i]\n\t     \n\t    # append the dictionary to list\n\t    newList.append(newDict)\n\t     \n\t# return the results\n\treturn newList[0][\"REGION\"]",
                  "type": "script"
                }
              ],
              "type": "query"
            }
          }
        },
        "props": {
          "alignVertical": "bottom",
          "style": {
            "classes": "Exterran-Style-TextoFuente"
          },
          "textStyle": {
            "color": "#FFFFFF",
            "fontFamily": "Roboto",
            "fontSize": 14
          }
        },
        "type": "ia.display.label"
      },
      {
        "meta": {
          "name": "Label_pais"
        },
        "position": {
          "height": 35,
          "width": 220,
          "x": "40%",
          "y": 1.864550266
        },
        "propConfig": {
          "props.text": {
            "binding": {
              "config": {
                "parameters": {
                  "PopUp_ElementID": "{view.params.PopUpElementID}"
                },
                "queryPath": "Queries Labels/PATH Labels"
              },
              "transforms": [
                {
                  "code": "\t# convert the incoming value data\n\tpyData \u003d system.dataset.toPyDataSet(value)\n\t# get the header names\n\theader \u003d pyData.getColumnNames()\n\t# create a blank list so we can append later\n\tnewList \u003d []\n\t \n\t# step through the rows\n\tfor row in pyData:\n\t    # create a new blank dictionary for each row of the data\n\t    newDict \u003d {}\n\t    # use an index to step through each column of the data\n\t    for i in range(len(row)):\n\t        # set name/value pairs\n\t        newDict[ header[i] ] \u003d row[i]\n\t     \n\t    # append the dictionary to list\n\t    newList.append(newDict)\n\t     \n\t# return the results\n\treturn newList[0][\"PAIS\"]",
                  "type": "script"
                }
              ],
              "type": "query"
            }
          }
        },
        "props": {
          "alignVertical": "bottom",
          "style": {
            "classes": "Exterran-Style-TextoFuente"
          },
          "textStyle": {
            "color": "#FFFFFF",
            "fontFamily": "Roboto",
            "fontSize": 14
          }
        },
        "type": "ia.display.label"
      },
      {
        "meta": {
          "name": "Label_distrito"
        },
        "position": {
          "height": 35,
          "width": 220,
          "x": "70%",
          "y": 1.864550266
        },
        "propConfig": {
          "props.text": {
            "binding": {
              "config": {
                "parameters": {
                  "PopUp_ElementID": "{view.params.PopUpElementID}"
                },
                "queryPath": "Queries Labels/PATH Labels"
              },
              "transforms": [
                {
                  "code": "\t# convert the incoming value data\n\tpyData \u003d system.dataset.toPyDataSet(value)\n\t# get the header names\n\theader \u003d pyData.getColumnNames()\n\t# create a blank list so we can append later\n\tnewList \u003d []\n\t \n\t# step through the rows\n\tfor row in pyData:\n\t    # create a new blank dictionary for each row of the data\n\t    newDict \u003d {}\n\t    # use an index to step through each column of the data\n\t    for i in range(len(row)):\n\t        # set name/value pairs\n\t        newDict[ header[i] ] \u003d row[i]\n\t     \n\t    # append the dictionary to list\n\t    newList.append(newDict)\n\t     \n\t# return the results\n\treturn newList[0][\"DISTRITO\"]",
                  "type": "script"
                }
              ],
              "type": "query"
            }
          }
        },
        "props": {
          "alignVertical": "bottom",
          "style": {
            "classes": "Exterran-Style-TextoFuente"
          },
          "textStyle": {
            "color": "#FFFFFF",
            "fontFamily": "Roboto",
            "fontSize": 14
          }
        },
        "type": "ia.display.label"
      },
      {
        "meta": {
          "name": "Label_locacion"
        },
        "position": {
          "height": 35,
          "width": 220,
          "x": "11%",
          "y": "10%"
        },
        "propConfig": {
          "props.text": {
            "binding": {
              "config": {
                "parameters": {
                  "PopUp_ElementID": "{view.params.PopUpElementID}"
                },
                "queryPath": "Queries Labels/PATH Labels"
              },
              "transforms": [
                {
                  "code": "\t# convert the incoming value data\n\tpyData \u003d system.dataset.toPyDataSet(value)\n\t# get the header names\n\theader \u003d pyData.getColumnNames()\n\t# create a blank list so we can append later\n\tnewList \u003d []\n\t \n\t# step through the rows\n\tfor row in pyData:\n\t    # create a new blank dictionary for each row of the data\n\t    newDict \u003d {}\n\t    # use an index to step through each column of the data\n\t    for i in range(len(row)):\n\t        # set name/value pairs\n\t        newDict[ header[i] ] \u003d row[i]\n\t     \n\t    # append the dictionary to list\n\t    newList.append(newDict)\n\t     \n\t# return the results\n\treturn newList[0][\"LOCACION\"]",
                  "type": "script"
                }
              ],
              "type": "query"
            }
          }
        },
        "props": {
          "style": {
            "classes": "Exterran-Style-TextoFuente"
          },
          "textStyle": {
            "color": "#FFFFFF",
            "fontFamily": "Roboto",
            "fontSize": 14
          }
        },
        "type": "ia.display.label"
      },
      {
        "meta": {
          "name": "Label_yacimiento"
        },
        "position": {
          "height": 35,
          "width": 220,
          "x": "40%",
          "y": "10%"
        },
        "propConfig": {
          "props.text": {
            "binding": {
              "config": {
                "parameters": {
                  "PopUp_ElementID": "{view.params.PopUpElementID}"
                },
                "queryPath": "Queries Labels/PATH Labels"
              },
              "transforms": [
                {
                  "code": "\t# convert the incoming value data\n\tpyData \u003d system.dataset.toPyDataSet(value)\n\t# get the header names\n\theader \u003d pyData.getColumnNames()\n\t# create a blank list so we can append later\n\tnewList \u003d []\n\t \n\t# step through the rows\n\tfor row in pyData:\n\t    # create a new blank dictionary for each row of the data\n\t    newDict \u003d {}\n\t    # use an index to step through each column of the data\n\t    for i in range(len(row)):\n\t        # set name/value pairs\n\t        newDict[ header[i] ] \u003d row[i]\n\t     \n\t    # append the dictionary to list\n\t    newList.append(newDict)\n\t     \n\t# return the results\n\treturn newList[0][\"YACIMIENTO\"]",
                  "type": "script"
                }
              ],
              "type": "query"
            }
          }
        },
        "props": {
          "style": {
            "classes": "Exterran-Style-TextoFuente"
          },
          "textStyle": {
            "color": "#FFFFFF",
            "fontFamily": "Roboto",
            "fontSize": 14
          }
        },
        "type": "ia.display.label"
      },
      {
        "meta": {
          "name": "Label_activo"
        },
        "position": {
          "height": 35,
          "width": 220,
          "x": "70%",
          "y": "10%"
        },
        "propConfig": {
          "props.text": {
            "binding": {
              "config": {
                "parameters": {
                  "PopUp_ElementID": "{view.params.PopUpElementID}"
                },
                "queryPath": "Queries Labels/PATH Labels"
              },
              "transforms": [
                {
                  "code": "\t# convert the incoming value data\n\tpyData \u003d system.dataset.toPyDataSet(value)\n\t# get the header names\n\theader \u003d pyData.getColumnNames()\n\t# create a blank list so we can append later\n\tnewList \u003d []\n\t \n\t# step through the rows\n\tfor row in pyData:\n\t    # create a new blank dictionary for each row of the data\n\t    newDict \u003d {}\n\t    # use an index to step through each column of the data\n\t    for i in range(len(row)):\n\t        # set name/value pairs\n\t        newDict[ header[i] ] \u003d row[i]\n\t     \n\t    # append the dictionary to list\n\t    newList.append(newDict)\n\t     \n\t# return the results\n\treturn newList[0][\"ACTIVO\"]",
                  "type": "script"
                }
              ],
              "type": "query"
            }
          }
        },
        "props": {
          "style": {
            "classes": "Exterran-Style-TextoFuente"
          },
          "textStyle": {
            "color": "#FFFFFF",
            "fontFamily": "Roboto",
            "fontSize": 14
          }
        },
        "type": "ia.display.label"
      },
      {
        "meta": {
          "name": "TextField"
        },
        "position": {
          "height": "20%",
          "width": "93%",
          "x": "3%",
          "y": "65%"
        },
        "props": {
          "placeholder": "Ingrese comentarios"
        },
        "type": "ia.input.text-field"
      },
      {
        "events": {
          "component": {
            "onActionPerformed": {
              "config": {
                "script": "\tsystem.perspective.closePopup(\u0027jouA3ERw\u0027)"
              },
              "scope": "G",
              "type": "script"
            }
          }
        },
        "meta": {
          "name": "Button"
        },
        "position": {
          "height": 35,
          "width": "93%",
          "x": "3%",
          "y": "88%"
        },
        "props": {
          "style": {
            "classes": "PropiedadesBotones/PropiedadesBoton"
          },
          "text": "Confirmar"
        },
        "type": "ia.input.button"
      }
    ],
    "meta": {
      "name": "root"
    },
    "position": {
      "x": -167,
      "y": -21.25
    },
    "props": {
      "style": {
        "backgroundColor": "#515151"
      }
    },
    "type": "ia.container.coord"
  }
}