{
  "custom": {
    "ExcelDatos": [
      {
        "ACTIVO": "320017-043",
        "Causa": "Paro ",
        "DISTRITO": "NOA",
        "EFID": "D6E406D2-9CDF-11ED-9B95-00505697E545",
        "ESTADO": "Parada",
        "LOCACION": "Satélite",
        "PAIS": "Argentina",
        "REGION": "LATAM",
        "TiempoTotalParos": "00:11:31.9180748",
        "TotalParos": 6,
        "UltimoParo": "2023-01-31 11:47:00",
        "YACIMIENTO": "Campo Duran"
      },
      {
        "ACTIVO": "320015-043",
        "Causa": "Paro ",
        "DISTRITO": "NOA",
        "EFID": "CAE2D053-9CDF-11ED-9B95-00505697E545",
        "ESTADO": "Marcha",
        "LOCACION": "Campo Duran",
        "PAIS": "Argentina",
        "REGION": "LATAM",
        "TiempoTotalParos": "00:22:00",
        "TotalParos": 2,
        "UltimoParo": "2023-01-31 11:39:00",
        "YACIMIENTO": "Campo Duran"
      },
      {
        "ACTIVO": "76494-043",
        "Causa": "Paro ",
        "DISTRITO": "Neuquén",
        "EFID": "B8F9FEEB-9CDF-11ED-9B95-00505697E545",
        "ESTADO": "Parada",
        "LOCACION": "Planta Cco",
        "PAIS": "Argentina",
        "REGION": "LATAM",
        "TiempoTotalParos": "00:18:31.9180748",
        "TotalParos": 4,
        "UltimoParo": "2023-01-31 11:41:00",
        "YACIMIENTO": "Loma Negra Cutralco"
      },
      {
        "ACTIVO": "04350-044",
        "Causa": "Paro ",
        "DISTRITO": "Comodoro Rivadavia",
        "EFID": "8F1F6548-9CDF-11ED-9B95-00505697E545",
        "ESTADO": "Marcha",
        "LOCACION": "CG 7",
        "PAIS": "Argentina",
        "REGION": "LATAM",
        "TiempoTotalParos": "00:00:30",
        "TotalParos": 1,
        "UltimoParo": "2023-01-31 11:34:00",
        "YACIMIENTO": "Las Heras"
      }
    ],
    "activoSes": "em.Path LIKE \u0027\\%\u0027",
    "distritoSes": "em.Path LIKE \u0027\\%\u0027",
    "levelSes": 0,
    "locacionSes": "em.Path LIKE \u0027\\%\u0027",
    "mensajitdock": "",
    "pageIdSes": "Docks/Exterran-Dock_LEFT",
    "paisSes": "em.Path LIKE \u0027\\%\u0027",
    "regionSes": "em.Path LIKE \u0027\\%\u0027",
    "yacimientoSes": "em.Path LIKE \u0027\\%\u0027"
  },
  "propConfig": {
    "props.auth": {
      "access": "PRIVATE",
      "persistent": false
    },
    "props.device.accelerometer": {
      "access": "SYSTEM",
      "persistent": false
    },
    "props.device.identifier": {
      "access": "SYSTEM",
      "persistent": false
    },
    "props.device.timezone": {
      "access": "SYSTEM",
      "persistent": false
    },
    "props.device.type": {
      "access": "SYSTEM",
      "persistent": false
    },
    "props.device.userAgent": {
      "access": "SYSTEM",
      "persistent": false
    },
    "props.gateway": {
      "access": "SYSTEM",
      "persistent": false
    },
    "props.geolocation.data": {
      "access": "SYSTEM",
      "persistent": false
    },
    "props.geolocation.permissionGranted": {
      "access": "SYSTEM",
      "persistent": false
    },
    "props.host": {
      "access": "SYSTEM",
      "persistent": false
    },
    "props.id": {
      "access": "SYSTEM",
      "persistent": false
    },
    "props.lastActivity": {
      "access": "SYSTEM",
      "persistent": false
    }
  },
  "props": {
    "address": "10.80.88.194",
    "device": {},
    "geolocation": {},
    "locale": "en-US",
    "theme": "exterrantLight",
    "timeZoneId": "America/Cayenne"
  }
}