{
  "custom": {},
  "params": {
    "percent": "",
    "rowData": ""
  },
  "propConfig": {
    "params.percent": {
      "paramDirection": "input",
      "persistent": true
    },
    "params.rowData": {
      "paramDirection": "input",
      "persistent": true
    }
  },
  "props": {
    "defaultSize": {
      "height": 27,
      "width": 29
    }
  },
  "root": {
    "children": [
      {
        "meta": {
          "name": "Icon",
          "tooltip": {
            "text": "A"
          }
        },
        "position": {
          "height": 24,
          "width": 26,
          "x": "1%"
        },
        "propConfig": {
          "props.color": {
            "binding": {
              "config": {
                "path": "view.params.rowData[\"Color\"]"
              },
              "type": "property"
            }
          }
        },
        "props": {
          "path": "material/brightness_1"
        },
        "type": "ia.display.icon"
      }
    ],
    "meta": {
      "name": "root"
    },
    "props": {
      "style": {
        "backgroundColor": "#FFFFFF00"
      }
    },
    "type": "ia.container.coord"
  }
}