{
  "custom": {
    "key": null
  },
  "params": {},
  "propConfig": {
    "custom.key": {
      "persistent": true
    }
  },
  "props": {
    "defaultSize": {
      "height": 1193,
      "width": 1537
    }
  },
  "root": {
    "children": [
      {
        "meta": {
          "name": "ResumenDatosTec"
        },
        "position": {
          "height": 39,
          "width": 449,
          "x": "1%",
          "y": "1%"
        },
        "props": {
          "text": "Resumen Datos Técnicos",
          "textStyle": {
            "classes": "Exterran-Style-TextoFuenteLabel",
            "fontFamily": "sans-serif",
            "fontSize": 26
          }
        },
        "type": "ia.display.label"
      },
      {
        "children": [
          {
            "events": {
              "dom": {
                "onMouseEnter": {
                  "config": {
                    "script": "\tself.props.style.color\u003d \"#3496FF\""
                  },
                  "scope": "G",
                  "type": "script"
                },
                "onMouseLeave": {
                  "config": {
                    "script": "\tself.props.style.color\u003d \"#007BFF\""
                  },
                  "scope": "G",
                  "type": "script"
                }
              }
            },
            "meta": {
              "name": "HomeLink"
            },
            "position": {
              "basis": "49px"
            },
            "props": {
              "style": {
                "classes": "Exterran-NavLinkStyleHome",
                "color": "#007BFF"
              },
              "target": "self",
              "text": "Home ",
              "url": "/"
            },
            "type": "ia.navigation.link"
          },
          {
            "meta": {
              "name": "Label"
            },
            "position": {
              "basis": "194px"
            },
            "props": {
              "alignVertical": "bottom",
              "style": {
                "classes": "Exterran-NavLinkStyle"
              },
              "text": "/Resumen Datos Tecnicos"
            },
            "type": "ia.display.label"
          }
        ],
        "meta": {
          "name": "RutaNav"
        },
        "position": {
          "height": 20,
          "width": 250,
          "y": "2%"
        },
        "propConfig": {
          "position.x": {
            "binding": {
              "config": {
                "path": "page.props.dimensions.primaryView.width"
              },
              "transforms": [
                {
                  "code": "\treturn value-250",
                  "type": "script"
                }
              ],
              "type": "property"
            }
          }
        },
        "type": "ia.container.flex"
      },
      {
        "children": [
          {
            "meta": {
              "name": "Motor_Title"
            },
            "position": {
              "height": "3%",
              "width": "98%",
              "x": "0.9%",
              "y": "0%"
            },
            "props": {
              "style": {
                "classes": "ResumenDatosTecnicos/Exterran-Style-Label-background\n"
              },
              "text": "Motor",
              "textStyle": {
                "fontFamily": "sans-serif",
                "fontSize": 14
              }
            },
            "type": "ia.display.label"
          },
          {
            "meta": {
              "name": "Motor_PieChart"
            },
            "position": {
              "height": "46%",
              "width": "99%",
              "x": "0%",
              "y": "3.5%"
            },
            "propConfig": {
              "props.data": {
                "binding": {
                  "config": {
                    "parameters": {
                      "Activo": "{../Motor_Table.custom.activ}",
                      "Distrito": "{../Motor_Table.custom.dis}",
                      "Locacion": "{../Motor_Table.custom.loca}",
                      "Pais": "{../Motor_Table.custom.pai}",
                      "Region": "{../Motor_Table.custom.reg}",
                      "Yacimiento": "{../Motor_Table.custom.yaci}",
                      "level_var": "{../Motor_Table.custom.level_var}",
                      "what": "\"Motor\""
                    },
                    "queryPath": "Queries Tablas/Resumen Datos Tecnicos/RTQP-Resumen-Motor",
                    "returnFormat": "json"
                  },
                  "transforms": [
                    {
                      "code": "\ttry:\n\t\tself.meta.visible \u003d True\n\t\t# convert the incoming value data\n\t\theader \u003d [\"Marca_Motor\", \"Cant\"]\n\t\t\n\t\t#rango \u003d range(len(value)) # de 0 a 4, si hay 5 filas\n\t\tlist_aux\u003d[]\n\t\tlist_aux.append([value[0][\"Marca_Motor\"], 1])\n\t\t\n\t\tki \u003d 1\n\t\twhile ki \u003c\u003d len(value)-1: #hasta el ultimo del original\n\t\t\tssj \u003d ki\n\t\t\tbuu \u003d 0\n\t\t\texiste \u003d 0\n\t\t\n\t\t\twhile buu \u003c\u003d len(list_aux)-1 and existe \u003d\u003d 0:\n\t\t\t\tif list_aux[buu][0] \u003d\u003d value[ssj][\"Marca_Motor\"]:\n\t\t\t\t\tlist_aux[buu][1] \u003d list_aux[buu][1]+1\n\t\t\t\t\texiste \u003d 1\n\t\t\t\tbuu \u003d buu +1\n\t\t\tif existe \u003d\u003d 0:\n\t\t\t\tlist_aux.append([value[ssj][\"Marca_Motor\"], 1])\n\t\t#END WHILE i\n\t\t\tki \u003d ki + 1\n\t\t# return the results\n\t\tdsds \u003d system.dataset.toDataSet(header, list_aux) \n\t\t\n\t\t\n\t\treturn dsds\n\texcept:\n\t\tself.meta.visible \u003d False",
                      "type": "script"
                    }
                  ],
                  "type": "query"
                }
              }
            },
            "props": {
              "colors": [
                "#3366CC",
                "#EC4B3D",
                "#4FC86C",
                "#F6E100",
                "#4499FF",
                "#EC99FF",
                "orange",
                "grey",
                "white",
                "black"
              ],
              "cutoutRadius": 30,
              "labels": {
                "bent": true,
                "inside": {
                  "enabled": true,
                  "percentLimit": 1,
                  "radius": 60
                },
                "showName": false
              },
              "legend": {
                "fontSize": 15,
                "icon": {
                  "height": 11,
                  "width": 10
                }
              },
              "legendLabelColor": "#FFFFFF",
              "sectionOutline": {
                "color": "#FFFFFF",
                "opacity": 0,
                "width": 1
              },
              "selection": {
                "enabled": true
              },
              "showLegend": false,
              "style": {
                "backgroundColor": "#3e3e3e"
              },
              "threeDimensional": true
            },
            "type": "ia.chart.pie"
          },
          {
            "custom": {
              "activ": "em.Path LIKE \u0027\\%\u0027",
              "dis": "em.Path LIKE \u0027\\%\u0027",
              "level_var": 0,
              "loca": "em.Path LIKE \u0027\\%\u0027",
              "pai": "em.Path LIKE \u0027\\%\u0027",
              "reg": "em.Path LIKE \u0027\\%\u0027",
              "yaci": "em.Path LIKE \u0027\\%\u0027"
            },
            "events": {
              "system": {
                "onStartup": {
                  "config": {
                    "script": "\tsystem.perspective.sendMessage(messageType\u003d\u0027status\u0027, payload\u003d{\u0027test\u0027:\"andando\"}, scope\u003d\u0027page\u0027)"
                  },
                  "scope": "G",
                  "type": "script"
                }
              }
            },
            "meta": {
              "name": "Motor_Table"
            },
            "position": {
              "height": "50%",
              "width": "99%",
              "x": "1%",
              "y": "50%"
            },
            "propConfig": {
              "props.data": {
                "binding": {
                  "config": {
                    "parameters": {
                      "Activo": "{this.custom.activ}",
                      "Distrito": "{this.custom.dis}",
                      "Locacion": "{this.custom.loca}",
                      "Pais": "{this.custom.pai}",
                      "Region": "{this.custom.reg}",
                      "Yacimiento": "{this.custom.yaci}",
                      "level_var": "{this.custom.level_var}",
                      "what": "\"Motor\""
                    },
                    "queryPath": "Queries Tablas/Resumen Datos Tecnicos/RTQP-Resumen-Motor",
                    "returnFormat": "json"
                  },
                  "transforms": [
                    {
                      "code": "# convert the incoming value data\n\ttry:\n\t\tself.meta.visible \u003d True\n\t\theader \u003d [\"Marca_Motor\", \"Cant\", \"Color\"]\n\t\n\t#rango \u003d range(len(value)) # de 0 a 4, si hay 5 filas\n\t\tlist_aux\u003d[]\n\t\tlist_aux.append([value[0][\"Marca_Motor\"], 1, str(self.getSibling(\"Motor_PieChart\").props.colors[0])])\n\t\t\n\t\tki \u003d 1\n\t\twhile ki \u003c\u003d len(value)-1: #hasta el ultimo del original\n\t\t\tssj \u003d ki\n\t\t\tbuu \u003d 0\n\t\t\texiste \u003d 0\n\t\t\n\t\t\twhile buu \u003c\u003d len(list_aux)-1 and existe \u003d\u003d 0:\n\t\t\t\tif list_aux[buu][0] \u003d\u003d value[ssj][\"Marca_Motor\"]:\n\t\t\t\t\tlist_aux[buu][1] \u003d list_aux[buu][1]+1\n\t\t\t\t\texiste \u003d 1\n\t\t\t\tbuu \u003d buu +1\n\t\t\tif existe \u003d\u003d 0:\n\t\t\t\tlist_aux.append([value[ssj][\"Marca_Motor\"], 1, str(self.getSibling(\"Motor_PieChart\").props.colors[buu])])\n\t\t#END WHILE i\n\t\t\tki \u003d ki + 1\n\t\t# return the results\n\t\t\u0027\u0027\u0027ki \u003d 0\n\t\tfor ki in range(len(list_aux)):\n\t\t\tssj \u003d ki\t\n\t\t\tlist_aux[ssj][2] \u003d str(self.getSibling(\"Motor_PieChart\").props.colors[ssj])\n\t\t\t\n\t\t\u0027\u0027\u0027\t\t\t\n\t\tdsds \u003d system.dataset.toDataSet(header, list_aux) \n\t\t\n\t\t\n\t\n\t\treturn dsds\n\texcept:\n\t\tself.meta.visible \u003d False",
                      "type": "script"
                    }
                  ],
                  "type": "query"
                }
              },
              "props.rows.subview.viewParams.path.ACTIVO": {
                "binding": {
                  "config": {
                    "path": "this.custom.activ"
                  },
                  "type": "property"
                }
              },
              "props.rows.subview.viewParams.path.DISTRITO": {
                "binding": {
                  "config": {
                    "path": "this.custom.dis"
                  },
                  "type": "property"
                }
              },
              "props.rows.subview.viewParams.path.LEVELVAR": {
                "binding": {
                  "config": {
                    "path": "this.custom.level_var"
                  },
                  "type": "property"
                }
              },
              "props.rows.subview.viewParams.path.LOCACION": {
                "binding": {
                  "config": {
                    "path": "this.custom.loca"
                  },
                  "type": "property"
                }
              },
              "props.rows.subview.viewParams.path.PAIS": {
                "binding": {
                  "config": {
                    "path": "this.custom.pai"
                  },
                  "type": "property"
                }
              },
              "props.rows.subview.viewParams.path.REGION": {
                "binding": {
                  "config": {
                    "path": "this.custom.reg"
                  },
                  "type": "property"
                }
              },
              "props.rows.subview.viewParams.path.YACIMIENTO": {
                "binding": {
                  "config": {
                    "path": "this.custom.yaci"
                  },
                  "type": "property"
                }
              }
            },
            "props": {
              "bodyStyle": {
                "classes": "ResumenDatosTecnicos/Exterran-Table-Bodystyle"
              },
              "cells": {
                "style": {
                  "fontFamily": "Roboto"
                }
              },
              "columns": [
                {
                  "align": "center",
                  "boolean": "checkbox",
                  "dateFormat": "MM/DD/YYYY",
                  "editable": false,
                  "field": "Marca_Motor",
                  "footer": {
                    "align": "center",
                    "justify": "left",
                    "style": {
                      "classes": ""
                    },
                    "title": ""
                  },
                  "header": {
                    "align": "center",
                    "justify": "left",
                    "style": {
                      "classes": "PopiedadesTabla/Exterran-Sty..."
                    },
                    "title": ""
                  },
                  "justify": "auto",
                  "number": "value",
                  "numberFormat": "0,0.##",
                  "progressBar": {
                    "bar": {
                      "color": "",
                      "style": {
                        "classes": ""
                      }
                    },
                    "max": 100,
                    "min": 0,
                    "track": {
                      "color": "",
                      "style": {
                        "classes": ""
                      }
                    },
                    "value": {
                      "enabled": true,
                      "format": "0,0.##",
                      "justify": "center",
                      "style": {
                        "classes": ""
                      }
                    }
                  },
                  "render": "auto",
                  "resizable": true,
                  "sort": "none",
                  "sortable": true,
                  "strictWidth": false,
                  "style": {
                    "classes": "",
                    "color": "#FFFFFF"
                  },
                  "toggleSwitch": {
                    "color": {
                      "selected": "",
                      "unselected": ""
                    }
                  },
                  "viewParams": {},
                  "viewPath": "",
                  "visible": true,
                  "width": 13
                },
                {
                  "align": "center",
                  "boolean": "checkbox",
                  "dateFormat": "MM/DD/YYYY",
                  "editable": false,
                  "field": "Cant",
                  "footer": {
                    "align": "center",
                    "justify": "left",
                    "style": {
                      "classes": ""
                    },
                    "title": ""
                  },
                  "header": {
                    "align": "center",
                    "justify": "left",
                    "style": {
                      "classes": "PopiedadesTabla/Exterran-Sty..."
                    },
                    "title": ""
                  },
                  "justify": "auto",
                  "number": "value",
                  "numberFormat": "0,0.##",
                  "progressBar": {
                    "bar": {
                      "color": "",
                      "style": {
                        "classes": ""
                      }
                    },
                    "max": 100,
                    "min": 0,
                    "track": {
                      "color": "",
                      "style": {
                        "classes": ""
                      }
                    },
                    "value": {
                      "enabled": true,
                      "format": "0,0.##",
                      "justify": "center",
                      "style": {
                        "classes": ""
                      }
                    }
                  },
                  "render": "auto",
                  "resizable": true,
                  "sort": "none",
                  "sortable": true,
                  "strictWidth": false,
                  "style": {
                    "classes": "",
                    "color": "#FFFFFF"
                  },
                  "toggleSwitch": {
                    "color": {
                      "selected": "",
                      "unselected": ""
                    }
                  },
                  "viewParams": {},
                  "viewPath": "",
                  "visible": true,
                  "width": 10
                },
                {
                  "align": "center",
                  "boolean": "checkbox",
                  "dateFormat": "MM/DD/YYYY",
                  "editable": false,
                  "field": "Color",
                  "footer": {
                    "align": "center",
                    "justify": "left",
                    "style": {
                      "classes": ""
                    },
                    "title": ""
                  },
                  "header": {
                    "align": "center",
                    "justify": "left",
                    "style": {
                      "classes": ""
                    },
                    "title": ""
                  },
                  "justify": "auto",
                  "number": "value",
                  "numberFormat": "0,0.##",
                  "progressBar": {
                    "bar": {
                      "color": "",
                      "style": {
                        "classes": ""
                      }
                    },
                    "max": 100,
                    "min": 0,
                    "track": {
                      "color": "",
                      "style": {
                        "classes": ""
                      }
                    },
                    "value": {
                      "enabled": true,
                      "format": "0,0.##",
                      "justify": "center",
                      "style": {
                        "classes": ""
                      }
                    }
                  },
                  "render": "view",
                  "resizable": true,
                  "sort": "none",
                  "sortable": true,
                  "strictWidth": false,
                  "style": {
                    "classes": ""
                  },
                  "toggleSwitch": {
                    "color": {
                      "selected": "",
                      "unselected": ""
                    }
                  },
                  "viewParams": {},
                  "viewPath": "Exterran-Resumen Datos Tecnicos/ColorSubView",
                  "visible": true,
                  "width": 10
                }
              ],
              "emptyMessage": {
                "noData": {
                  "icon": {
                    "color": "#ffffff",
                    "path": "material/360"
                  },
                  "text": "Esperando datos...",
                  "textStyle": {
                    "color": "#FFFFFF",
                    "fontFamily": "Roboto",
                    "fontSize": 12
                  }
                },
                "style": {
                  "classes": "PopiedadesTabla/Exterran-Style-EmpityMessagebackground"
                }
              },
              "enableHeader": false,
              "pager": {
                "bottom": false
              },
              "rows": {
                "highlight": {
                  "color": "#1d2124"
                },
                "style": {
                  "classes": "ResumenDatosTecnicos/Exterran-TableRows",
                  "color": "#FFFFFF"
                },
                "subview": {
                  "enabled": true,
                  "viewParams": {
                    "path": {},
                    "tipo": "Motor",
                    "value": {
                      "Marca_Motor": ""
                    }
                  },
                  "viewPath": "Exterran-Resumen Datos Tecnicos/Subview-Motor"
                },
                "subviewExpansionMode": "single"
              },
              "selection": {
                "enableRowSelection": false
              },
              "style": {
                "borderStyle": "none"
              },
              "virtualized": false
            },
            "scripts": {
              "customMethods": [],
              "extensionFunctions": null,
              "messageHandlers": [
                {
                  "messageType": "mensajito",
                  "pageScope": true,
                  "script": "# implement your handler here\n\tself.custom.reg \u003d payload[\"regionSes\"]\n\tself.custom.pai \u003d payload[\"paisSes\"]\n\tself.custom.dis \u003d payload[\"distritoSes\"]\n\tself.custom.yaci \u003d payload[\"yacimientoSes\"]\n\tself.custom.loca \u003d payload[\"locacionSes\"]\n\tself.custom.activ \u003d payload[\"activodatost\"] # solo para esta pantalla se recibe activo de manera antigua\n\tself.custom.level_var \u003d payload[\"levelvarSes\"]\n\t\n\t\n\t\n\t",
                  "sessionScope": false,
                  "viewScope": false
                }
              ]
            },
            "type": "ia.display.table"
          }
        ],
        "meta": {
          "name": "Motor_Container"
        },
        "position": {
          "height": "90%",
          "width": "24%",
          "x": "0%",
          "y": "9%"
        },
        "type": "ia.container.coord"
      },
      {
        "children": [
          {
            "custom": {
              "activ": "em.Path LIKE \u0027\\%\u0027",
              "dis": "em.Path LIKE \u0027\\%\u0027",
              "level_var": 0,
              "loca": "em.Path LIKE \u0027\\%\u0027",
              "pai": "em.Path LIKE \u0027\\%\u0027",
              "reg": "em.Path LIKE \u0027\\%\u0027",
              "yaci": "em.Path LIKE \u0027\\%\u0027"
            },
            "meta": {
              "name": "Compresor_Table"
            },
            "position": {
              "height": "50%",
              "width": "99%",
              "x": "0%",
              "y": "50%"
            },
            "propConfig": {
              "props.data": {
                "binding": {
                  "config": {
                    "parameters": {
                      "Activo": "{this.custom.activ}",
                      "Distrito": "{this.custom.dis}",
                      "Locacion": "{this.custom.loca}",
                      "Pais": "{this.custom.pai}",
                      "Region": "{this.custom.reg}",
                      "Yacimiento": "{this.custom.yaci}",
                      "level_var": "{this.custom.level_var}",
                      "what": "\"Compresor\""
                    },
                    "queryPath": "Queries Tablas/Resumen Datos Tecnicos/RTQP-Resumen-Motor",
                    "returnFormat": "json"
                  },
                  "transforms": [
                    {
                      "code": "\t# convert the incoming value data\n\ttry:\n\t\tself.meta.visible \u003d True\n\t\theader \u003d [\"Marca_Motor\", \"Cant\", \"Color\"]\n\t\n\t#rango \u003d range(len(value)) # de 0 a 4, si hay 5 filas\n\t\tlist_aux\u003d[]\n\t\tlist_aux.append([value[0][\"Marca_Motor\"], 1, str(self.getSibling(\"Compresor_PieChart\").props.colors[0])])\n\t\t\n\t\tki \u003d 1\n\t\twhile ki \u003c\u003d len(value)-1: #hasta el ultimo del original\n\t\t\tssj \u003d ki\n\t\t\tbuu \u003d 0\n\t\t\texiste \u003d 0\n\t\t\n\t\t\twhile buu \u003c\u003d len(list_aux)-1 and existe \u003d\u003d 0:\n\t\t\t\tif list_aux[buu][0] \u003d\u003d value[ssj][\"Marca_Motor\"]:\n\t\t\t\t\tlist_aux[buu][1] \u003d list_aux[buu][1]+1\n\t\t\t\t\texiste \u003d 1\n\t\t\t\tbuu \u003d buu +1\n\t\t\tif existe \u003d\u003d 0:\n\t\t\t\tlist_aux.append([value[ssj][\"Marca_Motor\"], 1, str(self.getSibling(\"Compresor_PieChart\").props.colors[buu])])\n\t\t#END WHILE i\n\t\t\tki \u003d ki + 1\n\t\t# return the results\n\t\t\u0027\u0027\u0027ki \u003d 0\n\t\tfor ki in range(len(list_aux)):\n\t\t\tssj \u003d ki\t\n\t\t\tlist_aux[ssj][2] \u003d str(self.getSibling(\"Motor_PieChart\").props.colors[ssj])\n\t\t\t\n\t\t\u0027\u0027\u0027\t\t\t\n\t\tdsds \u003d system.dataset.toDataSet(header, list_aux) \n\t\t\n\t\t\n\t\n\t\treturn dsds\n\texcept:\n\t\tself.meta.visible \u003d False",
                      "type": "script"
                    }
                  ],
                  "type": "query"
                }
              },
              "props.rows.subview.viewParams.path.ACTIVO": {
                "binding": {
                  "config": {
                    "path": "this.custom.activ"
                  },
                  "type": "property"
                }
              },
              "props.rows.subview.viewParams.path.DISTRITO": {
                "binding": {
                  "config": {
                    "path": "this.custom.dis"
                  },
                  "type": "property"
                }
              },
              "props.rows.subview.viewParams.path.LEVELVAR": {
                "binding": {
                  "config": {
                    "path": "this.custom.level_var"
                  },
                  "type": "property"
                }
              },
              "props.rows.subview.viewParams.path.LOCACION": {
                "binding": {
                  "config": {
                    "path": "this.custom.loca"
                  },
                  "type": "property"
                }
              },
              "props.rows.subview.viewParams.path.PAIS": {
                "binding": {
                  "config": {
                    "path": "this.custom.pai"
                  },
                  "type": "property"
                }
              },
              "props.rows.subview.viewParams.path.REGION": {
                "binding": {
                  "config": {
                    "path": "this.custom.reg"
                  },
                  "type": "property"
                }
              },
              "props.rows.subview.viewParams.path.YACIMIENTO": {
                "binding": {
                  "config": {
                    "path": "this.custom.yaci"
                  },
                  "type": "property"
                }
              }
            },
            "props": {
              "bodyStyle": {
                "classes": "ResumenDatosTecnicos/Exterran-Table-Bodystyle"
              },
              "cells": {
                "style": {
                  "fontFamily": "Roboto"
                }
              },
              "columns": [
                {
                  "align": "center",
                  "boolean": "checkbox",
                  "dateFormat": "MM/DD/YYYY",
                  "editable": false,
                  "field": "Marca_Motor",
                  "footer": {
                    "align": "center",
                    "justify": "left",
                    "style": {
                      "classes": ""
                    },
                    "title": ""
                  },
                  "header": {
                    "align": "center",
                    "justify": "left",
                    "style": {
                      "classes": "PopiedadesTabla/Exterran-Sty..."
                    },
                    "title": ""
                  },
                  "justify": "auto",
                  "number": "value",
                  "numberFormat": "0,0.##",
                  "progressBar": {
                    "bar": {
                      "color": "",
                      "style": {
                        "classes": ""
                      }
                    },
                    "max": 100,
                    "min": 0,
                    "track": {
                      "color": "",
                      "style": {
                        "classes": ""
                      }
                    },
                    "value": {
                      "enabled": true,
                      "format": "0,0.##",
                      "justify": "center",
                      "style": {
                        "classes": ""
                      }
                    }
                  },
                  "render": "auto",
                  "resizable": true,
                  "sort": "none",
                  "sortable": true,
                  "strictWidth": false,
                  "style": {
                    "classes": "",
                    "color": "#ffffff"
                  },
                  "toggleSwitch": {
                    "color": {
                      "selected": "",
                      "unselected": ""
                    }
                  },
                  "viewParams": {},
                  "viewPath": "",
                  "visible": true,
                  "width": 15
                },
                {
                  "align": "center",
                  "boolean": "checkbox",
                  "dateFormat": "MM/DD/YYYY",
                  "editable": false,
                  "field": "Cant",
                  "footer": {
                    "align": "center",
                    "justify": "left",
                    "style": {
                      "classes": ""
                    },
                    "title": ""
                  },
                  "header": {
                    "align": "center",
                    "justify": "left",
                    "style": {
                      "classes": "PopiedadesTabla/Exterran-Sty..."
                    },
                    "title": ""
                  },
                  "justify": "auto",
                  "number": "value",
                  "numberFormat": "0,0.##",
                  "progressBar": {
                    "bar": {
                      "color": "",
                      "style": {
                        "classes": ""
                      }
                    },
                    "max": 100,
                    "min": 0,
                    "track": {
                      "color": "",
                      "style": {
                        "classes": ""
                      }
                    },
                    "value": {
                      "enabled": true,
                      "format": "0,0.##",
                      "justify": "center",
                      "style": {
                        "classes": ""
                      }
                    }
                  },
                  "render": "auto",
                  "resizable": true,
                  "sort": "none",
                  "sortable": true,
                  "strictWidth": false,
                  "style": {
                    "classes": "",
                    "color": "#FFFFFF"
                  },
                  "toggleSwitch": {
                    "color": {
                      "selected": "",
                      "unselected": ""
                    }
                  },
                  "viewParams": {},
                  "viewPath": "",
                  "visible": true,
                  "width": 10
                },
                {
                  "align": "center",
                  "boolean": "checkbox",
                  "dateFormat": "MM/DD/YYYY",
                  "editable": false,
                  "field": "Color",
                  "footer": {
                    "align": "center",
                    "justify": "left",
                    "style": {
                      "classes": ""
                    },
                    "title": ""
                  },
                  "header": {
                    "align": "center",
                    "justify": "left",
                    "style": {
                      "classes": ""
                    },
                    "title": ""
                  },
                  "justify": "auto",
                  "number": "value",
                  "numberFormat": "0,0.##",
                  "progressBar": {
                    "bar": {
                      "color": "",
                      "style": {
                        "classes": ""
                      }
                    },
                    "max": 100,
                    "min": 0,
                    "track": {
                      "color": "",
                      "style": {
                        "classes": ""
                      }
                    },
                    "value": {
                      "enabled": true,
                      "format": "0,0.##",
                      "justify": "center",
                      "style": {
                        "classes": ""
                      }
                    }
                  },
                  "render": "view",
                  "resizable": true,
                  "sort": "none",
                  "sortable": true,
                  "strictWidth": false,
                  "style": {
                    "classes": ""
                  },
                  "toggleSwitch": {
                    "color": {
                      "selected": "",
                      "unselected": ""
                    }
                  },
                  "viewParams": {
                    "percent": "({0})"
                  },
                  "viewPath": "Exterran-Resumen Datos Tecnicos/ColorSubView",
                  "visible": true,
                  "width": 10
                }
              ],
              "emptyMessage": {
                "noData": {
                  "icon": {
                    "color": "#FFFFFF",
                    "path": "material/360",
                    "style": {
                      "backgroundColor": "#303030"
                    }
                  },
                  "text": "Esperando datos...",
                  "textStyle": {
                    "color": "#ffffff",
                    "fontFamily": "Roboto",
                    "fontSize": 12
                  }
                },
                "style": {
                  "classes": "PopiedadesTabla/Exterran-Style-EmpityMessagebackground"
                }
              },
              "enableHeader": false,
              "pager": {
                "bottom": false
              },
              "rows": {
                "highlight": {
                  "color": "#1d2124"
                },
                "style": {
                  "classes": "ResumenDatosTecnicos/Exterran-TableRows",
                  "color": "#FFFFFF"
                },
                "subview": {
                  "enabled": true,
                  "viewParams": {
                    "path": {},
                    "tipo": "Compresor",
                    "value": {
                      "Marca_Motor": ""
                    }
                  },
                  "viewPath": "Exterran-Resumen Datos Tecnicos/Subview-Motor"
                },
                "subviewExpansionMode": "single"
              },
              "selection": {
                "enableRowSelection": false
              },
              "style": {
                "borderStyle": "none"
              },
              "virtualized": false
            },
            "scripts": {
              "customMethods": [],
              "extensionFunctions": null,
              "messageHandlers": [
                {
                  "messageType": "mensajito",
                  "pageScope": true,
                  "script": "\t# implement your handler here\n\t\n\tself.custom.reg \u003d payload[\"regionSes\"]\n\tself.custom.pai \u003d payload[\"paisSes\"]\n\tself.custom.dis \u003d payload[\"distritoSes\"]\n\tself.custom.yaci \u003d payload[\"yacimientoSes\"]\n\tself.custom.loca \u003d payload[\"locacionSes\"]\n\tself.custom.activ \u003d payload[\"activodatost\"] # solo para esta pantalla se recibe activo de manera antigua\n\tself.custom.level_var \u003d payload[\"levelvarSes\"]",
                  "sessionScope": false,
                  "viewScope": false
                }
              ]
            },
            "type": "ia.display.table"
          },
          {
            "meta": {
              "name": "Compresor_PieChart"
            },
            "position": {
              "height": "46%",
              "width": "99%",
              "x": "0%",
              "y": "3.5%"
            },
            "propConfig": {
              "props.data": {
                "binding": {
                  "config": {
                    "parameters": {
                      "Activo": "{../Compresor_Table.custom.activ}",
                      "Distrito": "{../Compresor_Table.custom.dis}",
                      "Locacion": "{../Compresor_Table.custom.loca}",
                      "Pais": "{../Compresor_Table.custom.pai}",
                      "Region": "{../Compresor_Table.custom.reg}",
                      "Yacimiento": "{../Compresor_Table.custom.yaci}",
                      "level_var": "{../Compresor_Table.custom.level_var}",
                      "what": "\"Compresor\""
                    },
                    "queryPath": "Queries Tablas/Resumen Datos Tecnicos/RTQP-Resumen-Motor",
                    "returnFormat": "json"
                  },
                  "transforms": [
                    {
                      "code": "# convert the incoming value data\n\ttry:\n\t\tself.meta.visible \u003d True\n\t\theader \u003d [\"Marca_Motor\", \"Cant\"]\n\t\n\t#rango \u003d range(len(value)) # de 0 a 4, si hay 5 filas\n\t\tlist_aux\u003d[]\n\t\tlist_aux.append([value[0][\"Marca_Motor\"], 1])\n\t\t\n\t\tki \u003d 1\n\t\twhile ki \u003c\u003d len(value)-1: #hasta el ultimo del original\n\t\t\tssj \u003d ki\n\t\t\tbuu \u003d 0\n\t\t\texiste \u003d 0\n\t\t\n\t\t\twhile buu \u003c\u003d len(list_aux)-1 and existe \u003d\u003d 0:\n\t\t\t\tif list_aux[buu][0] \u003d\u003d value[ssj][\"Marca_Motor\"]:\n\t\t\t\t\tlist_aux[buu][1] \u003d list_aux[buu][1]+1\n\t\t\t\t\texiste \u003d 1\n\t\t\t\tbuu \u003d buu +1\n\t\t\tif existe \u003d\u003d 0:\n\t\t\t\tlist_aux.append([value[ssj][\"Marca_Motor\"], 1])\n\t\t#END WHILE i\n\t\t\tki \u003d ki + 1\n\t\t# return the results\n\t\tdsds \u003d system.dataset.toDataSet(header, list_aux) \n\t\n\t\n\t\treturn dsds\n\texcept:\n\t\tself.meta.visible \u003d False",
                      "type": "script"
                    }
                  ],
                  "type": "query"
                }
              }
            },
            "props": {
              "colors": [
                "#3366CC",
                "#EC4B3D",
                "#4FC86C",
                "#F6E100",
                "#4499FF",
                "#EC99FF",
                "orange",
                "grey",
                "white",
                "black"
              ],
              "cutoutRadius": 30,
              "labels": {
                "inside": {
                  "enabled": true,
                  "percentLimit": 1,
                  "radius": 60
                },
                "showName": false
              },
              "legend": {
                "fontSize": 15,
                "icon": {
                  "height": 11,
                  "width": 10
                }
              },
              "legendLabelColor": "#FFFFFF",
              "sectionOutline": {
                "color": "#FFFFFF",
                "opacity": 0,
                "width": 1
              },
              "selection": {
                "enabled": true
              },
              "showLegend": false,
              "style": {
                "backgroundColor": "#3e3e3e"
              },
              "threeDimensional": true
            },
            "type": "ia.chart.pie"
          },
          {
            "meta": {
              "name": "Compresor_Title"
            },
            "position": {
              "height": "3%",
              "width": "98%",
              "x": "0.7%",
              "y": "0%"
            },
            "props": {
              "style": {
                "classes": "ResumenDatosTecnicos/Exterran-Style-Label-background\n"
              },
              "text": "Compresor",
              "textStyle": {
                "fontFamily": "sans-serif",
                "fontSize": 14
              }
            },
            "type": "ia.display.label"
          }
        ],
        "meta": {
          "name": "Compresor_Container"
        },
        "position": {
          "height": "90%",
          "width": "24%",
          "x": "25%",
          "y": "9%"
        },
        "type": "ia.container.coord"
      },
      {
        "children": [
          {
            "custom": {
              "activ": "",
              "dis": "",
              "level_var": "",
              "loca": "",
              "pai": "",
              "reg": "",
              "yaci": ""
            },
            "meta": {
              "name": "Cooler_Table"
            },
            "position": {
              "height": "50%",
              "width": "99%",
              "x": "0%",
              "y": "50%"
            },
            "propConfig": {
              "props.data": {
                "binding": {
                  "config": {
                    "parameters": {
                      "Activo": "{this.custom.activ}",
                      "Distrito": "{this.custom.dis}",
                      "Locacion": "{this.custom.loca}",
                      "Pais": "{this.custom.pai}",
                      "Region": "{this.custom.reg}",
                      "Yacimiento": "{this.custom.yaci}",
                      "level_var": "{this.custom.level_var}",
                      "what": "\"Cooler\""
                    },
                    "queryPath": "Queries Tablas/Resumen Datos Tecnicos/RTQP-Resumen-Motor",
                    "returnFormat": "json"
                  },
                  "transforms": [
                    {
                      "code": "\t\n\ttry:\n\t\tself.meta.visible \u003d True\n\t\theader \u003d [\"Marca_Motor\", \"Cant\", \"Color\"]\n\t\n\t#rango \u003d range(len(value)) # de 0 a 4, si hay 5 filas\n\t\tlist_aux\u003d[]\n\t\tlist_aux.append([value[0][\"Marca_Motor\"], 1, str(self.getSibling(\"Cooler_PieChart\").props.colors[0])])\n\t\t\n\t\tki \u003d 1\n\t\twhile ki \u003c\u003d len(value)-1: #hasta el ultimo del original\n\t\t\tssj \u003d ki\n\t\t\tbuu \u003d 0\n\t\t\texiste \u003d 0\n\t\t\n\t\t\twhile buu \u003c\u003d len(list_aux)-1 and existe \u003d\u003d 0:\n\t\t\t\tif list_aux[buu][0] \u003d\u003d value[ssj][\"Marca_Motor\"]:\n\t\t\t\t\tlist_aux[buu][1] \u003d list_aux[buu][1]+1\n\t\t\t\t\texiste \u003d 1\n\t\t\t\tbuu \u003d buu +1\n\t\t\tif existe \u003d\u003d 0:\n\t\t\t\tlist_aux.append([value[ssj][\"Marca_Motor\"], 1, str(self.getSibling(\"Cooler_PieChart\").props.colors[buu])])\n\t\t#END WHILE i\n\t\t\tki \u003d ki + 1\n\t\t# return the results\n\t\t\u0027\u0027\u0027ki \u003d 0\n\t\tfor ki in range(len(list_aux)):\n\t\t\tssj \u003d ki\t\n\t\t\tlist_aux[ssj][2] \u003d str(self.getSibling(\"Motor_PieChart\").props.colors[ssj])\n\t\t\t\n\t\t\u0027\u0027\u0027\t\t\t\n\t\tdsds \u003d system.dataset.toDataSet(header, list_aux) \n\t\t\n\t\t\n\t\n\t\treturn dsds\n\texcept:\n\t\treturn \u0027\u0027\n\t#self.meta.visible \u003d False",
                      "type": "script"
                    }
                  ],
                  "type": "query"
                }
              },
              "props.rows.subview.viewParams.path.ACTIVO": {
                "binding": {
                  "config": {
                    "path": "this.custom.activ"
                  },
                  "type": "property"
                }
              },
              "props.rows.subview.viewParams.path.DISTRITO": {
                "binding": {
                  "config": {
                    "path": "this.custom.dis"
                  },
                  "type": "property"
                }
              },
              "props.rows.subview.viewParams.path.LEVELVAR": {
                "binding": {
                  "config": {
                    "path": "this.custom.level_var"
                  },
                  "type": "property"
                }
              },
              "props.rows.subview.viewParams.path.LOCACION": {
                "binding": {
                  "config": {
                    "path": "this.custom.loca"
                  },
                  "type": "property"
                }
              },
              "props.rows.subview.viewParams.path.PAIS": {
                "binding": {
                  "config": {
                    "path": "this.custom.pai"
                  },
                  "type": "property"
                }
              },
              "props.rows.subview.viewParams.path.REGION": {
                "binding": {
                  "config": {
                    "path": "this.custom.reg"
                  },
                  "type": "property"
                }
              },
              "props.rows.subview.viewParams.path.YACIMIENTO": {
                "binding": {
                  "config": {
                    "path": "this.custom.yaci"
                  },
                  "type": "property"
                }
              }
            },
            "props": {
              "bodyStyle": {
                "classes": "ResumenDatosTecnicos/Exterran-Table-Bodystyle"
              },
              "cells": {
                "style": {
                  "fontFamily": "Roboto"
                }
              },
              "columns": [
                {
                  "align": "center",
                  "boolean": "checkbox",
                  "dateFormat": "MM/DD/YYYY",
                  "editable": false,
                  "field": "Marca_Motor",
                  "footer": {
                    "align": "center",
                    "justify": "left",
                    "style": {
                      "classes": ""
                    },
                    "title": ""
                  },
                  "header": {
                    "align": "center",
                    "justify": "left",
                    "style": {
                      "classes": ""
                    },
                    "title": ""
                  },
                  "justify": "auto",
                  "number": "value",
                  "numberFormat": "0,0.##",
                  "progressBar": {
                    "bar": {
                      "color": "",
                      "style": {
                        "classes": ""
                      }
                    },
                    "max": 100,
                    "min": 0,
                    "track": {
                      "color": "",
                      "style": {
                        "classes": ""
                      }
                    },
                    "value": {
                      "enabled": true,
                      "format": "0,0.##",
                      "justify": "center",
                      "style": {
                        "classes": ""
                      }
                    }
                  },
                  "render": "auto",
                  "resizable": true,
                  "sort": "none",
                  "sortable": true,
                  "strictWidth": false,
                  "style": {
                    "classes": "",
                    "color": "#FFFFFF"
                  },
                  "toggleSwitch": {
                    "color": {
                      "selected": "",
                      "unselected": ""
                    }
                  },
                  "viewParams": {},
                  "viewPath": "",
                  "visible": true,
                  "width": 13
                },
                {
                  "align": "center",
                  "boolean": "checkbox",
                  "dateFormat": "MM/DD/YYYY",
                  "editable": false,
                  "field": "Cant",
                  "footer": {
                    "align": "center",
                    "justify": "left",
                    "style": {
                      "classes": ""
                    },
                    "title": ""
                  },
                  "header": {
                    "align": "center",
                    "justify": "left",
                    "style": {
                      "classes": ""
                    },
                    "title": ""
                  },
                  "justify": "auto",
                  "number": "value",
                  "numberFormat": "0,0.##",
                  "progressBar": {
                    "bar": {
                      "color": "",
                      "style": {
                        "classes": ""
                      }
                    },
                    "max": 100,
                    "min": 0,
                    "track": {
                      "color": "",
                      "style": {
                        "classes": ""
                      }
                    },
                    "value": {
                      "enabled": true,
                      "format": "0,0.##",
                      "justify": "center",
                      "style": {
                        "classes": ""
                      }
                    }
                  },
                  "render": "auto",
                  "resizable": true,
                  "sort": "none",
                  "sortable": true,
                  "strictWidth": false,
                  "style": {
                    "classes": "",
                    "color": "#FFFFFF"
                  },
                  "toggleSwitch": {
                    "color": {
                      "selected": "",
                      "unselected": ""
                    }
                  },
                  "viewParams": {},
                  "viewPath": "",
                  "visible": true,
                  "width": 10
                },
                {
                  "align": "center",
                  "boolean": "checkbox",
                  "dateFormat": "MM/DD/YYYY",
                  "editable": false,
                  "field": "Color",
                  "footer": {
                    "align": "center",
                    "justify": "left",
                    "style": {
                      "classes": ""
                    },
                    "title": ""
                  },
                  "header": {
                    "align": "center",
                    "justify": "left",
                    "style": {
                      "classes": ""
                    },
                    "title": ""
                  },
                  "justify": "auto",
                  "number": "value",
                  "numberFormat": "0,0.##",
                  "progressBar": {
                    "bar": {
                      "color": "",
                      "style": {
                        "classes": ""
                      }
                    },
                    "max": 100,
                    "min": 0,
                    "track": {
                      "color": "",
                      "style": {
                        "classes": ""
                      }
                    },
                    "value": {
                      "enabled": true,
                      "format": "0,0.##",
                      "justify": "center",
                      "style": {
                        "classes": ""
                      }
                    }
                  },
                  "render": "view",
                  "resizable": true,
                  "sort": "none",
                  "sortable": true,
                  "strictWidth": false,
                  "style": {
                    "classes": "",
                    "color": "#FFFFFF"
                  },
                  "toggleSwitch": {
                    "color": {
                      "selected": "",
                      "unselected": ""
                    }
                  },
                  "viewParams": {},
                  "viewPath": "Exterran-Resumen Datos Tecnicos/ColorSubView",
                  "visible": true,
                  "width": 10
                }
              ],
              "emptyMessage": {
                "noData": {
                  "icon": {
                    "color": "#FFFFFF",
                    "path": "material/360"
                  },
                  "text": "Esperando datos...",
                  "textStyle": {
                    "color": "#FFFFFF",
                    "fontFamily": "Roboto",
                    "fontSize": 12
                  }
                },
                "style": {
                  "classes": "PopiedadesTabla/Exterran-Style-EmpityMessagebackground"
                }
              },
              "enableHeader": false,
              "pager": {
                "bottom": false
              },
              "rows": {
                "highlight": {
                  "color": "#1d2124"
                },
                "style": {
                  "classes": "ResumenDatosTecnicos/Exterran-TableRows",
                  "color": "#FFFFFF"
                },
                "subview": {
                  "enabled": true,
                  "viewParams": {
                    "path": {},
                    "tipo": "Cooler",
                    "value": {
                      "Marca_Motor": ""
                    }
                  },
                  "viewPath": "Exterran-Resumen Datos Tecnicos/Subview-Motor"
                },
                "subviewExpansionMode": "single"
              },
              "selection": {
                "enableRowSelection": false
              },
              "style": {
                "borderStyle": "none"
              },
              "virtualized": false
            },
            "scripts": {
              "customMethods": [],
              "extensionFunctions": null,
              "messageHandlers": [
                {
                  "messageType": "mensajito",
                  "pageScope": true,
                  "script": "\tself.custom.reg \u003d payload[\"regionSes\"]\n\tself.custom.pai \u003d payload[\"paisSes\"]\n\tself.custom.dis \u003d payload[\"distritoSes\"]\n\tself.custom.yaci \u003d payload[\"yacimientoSes\"]\n\tself.custom.loca \u003d payload[\"locacionSes\"]\n#\tself.custom.activ \u003d payload[\"activoSes\"]\n\tself.custom.level_var \u003d payload[\"levelvarSes\"]",
                  "sessionScope": false,
                  "viewScope": false
                }
              ]
            },
            "type": "ia.display.table"
          },
          {
            "meta": {
              "name": "Cooler_PieChart"
            },
            "position": {
              "height": "46%",
              "width": "99%",
              "x": "0%",
              "y": "3.5%"
            },
            "propConfig": {
              "props.data": {
                "binding": {
                  "config": {
                    "parameters": {
                      "Activo": "{../Motor_Table.custom.activ}",
                      "Distrito": "{../Motor_Table.custom.dis}",
                      "Locacion": "{../Motor_Table.custom.loca}",
                      "Pais": "{../Motor_Table.custom.pai}",
                      "Region": "{../Motor_Table.custom.reg}",
                      "Yacimiento": "{../Motor_Table.custom.yaci}",
                      "level_var": "{../Motor_Table.custom.level_var}",
                      "what": "\"Cooler\""
                    },
                    "queryPath": "Queries Tablas/Resumen Datos Tecnicos/RTQP-Resumen-Motor",
                    "returnFormat": "json"
                  },
                  "transforms": [
                    {
                      "code": "# convert the incoming value data\n\ttry:\n\t\tself.meta.visible \u003d True\n\t\theader \u003d [\"Marca_Motor\", \"Cant\"]\n\t\n\t#rango \u003d range(len(value)) # de 0 a 4, si hay 5 filas\n\t\tlist_aux\u003d[]\n\t\tlist_aux.append([value[0][\"Marca_Motor\"], 1])\n\t\t\n\t\tki \u003d 1\n\t\twhile ki \u003c\u003d len(value)-1: #hasta el ultimo del original\n\t\t\tssj \u003d ki\n\t\t\tbuu \u003d 0\n\t\t\texiste \u003d 0\n\t\t\n\t\t\twhile buu \u003c\u003d len(list_aux)-1 and existe \u003d\u003d 0:\n\t\t\t\tif list_aux[buu][0] \u003d\u003d value[ssj][\"Marca_Motor\"]:\n\t\t\t\t\tlist_aux[buu][1] \u003d list_aux[buu][1]+1\n\t\t\t\t\texiste \u003d 1\n\t\t\t\tbuu \u003d buu +1\n\t\t\tif existe \u003d\u003d 0:\n\t\t\t\tlist_aux.append([value[ssj][\"Marca_Motor\"], 1])\n\t\t#END WHILE i\n\t\t\tki \u003d ki + 1\n\t\t# return the results\n\t\tdsds \u003d system.dataset.toDataSet(header, list_aux) \n\t\n\t\n\t\treturn dsds\n\texcept:\n\t\tself.meta.visible \u003d False",
                      "type": "script"
                    }
                  ],
                  "type": "query"
                }
              }
            },
            "props": {
              "colors": [
                "#3366CC",
                "#EC4B3D",
                "#4FC86C",
                "#F6E100",
                "#4499FF",
                "#EC99FF",
                "orange",
                "grey",
                "white",
                "black"
              ],
              "cutoutRadius": "30%",
              "labels": {
                "bent": true,
                "inside": {
                  "enabled": true,
                  "percentLimit": 1,
                  "radius": 60
                },
                "showName": false
              },
              "legend": {
                "fontSize": 15,
                "icon": {
                  "height": 11,
                  "width": 10
                }
              },
              "legendLabelColor": "#FFFFFF",
              "sectionOutline": {
                "color": "#FFFFFF",
                "opacity": 0,
                "width": 1
              },
              "selection": {
                "enabled": true
              },
              "style": {
                "backgroundColor": "#3e3e3e"
              },
              "threeDimensional": true
            },
            "type": "ia.chart.pie"
          },
          {
            "meta": {
              "name": "Cooler_Title"
            },
            "position": {
              "height": "3%",
              "width": "98%",
              "x": "0.7%",
              "y": "0%"
            },
            "props": {
              "style": {
                "classes": "ResumenDatosTecnicos/Exterran-Style-Label-background\n"
              },
              "text": "Cooler",
              "textStyle": {
                "fontFamily": "sans-serif",
                "fontSize": 14
              }
            },
            "type": "ia.display.label"
          }
        ],
        "meta": {
          "name": "Cooler_Container"
        },
        "position": {
          "height": "90%",
          "width": "24%",
          "x": "50%",
          "y": "9%"
        },
        "propConfig": {
          "meta.visible": {
            "binding": {
              "config": {
                "path": "./Cooler_Table.props.data"
              },
              "enabled": false,
              "transforms": [
                {
                  "code": "\tif  value.getRowCount() \u003c2:\n\t\treturn False\n\telse:\n\t\treturn True",
                  "type": "script"
                }
              ],
              "type": "property"
            }
          }
        },
        "type": "ia.container.coord"
      },
      {
        "children": [
          {
            "meta": {
              "name": "Panel de control_Title"
            },
            "position": {
              "height": "3%",
              "width": "98%",
              "x": "0.7%",
              "y": "0%"
            },
            "props": {
              "style": {
                "classes": "ResumenDatosTecnicos/Exterran-Style-Label-background\n"
              },
              "text": "Panel de control",
              "textStyle": {
                "fontFamily": "sans-serif",
                "fontSize": 14
              }
            },
            "type": "ia.display.label"
          },
          {
            "meta": {
              "name": "PaneldeControl_PieChart"
            },
            "position": {
              "height": "46%",
              "width": "99%",
              "x": "0%",
              "y": "3.5%"
            },
            "propConfig": {
              "props.data": {
                "binding": {
                  "config": {
                    "parameters": {
                      "Activo": "{../PaneldeControl_Table.custom.activ}",
                      "Distrito": "{../PaneldeControl_Table.custom.dis}",
                      "Locacion": "{../PaneldeControl_Table.custom.loca}",
                      "Pais": "{../PaneldeControl_Table.custom.pai}",
                      "Region": "{../PaneldeControl_Table.custom.reg}",
                      "Yacimiento": "{../PaneldeControl_Table.custom.yaci}",
                      "level_var": "{../PaneldeControl_Table.custom.level_var}",
                      "what": "\"Controlador\""
                    },
                    "queryPath": "Queries Tablas/Resumen Datos Tecnicos/RTQP-Resumen-Motor",
                    "returnFormat": "json"
                  },
                  "transforms": [
                    {
                      "code": "# convert the incoming value data\n\ttry:\n\t\tself.meta.visible \u003d True\n\t\theader \u003d [\"Marca_Motor\", \"Cant\"]\n\t\n\t#rango \u003d range(len(value)) # de 0 a 4, si hay 5 filas\n\t\tlist_aux\u003d[]\n\t\tlist_aux.append([value[0][\"Marca_Motor\"], 1])\n\t\t\n\t\tki \u003d 1\n\t\twhile ki \u003c\u003d len(value)-1: #hasta el ultimo del original\n\t\t\tssj \u003d ki\n\t\t\tbuu \u003d 0\n\t\t\texiste \u003d 0\n\t\t\n\t\t\twhile buu \u003c\u003d len(list_aux)-1 and existe \u003d\u003d 0:\n\t\t\t\tif list_aux[buu][0] \u003d\u003d value[ssj][\"Marca_Motor\"]:\n\t\t\t\t\tlist_aux[buu][1] \u003d list_aux[buu][1]+1\n\t\t\t\t\texiste \u003d 1\n\t\t\t\tbuu \u003d buu +1\n\t\t\tif existe \u003d\u003d 0:\n\t\t\t\tlist_aux.append([value[ssj][\"Marca_Motor\"], 1])\n\t\t#END WHILE i\n\t\t\tki \u003d ki + 1\n\t\t# return the results\n\t\tdsds \u003d system.dataset.toDataSet(header, list_aux) \n\t\n\t\n\t\treturn dsds\n\texcept:\n\t\tself.meta.visible \u003d False",
                      "type": "script"
                    }
                  ],
                  "type": "query"
                }
              }
            },
            "props": {
              "colors": [
                "#3366CC",
                "#EC4B3D",
                "#4FC86C",
                "#F6E100",
                "#4499FF",
                "#EC99FF",
                "orange",
                "grey",
                "white",
                "black"
              ],
              "cutoutRadius": 30,
              "labels": {
                "bent": true,
                "inside": {
                  "enabled": true,
                  "percentLimit": 1,
                  "radius": 60
                },
                "showName": false
              },
              "legend": {
                "fontSize": 15,
                "icon": {
                  "height": 11,
                  "width": 10
                }
              },
              "legendLabelColor": "#FFFFFF",
              "sectionOutline": {
                "color": "#FFFFFF",
                "opacity": 0,
                "width": 1
              },
              "selection": {
                "enabled": true
              },
              "showLegend": false,
              "style": {
                "backgroundColor": "#3e3e3e"
              },
              "threeDimensional": true
            },
            "type": "ia.chart.pie"
          },
          {
            "custom": {
              "activ": "em.Path LIKE \u0027\\%\u0027",
              "dis": "em.Path LIKE \u0027\\%\u0027",
              "level_var": 0,
              "loca": "em.Path LIKE \u0027\\%\u0027",
              "pai": "em.Path LIKE \u0027\\%\u0027",
              "reg": "em.Path LIKE \u0027\\%\u0027",
              "yaci": "em.Path LIKE \u0027\\%\u0027"
            },
            "events": {
              "system": {
                "onStartup": {
                  "config": {
                    "script": "\tsystem.perspective.sendMessage(messageType\u003d\u0027status\u0027, payload\u003d{\u0027test\u0027:\"andando\"}, scope\u003d\u0027page\u0027)"
                  },
                  "scope": "G",
                  "type": "script"
                }
              }
            },
            "meta": {
              "name": "PaneldeControl_Table"
            },
            "position": {
              "height": "50%",
              "width": "99%",
              "x": "0%",
              "y": "50%"
            },
            "propConfig": {
              "props.data": {
                "binding": {
                  "config": {
                    "parameters": {
                      "Activo": "{this.custom.activ}",
                      "Distrito": "{this.custom.dis}",
                      "Locacion": "{this.custom.loca}",
                      "Pais": "{this.custom.pai}",
                      "Region": "{this.custom.reg}",
                      "Yacimiento": "{this.custom.yaci}",
                      "level_var": "{this.custom.level_var}",
                      "what": "\"Controlador\""
                    },
                    "queryPath": "Queries Tablas/Resumen Datos Tecnicos/RTQP-Resumen-Motor",
                    "returnFormat": "json"
                  },
                  "transforms": [
                    {
                      "code": "# convert the incoming value data\n\ttry:\n\t\tself.meta.visible \u003d True\n\t\theader \u003d [\"Marca_Motor\", \"Cant\", \"Color\"]\n\t\n\t#rango \u003d range(len(value)) # de 0 a 4, si hay 5 filas\n\t\tlist_aux\u003d[]\n\t\tlist_aux.append([value[0][\"Marca_Motor\"], 1, str(self.getSibling(\"PaneldeControl_PieChart\").props.colors[0])])\n\t\t\n\t\tki \u003d 1\n\t\twhile ki \u003c\u003d len(value)-1: #hasta el ultimo del original\n\t\t\tssj \u003d ki\n\t\t\tbuu \u003d 0\n\t\t\texiste \u003d 0\n\t\t\n\t\t\twhile buu \u003c\u003d len(list_aux)-1 and existe \u003d\u003d 0:\n\t\t\t\tif list_aux[buu][0] \u003d\u003d value[ssj][\"Marca_Motor\"]:\n\t\t\t\t\tlist_aux[buu][1] \u003d list_aux[buu][1]+1\n\t\t\t\t\texiste \u003d 1\n\t\t\t\tbuu \u003d buu +1\n\t\t\tif existe \u003d\u003d 0:\n\t\t\t\tlist_aux.append([value[ssj][\"Marca_Motor\"], 1, str(self.getSibling(\"PaneldeControl_PieChart\").props.colors[buu])])\n\t\t#END WHILE i\n\t\t\tki \u003d ki + 1\n\t\t# return the results\n\t\t\u0027\u0027\u0027ki \u003d 0\n\t\tfor ki in range(len(list_aux)):\n\t\t\tssj \u003d ki\t\n\t\t\tlist_aux[ssj][2] \u003d str(self.getSibling(\"Motor_PieChart\").props.colors[ssj])\n\t\t\t\n\t\t\u0027\u0027\u0027\t\t\t\n\t\tdsds \u003d system.dataset.toDataSet(header, list_aux) \n\t\t\n\t\t\n\t\n\t\treturn dsds\n\texcept:\n\t\tself.meta.visible \u003d False",
                      "type": "script"
                    }
                  ],
                  "type": "query"
                }
              },
              "props.rows.subview.viewParams.path.ACTIVO": {
                "binding": {
                  "config": {
                    "path": "this.custom.activ"
                  },
                  "type": "property"
                }
              },
              "props.rows.subview.viewParams.path.DISTRITO": {
                "binding": {
                  "config": {
                    "path": "this.custom.dis"
                  },
                  "type": "property"
                }
              },
              "props.rows.subview.viewParams.path.LEVELVAR": {
                "binding": {
                  "config": {
                    "path": "this.custom.level_var"
                  },
                  "type": "property"
                }
              },
              "props.rows.subview.viewParams.path.LOCACION": {
                "binding": {
                  "config": {
                    "path": "this.custom.loca"
                  },
                  "type": "property"
                }
              },
              "props.rows.subview.viewParams.path.PAIS": {
                "binding": {
                  "config": {
                    "path": "this.custom.pai"
                  },
                  "type": "property"
                }
              },
              "props.rows.subview.viewParams.path.REGION": {
                "binding": {
                  "config": {
                    "path": "this.custom.reg"
                  },
                  "type": "property"
                }
              },
              "props.rows.subview.viewParams.path.YACIMIENTO": {
                "binding": {
                  "config": {
                    "path": "this.custom.yaci"
                  },
                  "type": "property"
                }
              }
            },
            "props": {
              "bodyStyle": {
                "classes": "ResumenDatosTecnicos/Exterran-Table-Bodystyle"
              },
              "cells": {
                "style": {
                  "fontFamily": "Roboto"
                }
              },
              "columns": [
                {
                  "align": "center",
                  "boolean": "checkbox",
                  "dateFormat": "MM/DD/YYYY",
                  "editable": false,
                  "field": "Marca_Motor",
                  "footer": {
                    "align": "center",
                    "justify": "left",
                    "style": {
                      "classes": ""
                    },
                    "title": ""
                  },
                  "header": {
                    "align": "center",
                    "justify": "left",
                    "style": {
                      "classes": ""
                    },
                    "title": ""
                  },
                  "justify": "auto",
                  "number": "value",
                  "numberFormat": "0,0.##",
                  "progressBar": {
                    "bar": {
                      "color": "",
                      "style": {
                        "classes": ""
                      }
                    },
                    "max": 100,
                    "min": 0,
                    "track": {
                      "color": "",
                      "style": {
                        "classes": ""
                      }
                    },
                    "value": {
                      "enabled": true,
                      "format": "0,0.##",
                      "justify": "center",
                      "style": {
                        "classes": ""
                      }
                    }
                  },
                  "render": "auto",
                  "resizable": true,
                  "sort": "none",
                  "sortable": true,
                  "strictWidth": false,
                  "style": {
                    "classes": "",
                    "color": "#FFFFFF"
                  },
                  "toggleSwitch": {
                    "color": {
                      "selected": "",
                      "unselected": ""
                    }
                  },
                  "viewParams": {},
                  "viewPath": "",
                  "visible": true,
                  "width": 13
                },
                {
                  "align": "center",
                  "boolean": "checkbox",
                  "dateFormat": "MM/DD/YYYY",
                  "editable": false,
                  "field": "Cant",
                  "footer": {
                    "align": "center",
                    "justify": "left",
                    "style": {
                      "classes": ""
                    },
                    "title": ""
                  },
                  "header": {
                    "align": "center",
                    "justify": "left",
                    "style": {
                      "classes": ""
                    },
                    "title": ""
                  },
                  "justify": "auto",
                  "number": "value",
                  "numberFormat": "0,0.##",
                  "progressBar": {
                    "bar": {
                      "color": "",
                      "style": {
                        "classes": ""
                      }
                    },
                    "max": 100,
                    "min": 0,
                    "track": {
                      "color": "",
                      "style": {
                        "classes": ""
                      }
                    },
                    "value": {
                      "enabled": true,
                      "format": "0,0.##",
                      "justify": "center",
                      "style": {
                        "classes": ""
                      }
                    }
                  },
                  "render": "auto",
                  "resizable": true,
                  "sort": "none",
                  "sortable": true,
                  "strictWidth": false,
                  "style": {
                    "classes": "",
                    "color": "#FFFFFF"
                  },
                  "toggleSwitch": {
                    "color": {
                      "selected": "",
                      "unselected": ""
                    }
                  },
                  "viewParams": {},
                  "viewPath": "",
                  "visible": true,
                  "width": 10
                },
                {
                  "align": "center",
                  "boolean": "checkbox",
                  "dateFormat": "MM/DD/YYYY",
                  "editable": false,
                  "field": "Color",
                  "footer": {
                    "align": "center",
                    "justify": "left",
                    "style": {
                      "classes": ""
                    },
                    "title": ""
                  },
                  "header": {
                    "align": "center",
                    "justify": "left",
                    "style": {
                      "classes": ""
                    },
                    "title": ""
                  },
                  "justify": "auto",
                  "number": "value",
                  "numberFormat": "0,0.##",
                  "progressBar": {
                    "bar": {
                      "color": "",
                      "style": {
                        "classes": ""
                      }
                    },
                    "max": 100,
                    "min": 0,
                    "track": {
                      "color": "",
                      "style": {
                        "classes": ""
                      }
                    },
                    "value": {
                      "enabled": true,
                      "format": "0,0.##",
                      "justify": "center",
                      "style": {
                        "classes": ""
                      }
                    }
                  },
                  "render": "view",
                  "resizable": true,
                  "sort": "none",
                  "sortable": true,
                  "strictWidth": false,
                  "style": {
                    "classes": "",
                    "color": "#FFFFFF"
                  },
                  "toggleSwitch": {
                    "color": {
                      "selected": "",
                      "unselected": ""
                    }
                  },
                  "viewParams": {},
                  "viewPath": "Exterran-Resumen Datos Tecnicos/ColorSubView",
                  "visible": true,
                  "width": 10
                }
              ],
              "emptyMessage": {
                "noData": {
                  "icon": {
                    "color": "#FFFFFF",
                    "path": "material/360",
                    "style": {
                      "backgroundColor": "303030"
                    }
                  },
                  "text": "Esperando datos...",
                  "textStyle": {
                    "color": "#FFFFFF",
                    "fontFamily": "Roboto",
                    "fontSize": 12
                  }
                },
                "style": {
                  "classes": "PopiedadesTabla/Exterran-Style-EmpityMessagebackground"
                }
              },
              "enableHeader": false,
              "pager": {
                "bottom": false
              },
              "rows": {
                "highlight": {
                  "color": "#1d2124"
                },
                "style": {
                  "classes": "ResumenDatosTecnicos/Exterran-TableRows",
                  "color": "#FFFFFF"
                },
                "subview": {
                  "enabled": true,
                  "viewParams": {
                    "path": {},
                    "tipo": "Controlador",
                    "value": {
                      "Marca_Motor": ""
                    }
                  },
                  "viewPath": "Exterran-Resumen Datos Tecnicos/Subview-Motor"
                },
                "subviewExpansionMode": "single"
              },
              "selection": {
                "enableRowSelection": false
              },
              "style": {
                "borderStyle": "none"
              },
              "virtualized": false
            },
            "scripts": {
              "customMethods": [],
              "extensionFunctions": null,
              "messageHandlers": [
                {
                  "messageType": "mensajito",
                  "pageScope": true,
                  "script": "\tself.custom.reg \u003d payload[\"regionSes\"]\n\tself.custom.pai \u003d payload[\"paisSes\"]\n\tself.custom.dis \u003d payload[\"distritoSes\"]\n\tself.custom.yaci \u003d payload[\"yacimientoSes\"]\n\tself.custom.loca \u003d payload[\"locacionSes\"]\n\tself.custom.activ \u003d payload[\"activodatost\"] # solo para esta pantalla se recibe activo de manera antigua\n\tself.custom.level_var \u003d payload[\"levelvarSes\"]\n\t",
                  "sessionScope": false,
                  "viewScope": false
                }
              ]
            },
            "type": "ia.display.table"
          }
        ],
        "meta": {
          "name": "Panel de control_Container",
          "visible": "True"
        },
        "position": {
          "height": "90%",
          "width": "24%",
          "x": "75%",
          "y": "9%"
        },
        "type": "ia.container.coord"
      }
    ],
    "meta": {
      "name": "root"
    },
    "position": {
      "x": 225,
      "y": -39
    },
    "props": {
      "style": {
        "classes": "Exterran-Style-FondoGeneral"
      }
    },
    "type": "ia.container.coord"
  }
}