{
  "custom": {},
  "params": {},
  "props": {
    "defaultSize": {
      "height": 18,
      "width": 84
    }
  },
  "root": {
    "children": [
      {
        "meta": {
          "name": "Label"
        },
        "position": {
          "height": 16,
          "width": 50,
          "x": "20%",
          "y": "6%"
        },
        "props": {
          "alignVertical": "top",
          "style": {
            "backgroundColor": "#007BFF",
            "borderBottomColor": "#000000",
            "borderBottomLeftRadius": 5,
            "borderBottomRightRadius": 5,
            "borderBottomStyle": "solid",
            "borderBottomWidth": 1,
            "borderLeftColor": "#000000",
            "borderLeftStyle": "solid",
            "borderLeftWidth": 1,
            "borderRightColor": "#000000",
            "borderRightStyle": "solid",
            "borderRightWidth": 1,
            "borderTopColor": "#000000",
            "borderTopLeftRadius": 5,
            "borderTopRightRadius": 5,
            "borderTopStyle": "solid",
            "borderTopWidth": 1,
            "textAlign": "center"
          },
          "text": "Agregar",
          "textStyle": {
            "color": "#FFFFFF",
            "fontFamily": "sans-serif",
            "fontSize": 12,
            "textAlign": "center"
          }
        },
        "type": "ia.display.label"
      }
    ],
    "meta": {
      "name": "root"
    },
    "type": "ia.container.coord"
  }
}