{
  "custom": {},
  "params": {
    "mensaje": ""
  },
  "propConfig": {
    "params.mensaje": {
      "paramDirection": "input",
      "persistent": true
    }
  },
  "props": {
    "defaultSize": {
      "height": 157,
      "width": 352
    }
  },
  "root": {
    "children": [
      {
        "meta": {
          "name": "Label"
        },
        "position": {
          "height": 32,
          "width": 282,
          "x": 7,
          "y": 10.5
        },
        "propConfig": {
          "props.text": {
            "binding": {
              "config": {
                "path": "view.params.mensaje"
              },
              "type": "property"
            }
          }
        },
        "props": {
          "textStyle": {
            "color": "#FFFFFF",
            "fontFamily": "Roboto",
            "fontSize": 12
          }
        },
        "type": "ia.display.label"
      },
      {
        "meta": {
          "name": "Image"
        },
        "position": {
          "height": 47,
          "width": 44,
          "x": 81,
          "y": 57
        },
        "props": {
          "fit": {
            "mode": "fill"
          },
          "source": "/system/images/Exterran/loading3.gif"
        },
        "type": "ia.display.image"
      }
    ],
    "meta": {
      "name": "root"
    },
    "props": {
      "style": {
        "backgroundColor": "#454d55"
      }
    },
    "type": "ia.container.coord"
  }
}