{
  "custom": {},
  "params": {},
  "permissions": {
    "securityLevels": [],
    "type": "AllOf"
  },
  "props": {
    "defaultSize": {
      "height": 768,
      "width": 1366
    }
  },
  "root": {
    "children": [
      {
        "meta": {
          "name": "DatosTablaAExcel",
          "visible": false
        },
        "position": {
          "height": 11.98,
          "width": 13.96,
          "x": 8.02
        },
        "propConfig": {
          "props.text": {
            "binding": {
              "config": {
                "path": "../Table.props.data"
              },
              "transforms": [
                {
                  "code": "\tif self.getSibling(\"Table\").props.data \u003c\u003e \u00270\u0027:\n\t\tself.session.custom.ExcelDatos \u003d self.getSibling(\"Table\").props.data\n\treturn value",
                  "type": "script"
                }
              ],
              "type": "property"
            }
          }
        },
        "type": "ia.display.label"
      },
      {
        "meta": {
          "name": "Titulo"
        },
        "position": {
          "height": 32.01,
          "width": 454.97,
          "x": "1%",
          "y": 18
        },
        "props": {
          "text": "Log Paros",
          "textStyle": {
            "classes": "Exterran-Style-TextoFuenteLabel",
            "fontFamily": "sans-serif",
            "fontSize": 26
          }
        },
        "type": "ia.display.label"
      },
      {
        "events": {
          "dom": {
            "onClick": {
              "config": {
                "script": "\tself.getSibling(\"HideButton\").custom.booleano \u003d not(self.getSibling(\"HideButton\").custom.booleano)"
              },
              "scope": "G",
              "type": "script"
            }
          }
        },
        "meta": {
          "name": "SubTitulo"
        },
        "position": {
          "height": 32.01,
          "width": 130.02,
          "x": "1%",
          "y": 71
        },
        "props": {
          "text": "Todos los Filtros",
          "textStyle": {
            "classes": "Exterran-Style-TextoFuenteLabel",
            "fontFamily": "sans-serif",
            "fontSize": "14px"
          }
        },
        "type": "ia.display.label"
      },
      {
        "custom": {
          "Booleano": "1"
        },
        "meta": {
          "name": "FechaHora-Hasta"
        },
        "position": {
          "height": 32.01,
          "width": 300.05,
          "x": 400,
          "y": 150.02
        },
        "propConfig": {
          "custom.auxValue": {
            "binding": {
              "config": {
                "path": "this.props.value"
              },
              "transforms": [
                {
                  "code": "\tif self.props.value is None:\n\t\tself.props.formattedValue \u003d \"\u0027*\u0027\"\n\telse:\n\t\tx \u003d value\n\treturn x",
                  "type": "script"
                }
              ],
              "type": "property"
            }
          },
          "meta.visible": {
            "binding": {
              "config": {
                "path": "../HideButton.custom.booleano"
              },
              "type": "property"
            }
          }
        },
        "props": {
          "format": "DD-MMM-YYYY HH:mm",
          "formattedValue": "24-Jan-2023 10:17",
          "inputProps": {
            "style": {
              "classes": "Exterran-Style-DateInput",
              "fontSize": 14,
              "textAlign": "start"
            }
          },
          "placeholder": "",
          "style": {
            "fontFamily": "sans-serif"
          },
          "value": {
            "$": [
              "ts",
              192,
              1674566273151
            ],
            "$ts": 1674566273151
          }
        },
        "type": "ia.input.date-time-input"
      },
      {
        "custom": {
          "Booleano": false
        },
        "meta": {
          "name": "FechaHora-desde"
        },
        "position": {
          "height": 32.01,
          "width": 300.05,
          "x": 20,
          "y": 150.02
        },
        "propConfig": {
          "meta.visible": {
            "binding": {
              "config": {
                "path": "../HideButton.custom.booleano"
              },
              "type": "property"
            }
          }
        },
        "props": {
          "format": "DD-MMM-YYYY HH:mm",
          "formattedValue": "24-Jan-2023 09:47",
          "inputProps": {
            "style": {
              "classes": "Exterran-Style-DateInput",
              "fontSize": 14,
              "textAlign": "start"
            }
          },
          "placeholder": "Ingrese Fecha inicial",
          "style": {
            "fontFamily": "sans-serif"
          },
          "value": {
            "$": [
              "ts",
              192,
              1674566273151
            ],
            "$ts": 1674564473151
          }
        },
        "type": "ia.input.date-time-input"
      },
      {
        "events": {
          "dom": {
            "onClick": {
              "config": {
                "script": "\tself.getSibling(\"IniciarBusqueda\").custom.endTime \u003d \"*\"\n\tself.getSibling(\"IniciarBusqueda\").custom.stTime \u003d \"*-30m\"\n\tself.getSibling(\"FechaHora-Hasta\").props.value \u003d system.date.now()\n\tself.getSibling(\"FechaHora-desde\").props.value \u003d system.date.addMinutes(system.date.now(), -30)\n\t#self.getSibling(\"Todas Las Alarmas\").props.selected \u003d True"
              },
              "scope": "G",
              "type": "script"
            }
          }
        },
        "meta": {
          "name": "ReiniciarFiltros"
        },
        "position": {
          "height": 31.02,
          "width": 130.02,
          "x": 900,
          "y": 150
        },
        "propConfig": {
          "meta.visible": {
            "binding": {
              "config": {
                "path": "../HideButton.custom.booleano"
              },
              "type": "property"
            }
          }
        },
        "props": {
          "style": {
            "backgroundColor": "#f39c12"
          },
          "text": "Reiniciar filtros",
          "textStyle": {
            "fontFamily": "sans-serif",
            "fontSize": 13
          }
        },
        "type": "ia.input.button"
      },
      {
        "custom": {
          "endTime": "*",
          "offset": 3,
          "stTime": "*-30m"
        },
        "events": {
          "dom": {
            "onClick": {
              "config": {
                "script": "#\tactual \u003d system.date.now() \n#\toffset\u003d  system.date.getTimezoneOffset()\n\tself.props.style.backgroundColor \u003d \u0027grey\u0027\n\tif self.getSibling(\"FechaHora-desde\").props.formattedValue is None:\n\t\tastTime \u003d \"\u0027*-30m\u0027\"\n\telse:\n\t\t#astTime \u003d self.getSibling(\"FechaHora-desde\").props.formattedValue\n\t\tvValue \u003d self.getSibling(\"FechaHora-desde\").props.value\n\t\taux \u003d system.date.addHours(vValue, -1*int(system.date.getTimezoneRawOffset()))\n\t\taux2 \u003d system.date.addHours(system.date.parse(aux), int(system.date.getTimezoneRawOffset())) #que hora es en el server fValue\n\t\tastTime \u003d system.db.dateFormat(aux2, \"yyyy-MM-dd HH:mm:ss\")\n\n\tif self.getSibling(\"FechaHora-Hasta\").props.formattedValue is None:\n\t\t\taendTime \u003d \"\u0027*\u0027\"\n\telse:\n\t\t#fValue \u003d self.getSibling(\"FechaHora-Hasta\").props.formattedValue\n\t\tvValue \u003d self.getSibling(\"FechaHora-Hasta\").props.value\n\t\taux \u003d system.date.addHours(vValue, -1*int(system.date.getTimezoneRawOffset()))\n\t\taux2 \u003d system.date.addHours(system.date.parse(aux), int(system.date.getTimezoneRawOffset())) #que hora es en el server fValue\n\t\taendTime \u003d system.db.dateFormat(aux2, \"YYYY-MM-dd HH:mm:ss\")\n\n\t#self.custom.offset \u003d system.date.getTimezoneOffset() #las horas de diferencia a UTC\n\n\tself.custom.stTime \u003d astTime\n\tself.custom.endTime \u003d aendTime\n\t\n\tvVal \u003d system.date.parse(system.db.dateFormat(self.getSibling(\"FechaHora-desde\").props.value, \"dd-MMM-yyyy HH:mm\"), \"dd-MMM-yyyy HH:mm\")\n\taux \u003d system.date.parse(self.getSibling(\"FechaHora-desde\").props.formattedValue, \"dd-MMM-yyyy HH:mm\")\n\tsystem.perspective.print(\"OFFSET\u003d\" + str(system.date.hoursBetween(vVal, aux)))\n\tself.custom.offset \u003d system.date.hoursBetween(vVal, aux)\n\t\n\tfechaHasta \u003d self.getSibling(\"FechaHora-Hasta\").props.value\n\tfechaDesde \u003d self.getSibling(\"FechaHora-desde\").props.value"
              },
              "scope": "G",
              "type": "script"
            }
          }
        },
        "meta": {
          "name": "IniciarBusqueda"
        },
        "position": {
          "height": 31.02,
          "rotate": {
            "anchor": "75% 89%"
          },
          "width": 130.02,
          "x": 750,
          "y": 150.02
        },
        "propConfig": {
          "meta.visible": {
            "binding": {
              "config": {
                "path": "../HideButton.custom.booleano"
              },
              "type": "property"
            }
          }
        },
        "props": {
          "style": {
            "backgroundColor": "#00bc8c"
          },
          "text": "Iniciar Búsqueda",
          "textStyle": {
            "fontFamily": "sans-serif",
            "fontSize": 13
          }
        },
        "type": "ia.input.button"
      },
      {
        "children": [
          {
            "events": {
              "dom": {
                "onMouseEnter": {
                  "config": {
                    "script": "\tself.props.style.color\u003d \"#3496FF\""
                  },
                  "scope": "G",
                  "type": "script"
                },
                "onMouseLeave": {
                  "config": {
                    "script": "\tself.props.style.color\u003d \"#007BFF\""
                  },
                  "scope": "G",
                  "type": "script"
                }
              }
            },
            "meta": {
              "name": "HomeLink"
            },
            "position": {
              "basis": "49px"
            },
            "props": {
              "style": {
                "classes": "Exterran-NavLinkStyleHome",
                "color": "#007BFF"
              },
              "target": "self",
              "text": "Home ",
              "url": "/"
            },
            "type": "ia.navigation.link"
          },
          {
            "meta": {
              "name": "Log Paros"
            },
            "position": {
              "basis": "180px"
            },
            "props": {
              "alignVertical": "bottom",
              "style": {
                "classes": "Exterran-NavLinkStyle"
              },
              "text": "/  Log Paros"
            },
            "type": "ia.display.label"
          }
        ],
        "meta": {
          "name": "RutaNav"
        },
        "position": {
          "height": 20,
          "width": 250,
          "y": "2%"
        },
        "propConfig": {
          "position.x": {
            "binding": {
              "config": {
                "path": "page.props.dimensions.primaryView.width"
              },
              "transforms": [
                {
                  "code": "\treturn value-250",
                  "type": "script"
                }
              ],
              "type": "property"
            }
          }
        },
        "type": "ia.container.flex"
      },
      {
        "meta": {
          "name": "Fecha-DesdeHasta_0"
        },
        "position": {
          "height": 32.000000000000014,
          "width": 295,
          "x": 20,
          "y": 118.015625
        },
        "props": {
          "text": "Fecha: Desde/Hasta",
          "textStyle": {
            "color": "#FFFFFF",
            "fontFamily": "sans-serif",
            "fontSize": "14px"
          }
        },
        "type": "ia.display.label"
      },
      {
        "meta": {
          "name": "Hora-DesdeHasta_0"
        },
        "position": {
          "height": 32,
          "width": 298,
          "x": 402,
          "y": 118.015625
        },
        "props": {
          "text": "Hora: Desde/Hasta",
          "textStyle": {
            "color": "#FFFFFF",
            "fontFamily": "sans-serif",
            "fontSize": "14px"
          }
        },
        "type": "ia.display.label"
      },
      {
        "custom": {
          "ACTIVO": "em.Path LIKE \u0027\\%\u0027",
          "DISTRITO": "em.Path LIKE \u0027\\%\u0027",
          "LEVELVAR": 0,
          "LOCACION": "em.Path LIKE \u0027\\%\u0027",
          "PAIS": "em.Path LIKE \u0027\\%\u0027",
          "REGION": "em.Path LIKE \u0027\\%\u0027",
          "YACIMIENTO": "em.Path LIKE \u0027\\%\u0027"
        },
        "events": {
          "component": {
            "onRowClick": [
              {
                "config": {
                  "script": "\tif self.props.selection.selectedColumn \u003d\u003d \u0027ACTIVO\u0027:\n\t\tx \u003d str(self.props.selection.data[0][\"ACTIVO\"])\n\t\ty \u003d str(\u0027Resumen de Activo\u0027)\n\t\tsystem.perspective.navigate(\u0027/ResumenActivo/\u0027+ x +\u0027/\u0027+y, newTab\u003dTrue)"
                },
                "scope": "G",
                "type": "script"
              },
              {
                "config": {
                  "script": "\tif self.props.selection.selectedColumn \u003d\u003d \u0027TotalParos\u0027:\n\t\tsystem.perspective.openPopup(\"popuplogparos\",\u0027Exterran-LogParos/LogParosPopUp\u0027, params \u003d {\u0027ACTIVO\u0027:self.props.selection.data[0].ACTIVO,\u0027myParam2\u0027:\u0027Test\u0027}, showCloseIcon \u003d True, resizable \u003d True, title \u003d \u0027Detalle del Paro\u0027, modal \u003d True)\n#system.perspective.openPopup(\"myPopupId\",\u0027folder/myView\u0027, params \u003d {\u0027myParam\u0027:1,\u0027myParam2\u0027:\u0027Test\u0027}, showCloseIcon \u003d False, resizable \u003d True)\n#params \u003d {\u0027myParam\u0027 \u003d meter element id de la row cuando clickea}"
                },
                "scope": "G",
                "type": "script"
              }
            ]
          },
          "system": {
            "onStartup": {
              "config": {
                "script": "\tsystem.perspective.sendMessage(messageType\u003d\u0027status\u0027, payload\u003d{\u0027test\u0027:\"andando\"}, scope\u003d\u0027page\u0027)"
              },
              "scope": "G",
              "type": "script"
            }
          }
        },
        "meta": {
          "name": "Table"
        },
        "position": {
          "width": "97%",
          "x": 13.66
        },
        "propConfig": {
          "custom.ActivoDetalle": {
            "binding": {
              "config": {
                "path": "this.props.selection.data"
              },
              "type": "property"
            }
          },
          "custom.PopUp_ElementID": {
            "binding": {
              "config": {
                "path": "../Table.props.selection.data[0].ElementID"
              },
              "type": "property"
            }
          },
          "position.height": {
            "binding": {
              "config": {
                "path": "page.props.dimensions.primaryView.height"
              },
              "transforms": [
                {
                  "code": "\treturn value-self.position.y",
                  "type": "script"
                }
              ],
              "type": "property"
            }
          },
          "position.y": {
            "binding": {
              "config": {
                "path": "../HideButton.custom.booleano"
              },
              "transforms": [
                {
                  "code": "\tif self.getSibling(\"HideButton\").custom.booleano \u003d\u003d 1:\n\t\tx \u003d 210\n\telse:\n\t\tx \u003d 120\n\tself.position.height \u003d self.page.props.dimensions.primaryView.height - x\n\treturn x",
                  "type": "script"
                }
              ],
              "type": "property"
            }
          },
          "props.data": {
            "binding": {
              "config": {
                "designerUseLimit": false,
                "enableValueCache": false,
                "parameters": {
                  "Activo": "replace({this.custom.ACTIVO},\"em.Path\",\"Path\")",
                  "Distrito": "replace({this.custom.DISTRITO},\"em.Path\",\"Path\")",
                  "Locacion": "replace({this.custom.LOCACION},\"em.Path\",\"Path\")",
                  "Pais": "replace({this.custom.PAIS},\"em.Path\",\"Path\")",
                  "Region": "replace({this.custom.REGION},\"em.Path\",\"Path\")",
                  "Yacimiento": "replace({this.custom.YACIMIENTO},\"em.Path\",\"Path\")",
                  "endTime": "{../IniciarBusqueda.custom.endTime}",
                  "level_var": "{this.custom.LEVELVAR}",
                  "stTime": "{../IniciarBusqueda.custom.stTime}"
                },
                "queryPath": "Queries Tablas/Log Paros/RTQP-LogParosTabla",
                "returnFormat": "json"
              },
              "transforms": [
                {
                  "code": "\ttry:\n\t\tself.getSibling(\"IniciarBusqueda\").props.style.backgroundColor \u003d \u0027#00bc8c\u0027\n\t\treturn value\n\texcept:\n\t\tself.getSibling(\"IniciarBusqueda\").props.style.backgroundColor \u003d \u0027#00bc8c\u0027\n\t\treturn \" \"",
                  "type": "script"
                }
              ],
              "type": "query"
            }
          }
        },
        "props": {
          "bodyStyle": {
            "classes": "PopiedadesTabla/Exterran-Style-Table-bodyStyle"
          },
          "cells": {
            "allowEditOn": "long-press"
          },
          "columns": [
            {
              "align": "center",
              "boolean": "checkbox",
              "dateFormat": "MM/DD/YYYY",
              "editable": false,
              "field": "REGION",
              "footer": {
                "align": "center",
                "justify": "left",
                "style": {
                  "classes": ""
                },
                "title": ""
              },
              "header": {
                "align": "center",
                "justify": "left",
                "style": {
                  "classes": "PopiedadesTabla/Exterran-Style-ColumnHeader"
                },
                "title": "Region"
              },
              "justify": "auto",
              "number": "value",
              "numberFormat": "0,0.##",
              "progressBar": {
                "bar": {
                  "color": "",
                  "style": {
                    "classes": ""
                  }
                },
                "max": 100,
                "min": 0,
                "track": {
                  "color": "",
                  "style": {
                    "classes": ""
                  }
                },
                "value": {
                  "enabled": true,
                  "format": "0,0.##",
                  "justify": "center",
                  "style": {
                    "classes": ""
                  }
                }
              },
              "render": "auto",
              "resizable": true,
              "sort": "none",
              "sortable": true,
              "strictWidth": false,
              "style": {
                "classes": "",
                "color": "#FFFFFF"
              },
              "toggleSwitch": {
                "color": {
                  "selected": "",
                  "unselected": ""
                }
              },
              "viewParams": {},
              "viewPath": "",
              "visible": true,
              "width": 30
            },
            {
              "align": "center",
              "boolean": "checkbox",
              "dateFormat": "MM/DD/YYYY",
              "editable": false,
              "field": "PAIS",
              "footer": {
                "align": "center",
                "justify": "left",
                "style": {
                  "classes": ""
                },
                "title": ""
              },
              "header": {
                "align": "center",
                "justify": "left",
                "style": {
                  "classes": "PopiedadesTabla/Exterran-Style-ColumnHeader"
                },
                "title": "Pais"
              },
              "justify": "auto",
              "number": "value",
              "numberFormat": "0,0.##",
              "progressBar": {
                "bar": {
                  "color": "",
                  "style": {
                    "classes": ""
                  }
                },
                "max": 100,
                "min": 0,
                "track": {
                  "color": "",
                  "style": {
                    "classes": ""
                  }
                },
                "value": {
                  "enabled": true,
                  "format": "0,0.##",
                  "justify": "center",
                  "style": {
                    "classes": ""
                  }
                }
              },
              "render": "auto",
              "resizable": true,
              "sort": "none",
              "sortable": true,
              "strictWidth": false,
              "style": {
                "classes": "",
                "color": "#FFFFFF"
              },
              "toggleSwitch": {
                "color": {
                  "selected": "",
                  "unselected": ""
                }
              },
              "viewParams": {},
              "viewPath": "",
              "visible": true,
              "width": 30
            },
            {
              "align": "center",
              "boolean": "checkbox",
              "dateFormat": "MM/DD/YYYY",
              "editable": false,
              "field": "DISTRITO",
              "footer": {
                "align": "center",
                "justify": "left",
                "style": {
                  "classes": ""
                },
                "title": ""
              },
              "header": {
                "align": "center",
                "justify": "left",
                "style": {
                  "classes": "PopiedadesTabla/Exterran-Style-ColumnHeader"
                },
                "title": "Distrito"
              },
              "justify": "auto",
              "number": "value",
              "numberFormat": "0,0.##",
              "progressBar": {
                "bar": {
                  "color": "",
                  "style": {
                    "classes": ""
                  }
                },
                "max": 100,
                "min": 0,
                "track": {
                  "color": "",
                  "style": {
                    "classes": ""
                  }
                },
                "value": {
                  "enabled": true,
                  "format": "0,0.##",
                  "justify": "center",
                  "style": {
                    "classes": ""
                  }
                }
              },
              "render": "auto",
              "resizable": true,
              "sort": "none",
              "sortable": true,
              "strictWidth": false,
              "style": {
                "classes": "",
                "color": "#FFFFFF"
              },
              "toggleSwitch": {
                "color": {
                  "selected": "",
                  "unselected": ""
                }
              },
              "viewParams": {},
              "viewPath": "",
              "visible": true,
              "width": 30
            },
            {
              "align": "center",
              "boolean": "checkbox",
              "dateFormat": "MM/DD/YYYY",
              "editable": false,
              "field": "YACIMIENTO",
              "footer": {
                "align": "center",
                "justify": "left",
                "style": {
                  "classes": ""
                },
                "title": ""
              },
              "header": {
                "align": "center",
                "justify": "left",
                "style": {
                  "classes": "PopiedadesTabla/Exterran-Style-ColumnHeader"
                },
                "title": "Yacimiento"
              },
              "justify": "auto",
              "number": "value",
              "numberFormat": "0,0.##",
              "progressBar": {
                "bar": {
                  "color": "",
                  "style": {
                    "classes": ""
                  }
                },
                "max": 100,
                "min": 0,
                "track": {
                  "color": "",
                  "style": {
                    "classes": ""
                  }
                },
                "value": {
                  "enabled": true,
                  "format": "0,0.##",
                  "justify": "center",
                  "style": {
                    "classes": ""
                  }
                }
              },
              "render": "auto",
              "resizable": true,
              "sort": "none",
              "sortable": true,
              "strictWidth": false,
              "style": {
                "classes": "",
                "color": "#FFFFFF"
              },
              "toggleSwitch": {
                "color": {
                  "selected": "",
                  "unselected": ""
                }
              },
              "viewParams": {},
              "viewPath": "",
              "visible": true,
              "width": 30
            },
            {
              "align": "center",
              "boolean": "checkbox",
              "dateFormat": "MM/DD/YYYY",
              "editable": false,
              "field": "LOCACION",
              "footer": {
                "align": "center",
                "justify": "left",
                "style": {
                  "classes": ""
                },
                "title": ""
              },
              "header": {
                "align": "center",
                "justify": "left",
                "style": {
                  "classes": "PopiedadesTabla/Exterran-Style-ColumnHeader"
                },
                "title": "Locacion"
              },
              "justify": "auto",
              "number": "value",
              "numberFormat": "0,0.##",
              "progressBar": {
                "bar": {
                  "color": "",
                  "style": {
                    "classes": ""
                  }
                },
                "max": 100,
                "min": 0,
                "track": {
                  "color": "",
                  "style": {
                    "classes": ""
                  }
                },
                "value": {
                  "enabled": true,
                  "format": "0,0.##",
                  "justify": "center",
                  "style": {
                    "classes": ""
                  }
                }
              },
              "render": "auto",
              "resizable": true,
              "sort": "none",
              "sortable": true,
              "strictWidth": false,
              "style": {
                "classes": "",
                "color": "#FFFFFF"
              },
              "toggleSwitch": {
                "color": {
                  "selected": "",
                  "unselected": ""
                }
              },
              "viewParams": {},
              "viewPath": "",
              "visible": true,
              "width": 30
            },
            {
              "align": "center",
              "boolean": "checkbox",
              "dateFormat": "MM/DD/YYYY",
              "editable": false,
              "field": "ACTIVO",
              "footer": {
                "align": "center",
                "justify": "left",
                "style": {
                  "classes": ""
                },
                "title": ""
              },
              "header": {
                "align": "center",
                "justify": "center",
                "style": {
                  "classes": "PopiedadesTabla/Exterran-Style-ColumnHeader",
                  "color": "#FFFFFF",
                  "cursor": "none",
                  "textDecoration": ""
                },
                "title": "Activo"
              },
              "justify": "center",
              "number": "value",
              "numberFormat": "0,0.##",
              "progressBar": {
                "bar": {
                  "color": "",
                  "style": {
                    "classes": ""
                  }
                },
                "max": 100,
                "min": 0,
                "track": {
                  "color": "",
                  "style": {
                    "classes": ""
                  }
                },
                "value": {
                  "enabled": true,
                  "format": "0,0.##",
                  "justify": "center",
                  "style": {
                    "classes": ""
                  }
                }
              },
              "render": "auto",
              "resizable": true,
              "sort": "none",
              "sortable": true,
              "strictWidth": false,
              "style": {
                "classes": "",
                "color": "#007BFF",
                "cursor": "pointer",
                "fontWeight": "bold",
                "textDecoration": "underline"
              },
              "toggleSwitch": {
                "color": {
                  "selected": "",
                  "unselected": ""
                }
              },
              "viewParams": {},
              "viewPath": "",
              "visible": true,
              "width": 30
            },
            {
              "align": "center",
              "boolean": "checkbox",
              "dateFormat": "MM/DD/YYYY",
              "editable": false,
              "field": "ESTADO",
              "footer": {
                "align": "center",
                "justify": "left",
                "style": {
                  "classes": ""
                },
                "title": ""
              },
              "header": {
                "align": "center",
                "justify": "left",
                "style": {
                  "classes": "PopiedadesTabla/Exterran-Style-ColumnHeader"
                },
                "title": "Estado"
              },
              "justify": "auto",
              "number": "value",
              "numberFormat": "0,0.##",
              "progressBar": {
                "bar": {
                  "color": "",
                  "style": {
                    "classes": ""
                  }
                },
                "max": 100,
                "min": 0,
                "track": {
                  "color": "",
                  "style": {
                    "classes": ""
                  }
                },
                "value": {
                  "enabled": true,
                  "format": "0,0.##",
                  "justify": "center",
                  "style": {
                    "classes": ""
                  }
                }
              },
              "render": "view",
              "resizable": true,
              "sort": "none",
              "sortable": true,
              "strictWidth": false,
              "style": {
                "classes": "",
                "color": "#FFFFFF"
              },
              "toggleSwitch": {
                "color": {
                  "selected": "",
                  "unselected": ""
                }
              },
              "viewParams": {},
              "viewPath": "Exterran-LogParos/Estado-Img",
              "visible": true,
              "width": 30
            },
            {
              "align": "center",
              "boolean": "checkbox",
              "dateFormat": "MM/DD/YYYY",
              "editable": false,
              "field": "TotalParos",
              "footer": {
                "align": "center",
                "justify": "left",
                "style": {
                  "classes": ""
                },
                "title": ""
              },
              "header": {
                "align": "center",
                "justify": "left",
                "style": {
                  "classes": "PopiedadesTabla/Exterran-Style-ColumnHeader"
                },
                "title": "Paros"
              },
              "justify": "auto",
              "number": "value",
              "numberFormat": "0,0.##",
              "progressBar": {
                "bar": {
                  "color": "",
                  "style": {
                    "classes": ""
                  }
                },
                "max": 100,
                "min": 0,
                "track": {
                  "color": "",
                  "style": {
                    "classes": ""
                  }
                },
                "value": {
                  "enabled": true,
                  "format": "0,0.##",
                  "justify": "center",
                  "style": {
                    "classes": ""
                  }
                }
              },
              "render": "view",
              "resizable": true,
              "sort": "none",
              "sortable": true,
              "strictWidth": false,
              "style": {
                "classes": "",
                "color": "#FFFFFF"
              },
              "toggleSwitch": {
                "color": {
                  "selected": "",
                  "unselected": ""
                }
              },
              "viewParams": {},
              "viewPath": "Exterran-LogParos/TotalParos-Img",
              "visible": true,
              "width": 30
            },
            {
              "align": "center",
              "boolean": "checkbox",
              "dateFormat": "MM/DD/YYYY",
              "editable": false,
              "field": "TiempoTotalParos",
              "footer": {
                "align": "center",
                "justify": "left",
                "style": {
                  "classes": ""
                },
                "title": ""
              },
              "header": {
                "align": "center",
                "justify": "left",
                "style": {
                  "classes": "PopiedadesTabla/Exterran-Style-ColumnHeader"
                },
                "title": "Duracion"
              },
              "justify": "auto",
              "number": "value",
              "numberFormat": "0,0.##",
              "progressBar": {
                "bar": {
                  "color": "",
                  "style": {
                    "classes": ""
                  }
                },
                "max": 100,
                "min": 0,
                "track": {
                  "color": "",
                  "style": {
                    "classes": ""
                  }
                },
                "value": {
                  "enabled": true,
                  "format": "0,0.##",
                  "justify": "center",
                  "style": {
                    "classes": ""
                  }
                }
              },
              "render": "view",
              "resizable": true,
              "sort": "none",
              "sortable": true,
              "strictWidth": false,
              "style": {
                "classes": "",
                "color": "#FFFFFF"
              },
              "toggleSwitch": {
                "color": {
                  "selected": "",
                  "unselected": ""
                }
              },
              "viewParams": {},
              "viewPath": "Exterran-LogParos/TotalParos-Img",
              "visible": true,
              "width": 30
            },
            {
              "align": "center",
              "boolean": "checkbox",
              "dateFormat": "MM/DD/YYYY",
              "editable": false,
              "field": "TiempoTotalParos",
              "footer": {
                "align": "center",
                "justify": "left",
                "style": {
                  "classes": ""
                },
                "title": ""
              },
              "header": {
                "align": "center",
                "justify": "left",
                "style": {
                  "classes": "PopiedadesTabla/Exterran-Style-ColumnHeader"
                },
                "title": "Duracion"
              },
              "justify": "auto",
              "number": "value",
              "numberFormat": "0,0.##",
              "progressBar": {
                "bar": {
                  "color": "",
                  "style": {
                    "classes": ""
                  }
                },
                "max": 100,
                "min": 0,
                "track": {
                  "color": "",
                  "style": {
                    "classes": ""
                  }
                },
                "value": {
                  "enabled": true,
                  "format": "0,0.##",
                  "justify": "center",
                  "style": {
                    "classes": ""
                  }
                }
              },
              "render": "auto",
              "resizable": true,
              "sort": "none",
              "sortable": true,
              "strictWidth": false,
              "style": {
                "classes": "",
                "color": "#FFFFFF"
              },
              "toggleSwitch": {
                "color": {
                  "selected": "",
                  "unselected": ""
                }
              },
              "viewParams": {},
              "viewPath": "",
              "visible": true,
              "width": 30
            },
            {
              "align": "center",
              "boolean": "checkbox",
              "dateFormat": "MM/DD/YYYY HH:mm:ss",
              "editable": false,
              "field": "UltimoParo",
              "footer": {
                "align": "center",
                "justify": "left",
                "style": {
                  "classes": ""
                },
                "title": ""
              },
              "header": {
                "align": "center",
                "justify": "left",
                "style": {
                  "classes": "PopiedadesTabla/Exterran-Style-ColumnHeader"
                },
                "title": "Ult. Paro"
              },
              "justify": "auto",
              "number": "value",
              "numberFormat": "0,0.##",
              "progressBar": {
                "bar": {
                  "color": "",
                  "style": {
                    "classes": ""
                  }
                },
                "max": 100,
                "min": 0,
                "track": {
                  "color": "",
                  "style": {
                    "classes": ""
                  }
                },
                "value": {
                  "enabled": true,
                  "format": "0,0.##",
                  "justify": "center",
                  "style": {
                    "classes": ""
                  }
                }
              },
              "render": "date",
              "resizable": true,
              "sort": "none",
              "sortable": true,
              "strictWidth": false,
              "style": {
                "classes": "",
                "color": "#FFFFFF"
              },
              "toggleSwitch": {
                "color": {
                  "selected": "",
                  "unselected": ""
                }
              },
              "viewParams": {},
              "viewPath": "",
              "visible": true,
              "width": 30
            },
            {
              "align": "center",
              "boolean": "checkbox",
              "dateFormat": "MM/DD/YYYY",
              "editable": false,
              "field": "Causa",
              "footer": {
                "align": "center",
                "justify": "left",
                "style": {
                  "classes": ""
                },
                "title": ""
              },
              "header": {
                "align": "center",
                "justify": "left",
                "style": {
                  "classes": "PopiedadesTabla/Exterran-Style-ColumnHeader"
                },
                "title": "Causa"
              },
              "justify": "auto",
              "number": "value",
              "numberFormat": "0,0.##",
              "progressBar": {
                "bar": {
                  "color": "",
                  "style": {
                    "classes": ""
                  }
                },
                "max": 100,
                "min": 0,
                "track": {
                  "color": "",
                  "style": {
                    "classes": ""
                  }
                },
                "value": {
                  "enabled": true,
                  "format": "0,0.##",
                  "justify": "center",
                  "style": {
                    "classes": ""
                  }
                }
              },
              "render": "auto",
              "resizable": true,
              "sort": "none",
              "sortable": true,
              "strictWidth": false,
              "style": {
                "classes": "",
                "color": "#FFFFFF"
              },
              "toggleSwitch": {
                "color": {
                  "selected": "",
                  "unselected": ""
                }
              },
              "viewParams": {},
              "viewPath": "",
              "visible": true,
              "width": 30
            },
            {
              "align": "center",
              "boolean": "checkbox",
              "dateFormat": "MM/DD/YYYY",
              "editable": false,
              "field": "EFID",
              "footer": {
                "align": "center",
                "justify": "left",
                "style": {
                  "classes": ""
                },
                "title": ""
              },
              "header": {
                "align": "center",
                "justify": "left",
                "style": {
                  "classes": "PopiedadesTabla/Exterran-Style-ColumnHeader"
                },
                "title": ""
              },
              "justify": "auto",
              "number": "value",
              "numberFormat": "0,0.##",
              "progressBar": {
                "bar": {
                  "color": "",
                  "style": {
                    "classes": ""
                  }
                },
                "max": 100,
                "min": 0,
                "track": {
                  "color": "",
                  "style": {
                    "classes": ""
                  }
                },
                "value": {
                  "enabled": true,
                  "format": "0,0.##",
                  "justify": "center",
                  "style": {
                    "classes": ""
                  }
                }
              },
              "render": "auto",
              "resizable": true,
              "sort": "none",
              "sortable": true,
              "strictWidth": false,
              "style": {
                "classes": ""
              },
              "toggleSwitch": {
                "color": {
                  "selected": "",
                  "unselected": ""
                }
              },
              "viewParams": {},
              "viewPath": "",
              "visible": false,
              "width": ""
            }
          ],
          "dragOrderable": false,
          "emptyMessage": {
            "noData": {
              "icon": {
                "color": "#FFFFFF",
                "path": "material/360",
                "style": {
                  "backgroundColor": "303030"
                }
              },
              "text": "Esperando datos...",
              "textStyle": {
                "color": "#FFFFFF",
                "fontSize": 20,
                "fontWeight": "normal"
              }
            },
            "style": {
              "classes": "PopiedadesTabla/Exterran-Style-EmpityMessagebackground"
            }
          },
          "filter": {
            "style": {
              "classes": "PopiedadesTabla/Exterran-Style-Table-Filter"
            }
          },
          "headerStyle": {
            "classes": "PopiedadesTabla/Exterran-Style-Table-Header"
          },
          "pager": {
            "initialOption": 0,
            "options": [
              30,
              50,
              100,
              150,
              300
            ],
            "style": {
              "classes": "PopiedadesTabla/Exterran-Style-Table-Pager"
            }
          },
          "rows": {
            "height": 30,
            "highlight": {
              "color": "#122E42"
            },
            "striped": {
              "enabled": false
            },
            "style": {
              "classes": "PopiedadesTabla/Exterran-Style-Table-Rows"
            }
          },
          "style": {
            "classes": "PopiedadesTabla/Exterran-Style-StyleGeneral"
          }
        },
        "scripts": {
          "customMethods": [],
          "extensionFunctions": null,
          "messageHandlers": [
            {
              "messageType": "mensajito",
              "pageScope": true,
              "script": "\tself.custom.REGION \u003d payload[\"regionSes\"]\n\tself.custom.PAIS \u003d payload[\"paisSes\"]\n\tself.custom.DISTRITO \u003d payload[\"distritoSes\"]\n\tself.custom.YACIMIENTO \u003d payload[\"yacimientoSes\"]\n\tself.custom.LOCACION \u003d payload[\"locacionSes\"]\n\tself.custom.ACTIVO \u003d payload[\"activoSes\"]\n\tself.custom.LEVELVAR \u003d payload[\"levelvarSes\"]",
              "sessionScope": false,
              "viewScope": false
            },
            {
              "messageType": "botonExcel",
              "pageScope": true,
              "script": "#codigo viejo: utiliza la table.data en formato dataset\n#\tdatos \u003d system.dataset.toPyDataSet(self.props.data) #datos tabla es un label que contiene el value [dataset] de la tabla \n#\texcel \u003d system.dataset.toCSV(datos)\n#\tfilename\u003d \u0027Log de Paros.csv\u0027\n#\tsystem.perspective.download(filename,excel) \n\t#list \u003d self.getSibling(\"Table\").custom.dataexcel\n\t\t\n\t\t\n\t#Codigo nuevo: separa correctamente las columnas pero usa la table.data en formato JSON\n\tdef jsonToDataset(list):\n\t\tcolumns \u003d [\u0027REGION\u0027,\u0027PAIS\u0027,\u0027DISTRITO\u0027,\u0027YACIMIENTO\u0027,\u0027LOCACION\u0027,\u0027ACTIVO\u0027,\u0027ESTADO\u0027,\u0027TotalParos\u0027, \u0027TiempoTotalParos\u0027, \u0027TiempoTotalParos\u0027,\u0027UltimoParo\u0027,\u0027Causa\u0027] #dict(list[0]).keys()\n\t\tdata \u003d []\n\t\tfor item in list:\n\t\t\trow \u003d []\n\t\t\tfor column in columns:\n\t\t\t\tcellValue \u003d item.get(column, \u0027\u0027)\n\t\t\t\ttry:\n\t\t\t\t\tdict(cellValue)\n\t\t\t\t\tcellValue \u003d cellValue[\u0027value\u0027]\n\t\t\t\texcept:\n\t\t\t\t\tpass\n\t\t\t\trow.append(cellValue)\n\t\t\tdata.append(row)\n\t\t\tsystem.perspective.print(str(\u0027COLUMNAS\u0027) + \u0027 \u0027 + str(columns))\n\t\treturn system.dataset.toDataSet(columns, data)\n\t\n\tjson \u003d self.getSibling(\"Table\").props.data\n\tdata \u003d jsonToDataset(json)\n\tExcel_xlsx \u003d system.dataset.toExcel(True,[data])\n\tsystem.perspective.download(\"Log de Paros.xlsx\",Excel_xlsx) \n",
              "sessionScope": false,
              "viewScope": false
            }
          ]
        },
        "type": "ia.display.table"
      },
      {
        "custom": {
          "booleano": true
        },
        "events": {
          "dom": {
            "onClick": {
              "config": {
                "script": "\tself.custom.booleano \u003d not(self.custom.booleano)"
              },
              "scope": "G",
              "type": "script"
            }
          }
        },
        "meta": {
          "name": "HideButton"
        },
        "position": {
          "height": 17,
          "width": 18.03,
          "x": 142,
          "y": 79
        },
        "props": {
          "fit": {
            "mode": "fill"
          },
          "source": "/system/images/sample-images/LogosEXTERRAN/Todo Los FIltros.png",
          "style": {
            "cursor": "pointer"
          }
        },
        "type": "ia.display.image"
      }
    ],
    "events": {
      "system": {
        "onStartup": {
          "config": {
            "script": "\tself.getChild(\"IniciarBusqueda\").custom.endTime \u003d \"*\"\n\tself.getChild(\"IniciarBusqueda\").custom.stTime \u003d \"*-30m\"\n\tself.getChild(\"FechaHora-Hasta\").props.value \u003d system.date.now()\n\tself.getChild(\"FechaHora-desde\").props.value \u003d system.date.addMinutes(system.date.now(), -30)\n\t#self.getSibling(\"Todas Las Alarmas\").props.selected \u003d True"
          },
          "scope": "G",
          "type": "script"
        }
      }
    },
    "meta": {
      "name": "root"
    },
    "position": {
      "x": 8.015625,
      "y": 5.984375
    },
    "props": {
      "style": {
        "backgroundColor": "#454d55",
        "classes": "Exterran-Style-FondoGeneral"
      }
    },
    "type": "ia.container.coord"
  }
}