{
  "custom": {},
  "params": {
    "datos": "13236-043",
    "titulo": ""
  },
  "propConfig": {
    "params.datos": {
      "paramDirection": "input",
      "persistent": true
    },
    "params.titulo": {
      "paramDirection": "input",
      "persistent": true
    }
  },
  "props": {
    "defaultSize": {
      "height": 1190,
      "width": 2000
    }
  },
  "root": {
    "children": [
      {
        "meta": {
          "name": "DatosLabel",
          "visible": false
        },
        "position": {
          "height": 20,
          "width": 20,
          "x": 183.734375,
          "y": 300
        },
        "props": {
          "text": [
            {
              "ACTIVO": "15156b",
              "CONEXION": "50.0",
              "DISTRITO": "TORONTO2",
              "ESTADOIJ": "Marcha",
              "ElementID": "b3fa6413-5950-11ed-907e-00090ffe0001",
              "HSMARCHAIJ": 50,
              "LOCACION": "SECOND WELL",
              "PAIS": "CANADA",
              "REGION": "NA3",
              "YACIMIENTO": "TORONTO CITY2",
              "column_11": "",
              "column_12": "",
              "column_13": ""
            }
          ]
        },
        "type": "ia.display.label"
      },
      {
        "meta": {
          "name": "TodosLosFiltros"
        },
        "position": {
          "height": 35,
          "width": 130,
          "x": "1%",
          "y": 2
        },
        "props": {
          "text": "Todos Los Filtros",
          "textStyle": {
            "classes": "Exterran-Style-TextoFuenteLabel",
            "fontFamily": "sans-serif",
            "fontSize": "14px"
          }
        },
        "type": "ia.display.label"
      },
      {
        "events": {
          "dom": {
            "onClick": {
              "config": {
                "script": "\tself.custom.booleano \u003d not (self.custom.booleano)"
              },
              "scope": "G",
              "type": "script"
            }
          }
        },
        "meta": {
          "name": "HideButton"
        },
        "position": {
          "height": 17,
          "width": 18,
          "x": "9%",
          "y": 12
        },
        "propConfig": {
          "custom.booleano": {
            "binding": {
              "config": {
                "path": "page.props.dimensions.viewport.height"
              },
              "transforms": [
                {
                  "code": "\tif value \u003e 500:\n\t\tx \u003d False\n\telse:\n\t\tx \u003d True\n\treturn x",
                  "type": "script"
                }
              ],
              "type": "property"
            }
          }
        },
        "props": {
          "fit": {
            "mode": "fill"
          },
          "source": "/system/images/sample-images/LogosEXTERRAN/Todo Los FIltros.png"
        },
        "type": "ia.display.image"
      },
      {
        "meta": {
          "name": "FechaHoraDesdeLbl"
        },
        "position": {
          "height": 32,
          "width": 295,
          "x": 20.47918206176758,
          "y": 40
        },
        "propConfig": {
          "meta.visible": {
            "binding": {
              "config": {
                "path": "../HideButton.custom.booleano"
              },
              "transforms": [
                {
                  "code": "\treturn not value",
                  "type": "script"
                }
              ],
              "type": "property"
            }
          }
        },
        "props": {
          "text": "Fecha: Desde/Hasta",
          "textStyle": {
            "classes": "Exterran-Style-TextoFuenteLabel PopiedadesTabla/Exterran-Style-Label-BOLD",
            "fontFamily": "sans-serif",
            "fontSize": "14px"
          }
        },
        "type": "ia.display.label"
      },
      {
        "meta": {
          "name": "FechaHoraHastaLbl"
        },
        "position": {
          "height": 32,
          "width": 295,
          "x": 400,
          "y": 40
        },
        "propConfig": {
          "meta.visible": {
            "binding": {
              "config": {
                "path": "../HideButton.custom.booleano"
              },
              "transforms": [
                {
                  "code": "\treturn not value",
                  "type": "script"
                }
              ],
              "type": "property"
            }
          }
        },
        "props": {
          "text": "Hora: Desde/Hasta",
          "textStyle": {
            "classes": "Exterran-Style-TextoFuenteLabel PopiedadesTabla/Exterran-Style-Label-BOLD",
            "fontFamily": "sans-serif",
            "fontSize": "14px"
          }
        },
        "type": "ia.display.label"
      },
      {
        "meta": {
          "name": "IntervaloValue"
        },
        "position": {
          "height": 31,
          "width": 70,
          "x": 1200,
          "y": 80
        },
        "propConfig": {
          "meta.visible": {
            "binding": {
              "config": {
                "path": "../HideButton.custom.booleano"
              },
              "transforms": [
                {
                  "code": "\treturn not value",
                  "type": "script"
                }
              ],
              "type": "property"
            }
          }
        },
        "props": {
          "inputBounds": {
            "minimum": 1
          },
          "mode": "protected",
          "style": {
            "backgroundColor": "#343a40",
            "borderStyle": "solid",
            "classes": "Exterran-Style-FondoGeneral Exterran-Style-TextoFuenteLabel",
            "fontFamily": "sans-serif",
            "fontSize": "16px"
          },
          "value": 4
        },
        "type": "ia.input.numeric-entry-field"
      },
      {
        "meta": {
          "name": "Intervalo"
        },
        "position": {
          "height": 31,
          "width": 57,
          "x": 1100,
          "y": 80
        },
        "propConfig": {
          "meta.visible": {
            "binding": {
              "config": {
                "path": "../HideButton.custom.booleano"
              },
              "transforms": [
                {
                  "code": "\treturn not value",
                  "type": "script"
                }
              ],
              "type": "property"
            }
          }
        },
        "props": {
          "text": "Intervalo",
          "textStyle": {
            "classes": "Exterran-Style-TextoFuenteLabel PopiedadesTabla/Exterran-Style-Label-BOLD",
            "fontFamily": "sans-serif",
            "fontSize": "16px"
          }
        },
        "type": "ia.display.label"
      },
      {
        "custom": {
          "endTime": "2023-01-09 06:47:00",
          "offset": 3,
          "stTime": "2023-01-08 06:17:00"
        },
        "events": {
          "component": {
            "onActionPerformed": {
              "config": {
                "script": "#\tactual \u003d system.date.now() \n#\toffset\u003d  system.date.getTimezoneOffset()\n\t#self.props.enabled \u003d False\n\t#self.getSibling(\"Table2\").meta.visible \u003d False\n\tself.props.style.backgroundColor \u003d \u0027grey\u0027\n\tif self.getSibling(\"FechaHora-desde\").props.formattedValue is None:\n\t\tastTime \u003d \"\u0027*-30m\u0027\"\n\telse:\n\t\t#astTime \u003d self.getSibling(\"FechaHora-desde\").props.formattedValue\n\t\tvValue \u003d self.getSibling(\"FechaHora-desde\").props.value\n\t\taux \u003d system.date.addHours(vValue, -1*int(system.date.getTimezoneRawOffset()))\n\t\taux2 \u003d system.date.addHours(system.date.parse(aux), int(system.date.getTimezoneRawOffset())) #que hora es en el server fValue\n\t\tastTime \u003d system.db.dateFormat(aux2, \"yyyy-MM-dd HH:mm:ss\")\n\n\tif self.getSibling(\"FechaHora-Hasta\").props.formattedValue is None:\n\t\t\taendTime \u003d \"\u0027*\u0027\"\n\telse:\n\t\t#fValue \u003d self.getSibling(\"FechaHora-Hasta\").props.formattedValue\n\t\tvValue \u003d self.getSibling(\"FechaHora-Hasta\").props.value\n\t\taux \u003d system.date.addHours(vValue, -1*int(system.date.getTimezoneRawOffset()))\n\t\taux2 \u003d system.date.addHours(system.date.parse(aux), int(system.date.getTimezoneRawOffset())) #que hora es en el server fValue\n\t\taendTime \u003d system.db.dateFormat(aux2, \"YYYY-MM-dd HH:mm:ss\")\n\n\t#self.custom.offset \u003d system.date.getTimezoneOffset() #las horas de diferencia a UTC\n\n\tself.custom.stTime \u003d astTime\n\tself.custom.endTime \u003d aendTime\n\t\n\tvVal \u003d system.date.parse(system.db.dateFormat(self.getSibling(\"FechaHora-desde\").props.value, \"dd-MMM-yyyy HH:mm\"), \"dd-MMM-yyyy HH:mm\")\n\taux \u003d system.date.parse(self.getSibling(\"FechaHora-desde\").props.formattedValue, \"dd-MMM-yyyy HH:mm\")\n\tsystem.perspective.print(\"OFFSET\u003d\" + str(system.date.hoursBetween(vVal, aux)))\n\tself.custom.offset \u003d system.date.hoursBetween(vVal, aux)\n\t\n\tfechaHasta \u003d self.getSibling(\"FechaHora-Hasta\").props.value\n\tfechaDesde \u003d self.getSibling(\"FechaHora-desde\").props.value\n\tintervalo \u003d self.getSibling(\"IntervaloValue\").props.value \n\t\n\ti \u003d float(system.date.minutesBetween(fechaDesde, fechaHasta))\n\t\n\tsystem.perspective.print(\u0027minutos entre fechas\u0027+ \u0027 \u0027 + str(i))\n\t\n\t\n\tx \u003d float(system.date.minutesBetween(fechaDesde, fechaHasta))/intervalo\n\t\n\thoras\u003dFalse\n\tif x \u003e 25000:\n\t\tx \u003d float(system.date.hoursBetween(fechaDesde, fechaHasta))/intervalo\n\t\thoras \u003d True\n\t\t\n\tdias\u003dFalse\n\tif x \u003e 10000:\n\t\tx \u003d float(system.date.daysBetween(fechaDesde, fechaHasta))/intervalo\n\t\tdias \u003d True\n\t\thoras \u003d False\n\t\t\n\tif horas:\n\t\ty \u003d str(x) + \u0027h\u0027\n\tif dias:\n\t\ty \u003d str(x) + \u0027d\u0027\n\telse:\n\t\ty \u003d str(x) + \u0027m\u0027\n\t\n\tself.getSibling(\"Table2\").custom.intervalo \u003d intervalo\n\tsystem.perspective.print(str(\u0027valor que trae y m,h,d\u003d\u0027+ \u0027 \u0027+ y))\n\tself.getSibling(\"Table2\").custom.fechaint \u003d y\n\tsystem.perspective.print (str(\u0027intervalo de tiempo\u003d\u0027) + \u0027 \u0027 + str(y))\n\t#system.perspective.print(\"int:\" + str(y) + \"|st: \" + astTime + \"|endT:\" + aendTime + \" INICIAR\")\n\n\n\n\n\n\t#self.custom.stTime \u003d self.getSibling(\"testDESDE\").props.text\n\t#self.custom.endTime\u003d self.getSibling(\"testHASTA\").props.text\n\t#self.getSibling(\"Table2\").custom.fechaint \u003d self.getSibling(\"testVALOR Y\").props.text"
              },
              "scope": "G",
              "type": "script"
            }
          }
        },
        "meta": {
          "name": "IniciarBusquedaOriginal",
          "visible": false
        },
        "position": {
          "height": 31.02,
          "rotate": {
            "anchor": "75% 89%"
          },
          "width": 130.02,
          "x": 889.87525,
          "y": 80
        },
        "props": {
          "style": {
            "backgroundColor": "#00bc8c"
          },
          "text": "Iniciar Búsqueda",
          "textStyle": {
            "fontFamily": "sans-serif",
            "fontSize": 13
          }
        },
        "type": "ia.input.button"
      },
      {
        "custom": {
          "Booleano": "1"
        },
        "meta": {
          "name": "FechaHora-Hasta"
        },
        "position": {
          "height": 32.01,
          "width": 300.05,
          "x": 400,
          "y": 80
        },
        "propConfig": {
          "custom.auxValue": {
            "binding": {
              "config": {
                "path": "this.props.value"
              },
              "transforms": [
                {
                  "code": "\tif self.props.value is None:\n\t\tself.props.formattedValue \u003d \"\u0027*\u0027\"\n\telse:\n\t\tx \u003d value\n\treturn x",
                  "type": "script"
                }
              ],
              "type": "property"
            }
          },
          "meta.visible": {
            "binding": {
              "config": {
                "path": "../HideButton.custom.booleano"
              },
              "transforms": [
                {
                  "code": "\treturn not(value)",
                  "type": "script"
                }
              ],
              "type": "property"
            }
          }
        },
        "props": {
          "format": "DD-MMM-YYYY HH:mm",
          "formattedValue": "01-Feb-2023 11:22",
          "inputProps": {
            "style": {
              "classes": "Exterran-Style-DateInput",
              "fontFamily": "sans-serif",
              "fontSize": 14,
              "textAlign": "start"
            }
          },
          "placeholder": "",
          "value": {
            "$": [
              "ts",
              192,
              1675261333033
            ],
            "$ts": 1675261333033
          }
        },
        "type": "ia.input.date-time-input"
      },
      {
        "custom": {
          "Booleano": false,
          "offset": 0
        },
        "meta": {
          "name": "FechaHora-desde"
        },
        "position": {
          "height": 32.01,
          "width": 300.05,
          "x": 20,
          "y": 80
        },
        "propConfig": {
          "custom.time": {
            "binding": {
              "config": {
                "path": "this.props.value"
              },
              "transforms": [
                {
                  "code": "\treturn system.db.dateFormat(value, \"MMM d, yyyy\")\n\t#funcion para formatear fechas a strign",
                  "type": "script"
                }
              ],
              "type": "property"
            }
          },
          "meta.visible": {
            "binding": {
              "config": {
                "path": "../HideButton.custom.booleano"
              },
              "transforms": [
                {
                  "code": "\treturn not(value)",
                  "type": "script"
                }
              ],
              "type": "property"
            }
          }
        },
        "props": {
          "format": "DD-MMM-YYYY HH:mm",
          "formattedValue": "01-Feb-2023 10:52",
          "inputProps": {
            "style": {
              "classes": "Exterran-Style-DateInput",
              "fontFamily": "sans-serif",
              "fontSize": 14,
              "textAlign": "start"
            }
          },
          "placeholder": "Ingrese Fecha inicial",
          "value": {
            "$": [
              "ts",
              192,
              1675261333033
            ],
            "$ts": 1675259533033
          }
        },
        "type": "ia.input.date-time-input"
      },
      {
        "custom": {
          "fechaint": "4h",
          "intervalo": 4,
          "myColumn": {
            "align": "center",
            "boolean": "checkbox",
            "dateFormat": "MM/DD/YYYY",
            "editable": false,
            "field": {
              "$": [
                "ts",
                192,
                1673363525845
              ],
              "$ts": 1673354340000
            },
            "footer": {
              "align": "center",
              "justify": "left",
              "style": {
                "classes": ""
              },
              "title": ""
            },
            "header": {
              "align": "center",
              "justify": "center",
              "style": {
                "classes": "PopiedadesTabla/Exterran-Style-ColumnHeader"
              },
              "title": "2023-01-10 09:39"
            },
            "justify": "center",
            "number": "value",
            "numberFormat": "0,0.##",
            "progressBar": {
              "bar": {
                "color": "",
                "style": {
                  "classes": ""
                }
              },
              "max": 100,
              "min": 0,
              "track": {
                "color": "",
                "style": {
                  "classes": ""
                }
              },
              "value": {
                "enabled": true,
                "format": "0,0.##",
                "justify": "center",
                "style": {
                  "classes": ""
                }
              }
            },
            "render": "auto",
            "resizable": false,
            "sort": "none",
            "sortable": true,
            "strictWidth": false,
            "style": {
              "classes": "",
              "color": "#FFFFFF",
              "fontFamily": "Roboto",
              "fontSize": 11
            },
            "toggleSwitch": {
              "color": {
                "selected": "",
                "unselected": ""
              }
            },
            "viewParams": {},
            "viewPath": "",
            "visible": true,
            "width": 100
          }
        },
        "meta": {
          "name": "Table2"
        },
        "position": {
          "height": "80%",
          "width": "1%",
          "x": 10,
          "y": 130
        },
        "propConfig": {
          "custom.caminito": {
            "binding": {
              "config": {
                "parameters": {
                  "Activo": "{view.params.datos}"
                },
                "queryPath": "Queries Tablas/InformacionActivos/VariablesTemporales/RTQP-PathActivo",
                "returnFormat": "scalar"
              },
              "type": "query"
            }
          },
          "props.data": {
            "binding": {
              "config": {
                "designerUseLimit": false,
                "enableValueCache": false,
                "parameters": {
                  "camino": "{this.custom.caminito}",
                  "endTime": "{../IniciarBusqueda.custom.endTime}",
                  "intervalo": "{this.custom.fechaint}",
                  "stTime": "{../IniciarBusqueda.custom.stTime}"
                },
                "queryPath": "Queries Tablas/InformacionActivos/VariablesTemporales/RTQP-Variables2",
                "returnFormat": "dataset"
              },
              "transforms": [
                {
                  "code": "   \ttry:\n\t\tself.getSibling(\"IniciarBusqueda\").props.style.backgroundColor \u003d \u0027#00bc8c\u0027\n\t\tself.getSibling(\"testRowCount\").props.text \u003d value.getRowCount()\n\t\tself.position.width \u003d \u002795%\u0027\n\t\treturn value\n\texcept:\n\t\tself.getSibling(\"IniciarBusqueda\").props.style.backgroundColor \u003d \u0027#00bc8c\u0027\n\t\tself.getSibling(\"testRowCount\").meta.visible \u003d False\n\t\tself.getSibling(\"FlexContainer\").meta.visible \u003d False\n\t\tself.position.width \u003d \u00271%\u0027\n\t\treturn \"\"",
                  "type": "script"
                }
              ],
              "type": "query"
            }
          }
        },
        "props": {
          "bodyStyle": {
            "classes": "PopiedadesTabla/Exterran-Style-Table-bodyStyle"
          },
          "columns": [
            {
              "align": "center",
              "boolean": "checkbox",
              "dateFormat": "MM/DD/YYYY",
              "editable": false,
              "field": "Attribute",
              "footer": {
                "align": "center",
                "justify": "left",
                "style": {
                  "classes": ""
                },
                "title": ""
              },
              "header": {
                "align": "center",
                "justify": "left",
                "style": {
                  "classes": ""
                },
                "title": "Descripción"
              },
              "justify": "auto",
              "number": "value",
              "numberFormat": "0,0.##",
              "progressBar": {
                "bar": {
                  "color": "",
                  "style": {
                    "classes": ""
                  }
                },
                "max": 100,
                "min": 0,
                "track": {
                  "color": "",
                  "style": {
                    "classes": ""
                  }
                },
                "value": {
                  "enabled": true,
                  "format": "0,0.##",
                  "justify": "center",
                  "style": {
                    "classes": ""
                  }
                }
              },
              "render": "auto",
              "resizable": true,
              "sort": "none",
              "sortable": true,
              "strictWidth": false,
              "style": {
                "classes": ""
              },
              "toggleSwitch": {
                "color": {
                  "selected": "",
                  "unselected": ""
                }
              },
              "viewParams": {},
              "viewPath": "",
              "visible": true,
              "width": ""
            },
            {
              "align": "center",
              "boolean": "checkbox",
              "dateFormat": "MM/DD/YYYY",
              "editable": false,
              "field": "UOM",
              "footer": {
                "align": "center",
                "justify": "left",
                "style": {
                  "classes": ""
                },
                "title": ""
              },
              "header": {
                "align": "center",
                "justify": "left",
                "style": {
                  "classes": ""
                },
                "title": "Unidad"
              },
              "justify": "auto",
              "number": "value",
              "numberFormat": "0,0.##",
              "progressBar": {
                "bar": {
                  "color": "",
                  "style": {
                    "classes": ""
                  }
                },
                "max": 100,
                "min": 0,
                "track": {
                  "color": "",
                  "style": {
                    "classes": ""
                  }
                },
                "value": {
                  "enabled": true,
                  "format": "0,0.##",
                  "justify": "center",
                  "style": {
                    "classes": ""
                  }
                }
              },
              "render": "auto",
              "resizable": true,
              "sort": "none",
              "sortable": true,
              "strictWidth": false,
              "style": {
                "classes": ""
              },
              "toggleSwitch": {
                "color": {
                  "selected": "",
                  "unselected": ""
                }
              },
              "viewParams": {},
              "viewPath": "",
              "visible": true,
              "width": ""
            },
            {
              "align": "center",
              "boolean": "checkbox",
              "dateFormat": "MM/DD/YYYY",
              "editable": false,
              "field": "myTiempo",
              "footer": {
                "align": "center",
                "justify": "left",
                "style": {
                  "classes": ""
                },
                "title": ""
              },
              "header": {
                "align": "center",
                "justify": "left",
                "style": {
                  "classes": ""
                },
                "title": "TimeStamp"
              },
              "justify": "auto",
              "number": "value",
              "numberFormat": "0,0.##",
              "progressBar": {
                "bar": {
                  "color": "",
                  "style": {
                    "classes": ""
                  }
                },
                "max": 100,
                "min": 0,
                "track": {
                  "color": "",
                  "style": {
                    "classes": ""
                  }
                },
                "value": {
                  "enabled": true,
                  "format": "0,0.##",
                  "justify": "center",
                  "style": {
                    "classes": ""
                  }
                }
              },
              "render": "auto",
              "resizable": true,
              "sort": "none",
              "sortable": true,
              "strictWidth": false,
              "style": {
                "classes": ""
              },
              "toggleSwitch": {
                "color": {
                  "selected": "",
                  "unselected": ""
                }
              },
              "viewParams": {},
              "viewPath": "",
              "visible": true,
              "width": ""
            },
            {
              "align": "center",
              "boolean": "checkbox",
              "dateFormat": "MM/DD/YYYY",
              "editable": false,
              "field": "Value",
              "footer": {
                "align": "center",
                "justify": "left",
                "style": {
                  "classes": ""
                },
                "title": ""
              },
              "header": {
                "align": "center",
                "justify": "left",
                "style": {
                  "classes": ""
                },
                "title": "ValorActual"
              },
              "justify": "auto",
              "number": "value",
              "numberFormat": "0,0.##",
              "progressBar": {
                "bar": {
                  "color": "",
                  "style": {
                    "classes": ""
                  }
                },
                "max": 100,
                "min": 0,
                "track": {
                  "color": "",
                  "style": {
                    "classes": ""
                  }
                },
                "value": {
                  "enabled": true,
                  "format": "0,0.##",
                  "justify": "center",
                  "style": {
                    "classes": ""
                  }
                }
              },
              "render": "auto",
              "resizable": true,
              "sort": "none",
              "sortable": true,
              "strictWidth": false,
              "style": {
                "classes": ""
              },
              "toggleSwitch": {
                "color": {
                  "selected": "",
                  "unselected": ""
                }
              },
              "viewParams": {},
              "viewPath": "",
              "visible": false,
              "width": ""
            }
          ],
          "headerStyle": {
            "classes": "ExterranHistoricoDeEventos/TablaPropiedades/Table-Header"
          },
          "rows": {
            "style": {
              "classes": "PopiedadesTabla/Exterran-Style-TablaVariables-Cells PopiedadesTabla/Exterran-Style-Table-bodyStyle"
            }
          },
          "style": {
            "classes": "PopiedadesTabla/Exterran-Style-TablaVariables-Cells"
          },
          "virtualized": false
        },
        "type": "ia.display.table"
      },
      {
        "custom": {
          "fechaint": "10h",
          "intervalo": 10
        },
        "meta": {
          "name": "Table",
          "visible": false
        },
        "position": {
          "height": 400,
          "width": 700,
          "x": 250.59,
          "y": 528.3
        },
        "propConfig": {
          "props.data": {
            "binding": {
              "config": {
                "parameters": {
                  "camino": "{../Table2.custom.caminito}",
                  "endTime": "{../IniciarBusqueda.custom.endTime}",
                  "intervalo": "{../Table2.custom.fechaint}",
                  "stTime": "{../IniciarBusqueda.custom.stTime}"
                },
                "queryPath": "Queries Tablas/InformacionActivos/VariablesTemporales/RTQP-Variables2"
              },
              "transforms": [
                {
                  "code": "\ttry:\n\t\tself.getSibling(\"IniciarBusqueda\").props.style.backgroundColor \u003d \u0027#00bc8c\u0027\n\t\tself.getSibling(\"testRowCount\").props.text\u003d value.getRowCount()\n\t\treturn value\n\texcept:\n\t\tself.getSibling(\"IniciarBusqueda\").props.style.backgroundColor \u003d \u0027#00bc8c\u0027\n\t\treturn \" \"\n\t\n\t ",
                  "type": "script"
                }
              ],
              "type": "query"
            }
          }
        },
        "type": "ia.display.table"
      },
      {
        "meta": {
          "name": "testDESDE",
          "visible": false
        },
        "position": {
          "height": 32,
          "width": 150,
          "x": 335.728,
          "y": 8.892859999999999
        },
        "type": "ia.input.text-field"
      },
      {
        "meta": {
          "name": "testHASTA",
          "visible": false
        },
        "position": {
          "height": 32,
          "width": 150,
          "x": 652.58,
          "y": "0.5%"
        },
        "type": "ia.input.text-field"
      },
      {
        "meta": {
          "name": "testVALOR Y",
          "visible": false
        },
        "position": {
          "height": 32,
          "width": 150,
          "x": 928.140302734,
          "y": "0.5%"
        },
        "props": {
          "style": {
            "backgroundColor": "#BA3B3D",
            "color": "#ffffff"
          },
          "text": "valor en Y"
        },
        "type": "ia.input.text-field"
      },
      {
        "children": [
          {
            "meta": {
              "name": "testRowCount_0"
            },
            "position": {
              "basis": "146px"
            },
            "props": {
              "text": "Cantidad de filas",
              "textStyle": {
                "backgroundColor": "#d8d8d8",
                "color": "#353535"
              }
            },
            "type": "ia.display.label"
          }
        ],
        "meta": {
          "name": "FlexContainer",
          "visible": false
        },
        "position": {
          "height": 34,
          "width": 132,
          "x": "70%",
          "y": "94%"
        },
        "type": "ia.container.flex"
      },
      {
        "meta": {
          "name": "testRowCount",
          "visible": false
        },
        "position": {
          "height": 38,
          "rotate": {
            "anchor": "1726% 312%"
          },
          "width": 85,
          "x": "80%",
          "y": "94%"
        },
        "propConfig": {
          "props.text": {
            "binding": {
              "config": {
                "path": "../Table2.props.data"
              },
              "transforms": [
                {
                  "code": "\n\ttry:\n\t\treturn value.getRowCount()\n\texcept:\n\t\treturn \u0027\u0027\n\t\n",
                  "type": "script"
                }
              ],
              "type": "property"
            }
          }
        },
        "props": {
          "textStyle": {
            "backgroundColor": "#ffffff",
            "color": "#0C0505"
          }
        },
        "type": "ia.display.label"
      },
      {
        "meta": {
          "name": "Dropdown"
        },
        "position": {
          "height": 25,
          "width": 124,
          "x": 1298.69,
          "y": 85.31256030883789
        },
        "props": {
          "options": [
            {
              "label": "Sumarios",
              "value": 0
            },
            {
              "label": "Horas",
              "value": 1
            },
            {
              "label": "Minutos",
              "value": 2
            }
          ],
          "search": {
            "enabled": false
          },
          "value": 1
        },
        "type": "ia.input.dropdown"
      },
      {
        "custom": {
          "endTime": "2023-01-11 08:13:32",
          "offset": 3,
          "stTime": "2023-01-09 07:43:00"
        },
        "events": {
          "component": {
            "onActionPerformed": {
              "config": {
                "script": "\n\tfechaHasta \u003d self.getSibling(\"FechaHora-Hasta\").props.value\n\tfechaDesde \u003d self.getSibling(\"FechaHora-desde\").props.value\n\tintervalo \u003d self.getSibling(\"IntervaloValue\").props.value\n\ttime_type \u003d self.getSibling(\"Dropdown\").props.value\n\t\n\tif time_type \u003d\u003d 0:\n\t\ttime_range \u003d int(system.date.daysBetween(fechaDesde, fechaHasta))\n\t\tsystem.perspective.print(\"Query sumaries: \" + str(time_range))\n\t\treturn\n\telse:\n\t\tif time_type \u003d\u003d 1:\n\t\t\ttime_range \u003d int(system.date.hoursBetween(fechaDesde, fechaHasta))\n\t\t\tsystem.perspective.print(\"Query horas: \" + str(time_range))\n\t\t\tif (time_range \u003e 48) or (time_range \u003c 1):\n\t\t\t\tsystem.perspective.print(\"Cambiar rango de fechas o cambiar tipo de intervalo\")\n\t\t\t\treturn\n\t\t\tfechaint \u003d str(intervalo) + \u0027h\u0027\n\t\telse:\n\t\t\ttime_range \u003d int(system.date.minutesBetween(fechaDesde, fechaHasta))\n\t\t\tsystem.perspective.print(\"Query mins: \" + str(time_range))\n\t\t\tif (time_range \u003e 60) or (time_range \u003c 1):\n\t\t\t\tsystem.perspective.print(\"Cambiar rango de fechas o cambiar tipo de intervalo\")\n\t\t\t\treturn\n\t\t\tfechaint \u003d str(intervalo) + \u0027m\u0027\n\n\t#actual \u003d system.date.now() \n\t#offset\u003d  system.date.getTimezoneOffset()\n\tself.props.style.backgroundColor \u003d \u0027grey\u0027\n\tif self.getSibling(\"FechaHora-desde\").props.formattedValue is None:\n\t\tastTime \u003d \"\u0027*-30m\u0027\"\n\telse:\n\t\t#astTime \u003d self.getSibling(\"FechaHora-desde\").props.formattedValue\n\t\tvValue \u003d self.getSibling(\"FechaHora-desde\").props.value\n\t\taux \u003d system.date.addHours(vValue, -1*int(system.date.getTimezoneRawOffset()))\n\t\taux2 \u003d system.date.addHours(system.date.parse(aux), int(system.date.getTimezoneRawOffset())) #que hora es en el server fValue\n\t\tastTime \u003d system.db.dateFormat(aux2, \"yyyy-MM-dd HH:mm:ss\")\n\n\tif self.getSibling(\"FechaHora-Hasta\").props.formattedValue is None:\n\t\t\taendTime \u003d \"\u0027*\u0027\"\n\telse:\n\t\t#fValue \u003d self.getSibling(\"FechaHora-Hasta\").props.formattedValue\n\t\tvValue \u003d self.getSibling(\"FechaHora-Hasta\").props.value\n\t\taux \u003d system.date.addHours(vValue, -1*int(system.date.getTimezoneRawOffset()))\n\t\taux2 \u003d system.date.addHours(system.date.parse(aux), int(system.date.getTimezoneRawOffset())) #que hora es en el server fValue\n\t\taendTime \u003d system.db.dateFormat(aux2, \"YYYY-MM-dd HH:mm:ss\")\n\n\t#self.custom.offset \u003d system.date.getTimezoneOffset() #las horas de diferencia a UTC\n\n\tself.custom.stTime \u003d astTime\n\tself.custom.endTime \u003d aendTime\n\t\n\tvVal \u003d system.date.parse(system.db.dateFormat(self.getSibling(\"FechaHora-desde\").props.value, \"dd-MMM-yyyy HH:mm\"), \"dd-MMM-yyyy HH:mm\")\n\taux \u003d system.date.parse(self.getSibling(\"FechaHora-desde\").props.formattedValue, \"dd-MMM-yyyy HH:mm\")\n\tsystem.perspective.print(\"OFFSET\u003d\" + str(system.date.hoursBetween(vVal, aux)))\n\tself.custom.offset \u003d system.date.hoursBetween(vVal, aux)\n\t\"\"\"\n\tx \u003d float(system.date.minutesBetween(fechaDesde, fechaHasta))/intervalo\n\tsystem.perspective.print(\"intervalo: \" + str(x))\n\t\n\thoras\u003dFalse\n\tif x \u003e 25000:\n\t\tx \u003d float(system.date.hoursBetween(fechaDesde, fechaHasta))/intervalo\n\t\thoras \u003d True\n\t\t\n\tdias\u003dFalse\n\tif x \u003e 10000:\n\t\tx \u003d float(system.date.daysBetween(fechaDesde, fechaHasta))/intervalo\n\t\tdias \u003d True\n\t\thoras \u003d False\n\t\t\n\tif horas:\n\t\ty \u003d str(x) + \u0027h\u0027\n\t\t\n\tif dias:\n\t\ty \u003d str(x) + \u0027d\u0027\n\telse:\n\t\ty \u003d str(x) + \u0027m\u0027\n\t\"\"\"\n\tself.getSibling(\"Table2\").custom.intervalo \u003d intervalo\n\tself.getSibling(\"Table2\").custom.fechaint \u003d fechaint\n\t#system.perspective.print(\"int:\" + str(y) + \"|st: \" + astTime + \"|endT:\" + aendTime + \" INICIAR\")\n\t"
              },
              "scope": "G",
              "type": "script"
            }
          }
        },
        "meta": {
          "name": "IniciarBusqueda"
        },
        "position": {
          "height": 31.02,
          "rotate": {
            "anchor": "50% 75%"
          },
          "width": 130.02,
          "x": 904.43,
          "y": 79.8594603088379
        },
        "propConfig": {
          "meta.visible": {
            "binding": {
              "config": {
                "path": "../HideButton.custom.booleano"
              },
              "transforms": [
                {
                  "code": "\treturn not(value)",
                  "type": "script"
                }
              ],
              "type": "property"
            }
          }
        },
        "props": {
          "style": {
            "backgroundColor": "#00bc8c"
          },
          "text": "Iniciar Búsqueda",
          "textStyle": {
            "fontFamily": "sans-serif",
            "fontSize": 13
          }
        },
        "type": "ia.input.button"
      }
    ],
    "events": {
      "system": {
        "onStartup": {
          "config": {
            "script": "\tsystem.perspective.sendMessage(messageType\u003d\u0027mensajitodock\u0027, payload\u003d{\u0027mensajitodock\u0027:self.view.params.datos}, scope\u003d\u0027page\u0027)\n\tsystem.perspective.sendMessage(messageType\u003d\u0027mensajitotitulo\u0027, payload\u003d{\u0027mensajitotitulo\u0027:self.view.params.titulo}, scope\u003d\u0027page\u0027)\n\tself.getChild(\"FechaHora-Hasta\").props.value \u003d system.date.now()\n\tself.getChild(\"FechaHora-desde\").props.value \u003d system.date.addMinutes(system.date.now(), -30)"
          },
          "scope": "G",
          "type": "script"
        }
      }
    },
    "meta": {
      "name": "root"
    },
    "position": {
      "x": 170,
      "y": 1.96875
    },
    "props": {
      "style": {
        "backgroundColor": "#454d55",
        "fontSize": "16px"
      }
    },
    "type": "ia.container.coord"
  }
}