{
  "custom": {
    "int_canvas": {
      "bottom": "auto",
      "height": "100%",
      "left": "0px",
      "position": "absolute",
      "right": "auto",
      "style": {
        "classes": ""
      },
      "top": "0px",
      "viewParams": {
        "Datos": [
          [
            {
              "style": {
                "backgroundColor": "green",
                "border-width": "4px",
                "borderColor": "white",
                "borderStyle": "double",
                "color": "white",
                "font-size": 11,
                "font-weight": "bold"
              },
              "value": "04350-044 CG 7"
            }
          ],
          [
            {
              "style": {
                "backgroundColor": "green",
                "border-width": "4px",
                "borderColor": "white",
                "borderStyle": "double",
                "color": "white",
                "font-size": 11,
                "font-weight": "bold"
              },
              "value": "04258-044 Las Heras 23"
            }
          ],
          [
            {
              "style": {
                "backgroundColor": "red",
                "border-width": "4px",
                "borderColor": "yellow",
                "borderStyle": "double",
                "color": "white",
                "font-size": 11,
                "font-weight": "bold"
              },
              "value": "13137-043 Diadema"
            }
          ],
          [
            {
              "style": {
                "backgroundColor": "red",
                "border-width": "4px",
                "borderColor": "yellow",
                "borderStyle": "double",
                "color": "white",
                "font-size": 11,
                "font-weight": "bold"
              },
              "value": "13155-043 Diadema"
            }
          ],
          [
            {
              "style": {
                "backgroundColor": "red",
                "border-width": "4px",
                "borderColor": "yellow",
                "borderStyle": "double",
                "color": "white",
                "font-size": 11,
                "font-weight": "bold"
              },
              "value": "04348-044 Las Heras 23"
            }
          ],
          [
            {
              "style": {
                "backgroundColor": "red",
                "border-width": "4px",
                "borderColor": "yellow",
                "borderStyle": "double",
                "color": "white",
                "font-size": 11,
                "font-weight": "bold"
              },
              "value": "04344-044 Loma del Cuy 3"
            }
          ]
        ],
        "Location": "Comodoro Rivadavia",
        "ancho": 0,
        "pieChartDist": "Comodoro Rivadavia",
        "pieChartDistritos": [
          {
            "estado": "Marcha",
            "value": 2
          },
          {
            "estado": "Parada",
            "value": 4
          },
          {
            "estado": "Incierto",
            "value": 0
          }
        ]
      },
      "viewPath": "Exterran-EstadoFlota/EF-Table2",
      "width": "800px",
      "zIndex": 0
    }
  },
  "params": {},
  "propConfig": {
    "custom.int_canvas": {
      "persistent": true
    }
  },
  "props": {
    "defaultSize": {
      "height": 768,
      "width": 1366
    }
  },
  "root": {
    "children": [
      {
        "meta": {
          "name": "ViewCanvas",
          "tooltip": {
            "style": {
              "backgroundColor": "#454e55"
            }
          }
        },
        "position": {
          "height": "98%",
          "width": "100%"
        },
        "props": {
          "enableTransitions": false,
          "instances": [
            {
              "bottom": "auto",
              "height": "100%",
              "left": "0.0px",
              "position": "absolute",
              "right": "auto",
              "style": {
                "classes": ""
              },
              "top": "0px",
              "viewParams": {
                "Datos": [
                  {
                    "value1": {
                      "style": {
                        "backgroundColor": "grey"
                      },
                      "value": "11632-043 Confluencia"
                    },
                    "value2": {
                      "style": {
                        "backgroundColor": "grey"
                      },
                      "value": "77756-043 Chihuidos III"
                    }
                  },
                  {
                    "value1": {
                      "style": {
                        "backgroundColor": "grey"
                      },
                      "value": "74649-043 Las Bases"
                    },
                    "value2": {
                      "style": {
                        "backgroundColor": "grey"
                      },
                      "value": "215510-043 LLL 01"
                    }
                  },
                  {
                    "value1": {
                      "style": {
                        "backgroundColor": "grey"
                      },
                      "value": "215522-043 LLL 02"
                    },
                    "value2": {
                      "style": {
                        "backgroundColor": "grey"
                      },
                      "value": "13227-043 LLL 11"
                    }
                  },
                  {
                    "value1": {
                      "style": {
                        "backgroundColor": "grey"
                      },
                      "value": "215507-043 LLL 11"
                    },
                    "value2": {
                      "style": {
                        "backgroundColor": "grey"
                      },
                      "value": "215532-043 LLL 11"
                    }
                  },
                  {
                    "value1": {
                      "style": {
                        "backgroundColor": "grey"
                      },
                      "value": "76494-043 Planta Cco"
                    },
                    "value2": {
                      "style": {
                        "backgroundColor": "grey"
                      },
                      "value": "13211-043 Mangrullo"
                    }
                  },
                  {
                    "value1": {
                      "style": {
                        "backgroundColor": "grey"
                      },
                      "value": "315514-043 Mangrullo"
                    },
                    "value2": {
                      "style": {
                        "backgroundColor": "grey"
                      },
                      "value": "13247-043 El Volcán"
                    }
                  },
                  {
                    "value1": {
                      "style": {
                        "backgroundColor": "grey"
                      },
                      "value": "13237-043 Río Neuquén"
                    },
                    "value2": {
                      "style": {
                        "backgroundColor": "green",
                        "border-width": "4px",
                        "borderColor": "white",
                        "borderStyle": "double",
                        "color": "white",
                        "font-size": 11,
                        "font-weight": "bold"
                      },
                      "value": "77088-043 Bajo del Choique"
                    }
                  },
                  {
                    "value1": {
                      "style": {
                        "backgroundColor": "green",
                        "border-width": "4px",
                        "borderColor": "white",
                        "borderStyle": "double",
                        "color": "white",
                        "font-size": 11,
                        "font-weight": "bold"
                      },
                      "value": "13138-043 LLL 01"
                    },
                    "value2": {
                      "style": {
                        "backgroundColor": "green",
                        "border-width": "4px",
                        "borderColor": "white",
                        "borderStyle": "double",
                        "color": "white",
                        "font-size": 11,
                        "font-weight": "bold"
                      },
                      "value": "13139-043 LLL 01"
                    }
                  },
                  {
                    "value1": {
                      "style": {
                        "backgroundColor": "green",
                        "border-width": "4px",
                        "borderColor": "white",
                        "borderStyle": "double",
                        "color": "white",
                        "font-size": 11,
                        "font-weight": "bold"
                      },
                      "value": "215504-043 LLL 02"
                    },
                    "value2": {
                      "style": {
                        "backgroundColor": "green",
                        "border-width": "4px",
                        "borderColor": "white",
                        "borderStyle": "double",
                        "color": "white",
                        "font-size": 11,
                        "font-weight": "bold"
                      },
                      "value": "215505-043 LLL 02"
                    }
                  },
                  {
                    "value1": {
                      "style": {
                        "backgroundColor": "green",
                        "border-width": "4px",
                        "borderColor": "white",
                        "borderStyle": "double",
                        "color": "white",
                        "font-size": 11,
                        "font-weight": "bold"
                      },
                      "value": "215537-043 LLL 02"
                    },
                    "value2": {
                      "style": {
                        "backgroundColor": "green",
                        "border-width": "4px",
                        "borderColor": "white",
                        "borderStyle": "double",
                        "color": "white",
                        "font-size": 11,
                        "font-weight": "bold"
                      },
                      "value": "215541-043 LLL 03"
                    }
                  },
                  {
                    "value1": {
                      "style": {
                        "backgroundColor": "green",
                        "border-width": "4px",
                        "borderColor": "white",
                        "borderStyle": "double",
                        "color": "white",
                        "font-size": 11,
                        "font-weight": "bold"
                      },
                      "value": "13236-043 LLL 07"
                    },
                    "value2": {
                      "style": {
                        "backgroundColor": "green",
                        "border-width": "4px",
                        "borderColor": "white",
                        "borderStyle": "double",
                        "color": "white",
                        "font-size": 11,
                        "font-weight": "bold"
                      },
                      "value": "13132-043 LLL 09"
                    }
                  },
                  {
                    "value1": {
                      "style": {
                        "backgroundColor": "green",
                        "border-width": "4px",
                        "borderColor": "white",
                        "borderStyle": "double",
                        "color": "white",
                        "font-size": 11,
                        "font-weight": "bold"
                      },
                      "value": "13135-043 LLL 09"
                    },
                    "value2": {
                      "style": {
                        "backgroundColor": "green",
                        "border-width": "4px",
                        "borderColor": "white",
                        "borderStyle": "double",
                        "color": "white",
                        "font-size": 11,
                        "font-weight": "bold"
                      },
                      "value": "13136-043 LLL 09"
                    }
                  },
                  {
                    "value1": {
                      "style": {
                        "backgroundColor": "green",
                        "border-width": "4px",
                        "borderColor": "white",
                        "borderStyle": "double",
                        "color": "white",
                        "font-size": 11,
                        "font-weight": "bold"
                      },
                      "value": "13235-043 LLL 11"
                    },
                    "value2": {
                      "style": {
                        "backgroundColor": "green",
                        "border-width": "4px",
                        "borderColor": "white",
                        "borderStyle": "double",
                        "color": "white",
                        "font-size": 11,
                        "font-weight": "bold"
                      },
                      "value": "215533-043 LLL 11"
                    }
                  },
                  {
                    "value1": {
                      "style": {
                        "backgroundColor": "green",
                        "border-width": "4px",
                        "borderColor": "white",
                        "borderStyle": "double",
                        "color": "white",
                        "font-size": 11,
                        "font-weight": "bold"
                      },
                      "value": "314004-043 LLL 12"
                    },
                    "value2": {
                      "style": {
                        "backgroundColor": "green",
                        "border-width": "4px",
                        "borderColor": "white",
                        "borderStyle": "double",
                        "color": "white",
                        "font-size": 11,
                        "font-weight": "bold"
                      },
                      "value": "12497-043 Loma Campana"
                    }
                  },
                  {
                    "value1": {
                      "style": {
                        "backgroundColor": "green",
                        "border-width": "4px",
                        "borderColor": "white",
                        "borderStyle": "double",
                        "color": "white",
                        "font-size": 11,
                        "font-weight": "bold"
                      },
                      "value": "76518-043 Loma Campana"
                    },
                    "value2": {
                      "style": {
                        "backgroundColor": "green",
                        "border-width": "4px",
                        "borderColor": "white",
                        "borderStyle": "double",
                        "color": "white",
                        "font-size": 11,
                        "font-weight": "bold"
                      },
                      "value": "804018-043 Loma Campana Sudeste"
                    }
                  },
                  {
                    "value1": {
                      "style": {
                        "backgroundColor": "green",
                        "border-width": "4px",
                        "borderColor": "white",
                        "borderStyle": "double",
                        "color": "white",
                        "font-size": 11,
                        "font-weight": "bold"
                      },
                      "value": "311102-043 Planta Cco"
                    },
                    "value2": {
                      "style": {
                        "backgroundColor": "green",
                        "border-width": "4px",
                        "borderColor": "white",
                        "borderStyle": "double",
                        "color": "white",
                        "font-size": 11,
                        "font-weight": "bold"
                      },
                      "value": "314041-043 Mangrullo"
                    }
                  },
                  {
                    "value1": {
                      "style": {
                        "backgroundColor": "green",
                        "border-width": "4px",
                        "borderColor": "white",
                        "borderStyle": "double",
                        "color": "white",
                        "font-size": 11,
                        "font-weight": "bold"
                      },
                      "value": "314044-043 Mangrullo"
                    },
                    "value2": {
                      "style": {
                        "backgroundColor": "green",
                        "border-width": "4px",
                        "borderColor": "white",
                        "borderStyle": "double",
                        "color": "white",
                        "font-size": 11,
                        "font-weight": "bold"
                      },
                      "value": "315516-043 Mangrullo"
                    }
                  },
                  {
                    "value1": {
                      "style": {
                        "backgroundColor": "green",
                        "border-width": "4px",
                        "borderColor": "white",
                        "borderStyle": "double",
                        "color": "white",
                        "font-size": 11,
                        "font-weight": "bold"
                      },
                      "value": "312168-043 Medanito Turbex"
                    },
                    "value2": {
                      "style": {
                        "backgroundColor": "green",
                        "border-width": "4px",
                        "borderColor": "white",
                        "borderStyle": "double",
                        "color": "white",
                        "font-size": 11,
                        "font-weight": "bold"
                      },
                      "value": "312169-043 Medanito Turbex"
                    }
                  },
                  {
                    "value1": {
                      "style": {
                        "backgroundColor": "green",
                        "border-width": "4px",
                        "borderColor": "white",
                        "borderStyle": "double",
                        "color": "white",
                        "font-size": 11,
                        "font-weight": "bold"
                      },
                      "value": "312170-043 Medanito Turbex"
                    },
                    "value2": {
                      "style": {
                        "backgroundColor": "green",
                        "border-width": "4px",
                        "borderColor": "white",
                        "borderStyle": "double",
                        "color": "white",
                        "font-size": 11,
                        "font-weight": "bold"
                      },
                      "value": "12462-043 Aguada Chivato"
                    }
                  },
                  {
                    "value1": {
                      "style": {
                        "backgroundColor": "green",
                        "border-width": "4px",
                        "borderColor": "white",
                        "borderStyle": "double",
                        "color": "white",
                        "font-size": 11,
                        "font-weight": "bold"
                      },
                      "value": "320018-043 Río Neuquén"
                    },
                    "value2": {
                      "style": {
                        "backgroundColor": "red",
                        "border-width": "4px",
                        "borderColor": "yellow",
                        "borderStyle": "double",
                        "color": "white",
                        "font-size": 11,
                        "font-weight": "bold"
                      },
                      "value": "76192-043 Chihuidos III"
                    }
                  },
                  {
                    "value1": {
                      "style": {
                        "backgroundColor": "red",
                        "border-width": "4px",
                        "borderColor": "yellow",
                        "borderStyle": "double",
                        "color": "white",
                        "font-size": 11,
                        "font-weight": "bold"
                      },
                      "value": "72462-043 El Portón I"
                    },
                    "value2": {
                      "style": {
                        "backgroundColor": "red",
                        "border-width": "4px",
                        "borderColor": "yellow",
                        "borderStyle": "double",
                        "color": "white",
                        "font-size": 11,
                        "font-weight": "bold"
                      },
                      "value": "13238-043 LLL 01"
                    }
                  },
                  {
                    "value1": {
                      "style": {
                        "backgroundColor": "red",
                        "border-width": "4px",
                        "borderColor": "yellow",
                        "borderStyle": "double",
                        "color": "white",
                        "font-size": 11,
                        "font-weight": "bold"
                      },
                      "value": "13239-043 LLL 04"
                    },
                    "value2": {
                      "style": {
                        "backgroundColor": "red",
                        "border-width": "4px",
                        "borderColor": "yellow",
                        "borderStyle": "double",
                        "color": "white",
                        "font-size": 11,
                        "font-weight": "bold"
                      },
                      "value": "13133-043 LLL 09"
                    }
                  },
                  {
                    "value1": {
                      "style": {
                        "backgroundColor": "red",
                        "border-width": "4px",
                        "borderColor": "yellow",
                        "borderStyle": "double",
                        "color": "white",
                        "font-size": 11,
                        "font-weight": "bold"
                      },
                      "value": "13232-043 LLL 09"
                    },
                    "value2": {
                      "style": {
                        "backgroundColor": "red",
                        "border-width": "4px",
                        "borderColor": "yellow",
                        "borderStyle": "double",
                        "color": "white",
                        "font-size": 11,
                        "font-weight": "bold"
                      },
                      "value": "315515-043 Mangrullo"
                    }
                  },
                  {
                    "value1": {
                      "style": {
                        "backgroundColor": "red",
                        "border-width": "4px",
                        "borderColor": "yellow",
                        "borderStyle": "double",
                        "color": "white",
                        "font-size": 11,
                        "font-weight": "bold"
                      },
                      "value": "35187-043 Mangrullo"
                    },
                    "value2": {
                      "style": {
                        "backgroundColor": "red",
                        "border-width": "4px",
                        "borderColor": "yellow",
                        "borderStyle": "double",
                        "color": "white",
                        "font-size": 11,
                        "font-weight": "bold"
                      },
                      "value": "320016-043 Río Neuquén"
                    }
                  }
                ],
                "Location": "Neuquén",
                "ancho": 0,
                "pieChartDist": "Comodoro Rivadavia",
                "pieChartDistritos": [
                  {
                    "estado": "Marcha",
                    "value": 26
                  },
                  {
                    "estado": "Parada",
                    "value": 9
                  },
                  {
                    "estado": "Incierto",
                    "value": 13
                  }
                ]
              },
              "viewPath": "Exterran-EstadoFlota/EF-Table2",
              "width": "800px",
              "zIndex": 1
            },
            {
              "bottom": "auto",
              "height": "100%",
              "left": "0.0px",
              "position": "absolute",
              "right": "auto",
              "style": {
                "classes": ""
              },
              "top": "0px",
              "viewParams": {
                "Datos": [
                  [
                    {
                      "style": {
                        "backgroundColor": "grey"
                      },
                      "value": "215511-043 Aguaragüe"
                    }
                  ],
                  [
                    {
                      "style": {
                        "backgroundColor": "green",
                        "border-width": "4px",
                        "borderColor": "white",
                        "borderStyle": "double",
                        "color": "white",
                        "font-size": 11,
                        "font-weight": "bold"
                      },
                      "value": "307530-043 Aguaragüe"
                    }
                  ],
                  [
                    {
                      "style": {
                        "backgroundColor": "green",
                        "border-width": "4px",
                        "borderColor": "white",
                        "borderStyle": "double",
                        "color": "white",
                        "font-size": 11,
                        "font-weight": "bold"
                      },
                      "value": "320015-043 Campo Duran"
                    }
                  ],
                  [
                    {
                      "style": {
                        "backgroundColor": "green",
                        "border-width": "4px",
                        "borderColor": "white",
                        "borderStyle": "double",
                        "color": "white",
                        "font-size": 11,
                        "font-weight": "bold"
                      },
                      "value": "77894-043 Campo Duran"
                    }
                  ],
                  [
                    {
                      "style": {
                        "backgroundColor": "green",
                        "border-width": "4px",
                        "borderColor": "white",
                        "borderStyle": "double",
                        "color": "white",
                        "font-size": 11,
                        "font-weight": "bold"
                      },
                      "value": "803068-043 Campo Duran"
                    }
                  ],
                  [
                    {
                      "style": {
                        "backgroundColor": "green",
                        "border-width": "4px",
                        "borderColor": "white",
                        "borderStyle": "double",
                        "color": "white",
                        "font-size": 11,
                        "font-weight": "bold"
                      },
                      "value": "320017-043 Satélite"
                    }
                  ],
                  [
                    {
                      "style": {
                        "backgroundColor": "red",
                        "border-width": "4px",
                        "borderColor": "yellow",
                        "borderStyle": "double",
                        "color": "white",
                        "font-size": 11,
                        "font-weight": "bold"
                      },
                      "value": "312270-043 Campo Duran"
                    }
                  ]
                ],
                "Location": "NOA",
                "ancho": 0,
                "pieChartDist": "Comodoro Rivadavia",
                "pieChartDistritos": [
                  {
                    "estado": "Marcha",
                    "value": 5
                  },
                  {
                    "estado": "Parada",
                    "value": 1
                  },
                  {
                    "estado": "Incierto",
                    "value": 1
                  }
                ]
              },
              "viewPath": "Exterran-EstadoFlota/EF-Table2",
              "width": "800px",
              "zIndex": 2
            },
            {
              "bottom": "auto",
              "height": "100%",
              "left": "0.0px",
              "position": "absolute",
              "right": "auto",
              "style": {
                "classes": ""
              },
              "top": "0px",
              "viewParams": {
                "Datos": [
                  [
                    {
                      "style": {
                        "backgroundColor": "grey"
                      },
                      "value": "315518-045 Campo Indio III"
                    }
                  ],
                  [
                    {
                      "style": {
                        "backgroundColor": "grey"
                      },
                      "value": "803058-045 Campo Indio III"
                    }
                  ],
                  [
                    {
                      "style": {
                        "backgroundColor": "green",
                        "border-width": "4px",
                        "borderColor": "white",
                        "borderStyle": "double",
                        "color": "white",
                        "font-size": 11,
                        "font-weight": "bold"
                      },
                      "value": "22052-045 Barda Las Vegas"
                    }
                  ],
                  [
                    {
                      "style": {
                        "backgroundColor": "green",
                        "border-width": "4px",
                        "borderColor": "white",
                        "borderStyle": "double",
                        "color": "white",
                        "font-size": 11,
                        "font-weight": "bold"
                      },
                      "value": "70773-045 Boleadoras Compresión"
                    }
                  ],
                  [
                    {
                      "style": {
                        "backgroundColor": "green",
                        "border-width": "4px",
                        "borderColor": "white",
                        "borderStyle": "double",
                        "color": "white",
                        "font-size": 11,
                        "font-weight": "bold"
                      },
                      "value": "70794-045 Boleadoras Planta Boosters"
                    }
                  ],
                  [
                    {
                      "style": {
                        "backgroundColor": "green",
                        "border-width": "4px",
                        "borderColor": "white",
                        "borderStyle": "double",
                        "color": "white",
                        "font-size": 11,
                        "font-weight": "bold"
                      },
                      "value": "13206-045 Lago Fuego"
                    }
                  ],
                  [
                    {
                      "style": {
                        "backgroundColor": "red",
                        "border-width": "4px",
                        "borderColor": "yellow",
                        "borderStyle": "double",
                        "color": "white",
                        "font-size": 11,
                        "font-weight": "bold"
                      },
                      "value": "70772-045 Boleadoras Oeste"
                    }
                  ],
                  [
                    {
                      "style": {
                        "backgroundColor": "red",
                        "border-width": "4px",
                        "borderColor": "yellow",
                        "borderStyle": "double",
                        "color": "white",
                        "font-size": 11,
                        "font-weight": "bold"
                      },
                      "value": "70299-045 Boleadoras Planta Boosters"
                    }
                  ]
                ],
                "Location": "Río Gallegos",
                "ancho": 0,
                "pieChartDist": "Comodoro Rivadavia",
                "pieChartDistritos": [
                  {
                    "estado": "Marcha",
                    "value": 4
                  },
                  {
                    "estado": "Parada",
                    "value": 2
                  },
                  {
                    "estado": "Incierto",
                    "value": 2
                  }
                ]
              },
              "viewPath": "Exterran-EstadoFlota/EF-Table2",
              "width": "800px",
              "zIndex": 3
            },
            {
              "bottom": "auto",
              "height": "100%",
              "left": "0px",
              "position": "absolute",
              "right": "auto",
              "style": {
                "classes": ""
              },
              "top": "0px",
              "viewParams": {
                "Datos": [
                  [
                    {
                      "style": {
                        "backgroundColor": "green",
                        "border-width": "4px",
                        "borderColor": "white",
                        "borderStyle": "double",
                        "color": "white",
                        "font-size": 11,
                        "font-weight": "bold"
                      },
                      "value": "04350-044 CG 7"
                    }
                  ],
                  [
                    {
                      "style": {
                        "backgroundColor": "green",
                        "border-width": "4px",
                        "borderColor": "white",
                        "borderStyle": "double",
                        "color": "white",
                        "font-size": 11,
                        "font-weight": "bold"
                      },
                      "value": "04258-044 Las Heras 23"
                    }
                  ],
                  [
                    {
                      "style": {
                        "backgroundColor": "red",
                        "border-width": "4px",
                        "borderColor": "yellow",
                        "borderStyle": "double",
                        "color": "white",
                        "font-size": 11,
                        "font-weight": "bold"
                      },
                      "value": "13137-043 Diadema"
                    }
                  ],
                  [
                    {
                      "style": {
                        "backgroundColor": "red",
                        "border-width": "4px",
                        "borderColor": "yellow",
                        "borderStyle": "double",
                        "color": "white",
                        "font-size": 11,
                        "font-weight": "bold"
                      },
                      "value": "13155-043 Diadema"
                    }
                  ],
                  [
                    {
                      "style": {
                        "backgroundColor": "red",
                        "border-width": "4px",
                        "borderColor": "yellow",
                        "borderStyle": "double",
                        "color": "white",
                        "font-size": 11,
                        "font-weight": "bold"
                      },
                      "value": "04348-044 Las Heras 23"
                    }
                  ],
                  [
                    {
                      "style": {
                        "backgroundColor": "red",
                        "border-width": "4px",
                        "borderColor": "yellow",
                        "borderStyle": "double",
                        "color": "white",
                        "font-size": 11,
                        "font-weight": "bold"
                      },
                      "value": "04344-044 Loma del Cuy 3"
                    }
                  ]
                ],
                "Location": "Comodoro Rivadavia",
                "ancho": 0,
                "pieChartDist": "Comodoro Rivadavia",
                "pieChartDistritos": [
                  {
                    "estado": "Marcha",
                    "value": 2
                  },
                  {
                    "estado": "Parada",
                    "value": 4
                  },
                  {
                    "estado": "Incierto",
                    "value": 0
                  }
                ]
              },
              "viewPath": "Exterran-EstadoFlota/EF-Table2",
              "width": "800px",
              "zIndex": 0
            }
          ],
          "style": {
            "overflow": "scroll"
          },
          "transitionSettings": {
            "duration": "0.5s",
            "timingFunction": "linear"
          }
        },
        "type": "ia.display.viewcanvas"
      },
      {
        "custom": {
          "ACTIVO": "Path LIKE \u0027%\u0027",
          "DISTRITO": "Path LIKE \u0027%\u0027",
          "LEVELVAR": 0,
          "LOCACION": "Path LIKE \u0027%\u0027",
          "PAIS": "Path LIKE \u0027%\u0027",
          "REGION": "Path LIKE \u0027%\u0027",
          "YACIMIENTO": "Path LIKE \u0027%\u0027",
          "pieChartDistritos": [
            [
              {
                "estado": "Marcha",
                "value": 2
              },
              {
                "estado": "Parada",
                "value": 4
              },
              {
                "estado": "Incierto",
                "value": 0
              }
            ],
            [
              {
                "estado": "Marcha",
                "value": 26
              },
              {
                "estado": "Parada",
                "value": 9
              },
              {
                "estado": "Incierto",
                "value": 13
              }
            ],
            [
              {
                "estado": "Marcha",
                "value": 5
              },
              {
                "estado": "Parada",
                "value": 1
              },
              {
                "estado": "Incierto",
                "value": 1
              }
            ],
            [
              {
                "estado": "Marcha",
                "value": 4
              },
              {
                "estado": "Parada",
                "value": 2
              },
              {
                "estado": "Incierto",
                "value": 2
              }
            ]
          ],
          "update": true
        },
        "events": {
          "system": {
            "onStartup": {
              "config": {
                "script": "\tsystem.perspective.sendMessage(messageType\u003d\u0027status\u0027, payload\u003d{\u0027test\u0027:\"andando\"}, scope\u003d\u0027page\u0027)"
              },
              "scope": "G",
              "type": "script"
            }
          }
        },
        "meta": {
          "name": "Table_6",
          "visible": false
        },
        "position": {
          "height": 446,
          "width": 543
        },
        "propConfig": {
          "custom.borderColor_celda": {
            "binding": {
              "config": {
                "parameters": {
                  "Activo": "{this.custom.ACTIVO}",
                  "Distrito": "{this.custom.DISTRITO}",
                  "Locacion": "{this.custom.LOCACION}",
                  "Pais": "{this.custom.PAIS}",
                  "Region": "{this.custom.REGION}",
                  "Yacimiento": "{this.custom.YACIMIENTO}",
                  "level_var": "{this.custom.LEVELVAR}"
                },
                "queryPath": "Queries Tablas/QueriesEstadoFlot/RTQP-GestionEventosCanvasView",
                "returnFormat": "json"
              },
              "type": "query"
            }
          },
          "props.data": {
            "binding": {
              "config": {
                "designerUseLimit": false,
                "parameters": {
                  "Activo": "{this.custom.ACTIVO}",
                  "Distrito": "{this.custom.DISTRITO}",
                  "Locacion": "{this.custom.LOCACION}",
                  "Pais": "{this.custom.PAIS}",
                  "Region": "{this.custom.REGION}",
                  "Yacimiento": "{this.custom.YACIMIENTO}",
                  "level_var": "{this.custom.LEVELVAR}"
                },
                "polling": {
                  "enabled": true,
                  "rate": "60"
                },
                "queryPath": "Queries Tablas/QueriesEstadoFlot/EstadosyNombres",
                "returnFormat": "json"
              },
              "transforms": [
                {
                  "code": "\tlisDis \u003d []\n\tdataTablas \u003d []\n\tmyData \u003d value\n\testiloNada \u003d {\"style\": {\"backgroundColor\": \"#454e55\"},\"value\": \"\" }\n\tanchoScreen \u003d self.page.props.dimensions.primaryView.width\n\tdistrCortos \u003d 0\n\tv_canvas \u003d self.getSibling(\"ViewCanvas\")\n\t\n\tm \u003d -1\n\tself.custom.pieChartDistritos \u003d []\n\tj \u003d 0\n\twhile j in range(len(myData)):\n\t    thisDis \u003d myData[j].DISTRITO\n\t    if not thisDis in lisDis:\n\t        lisDis.append(thisDis)\n\t        dataTablas.append([])\n\t        distrCortos \u003d distrCortos +1 \n\t        m \u003d m + 1\n\t        self.custom.pieChartDistritos.append([{\"value\":0, \"estado\":\"Marcha\"},{\"value\":0, \"estado\":\"Parada\"},{\"value\":0, \"estado\":\"Incierto\"}])\n\t        \n\t    while thisDis \u003d\u003d lisDis[m] and j in range(len(myData)):\n\t        if j \u003d\u003d 15:\n\t            distrCortos \u003d distrCortos +1 \n\t        #if j \u003d\u003d 30:\n\t        #\tdistrCortos \u003d distrCortos +1 \n\t        astivo \u003d str(myData[j].ACTIVO) + \" \" + (myData[j].LOCACION)\n\t        thisDis \u003d myData[j].DISTRITO   \n\t        estadoij \u003d myData[j].ESTADOIJ   \n\t        #BordesParo \u003d [{\"style\": {\u0027borderStyle\u0027: \u0027double\u0027, \u0027border-width\u0027: \u00274px\u0027,\u0027border-width\u0027: \u00274px\u0027,\u0027borderColor\u0027: \u0027orange\u0027, \u0027font-weight\u0027: \u0027bold\u0027, \u0027font-size\u0027: 11},\"value\": astivo }]\n\t        estiloParo \u003d [{\"style\": {\"backgroundColor\": \"red\",\u0027borderStyle\u0027: \u0027double\u0027, \u0027border-width\u0027: \u00274px\u0027,\u0027border-width\u0027: \u00274px\u0027, \u0027borderColor\u0027: \u0027yellow\u0027, \u0027color\u0027: \u0027white\u0027, \u0027font-weight\u0027: \u0027bold\u0027, \u0027font-size\u0027: 11},\"value\": astivo }]\n\t        #estiloMarcha \u003d [{\"style\": {\"backgroundColor\": \"green\"},\"value\": astivo }]\n\t        estiloMarcha \u003d [{\"style\":{\"backgroundColor\": \"green\",\u0027borderStyle\u0027: \u0027double\u0027, \u0027border-width\u0027: \u00274px\u0027,\u0027border-width\u0027: \u00274px\u0027, \u0027borderColor\u0027: \u0027white\u0027, \u0027color\u0027: \u0027white\u0027, \u0027font-weight\u0027: \u0027bold\u0027, \u0027font-size\u0027: 11},\"value\": astivo}]\n\t        estiloIncierto \u003d [{\"style\": {\"backgroundColor\": \"grey\"},\"value\": astivo }]\n\t        \n\t        if estadoij \u003d\u003d \"Marcha\":\n\t            dataTablas[m].append( estiloMarcha )\n\t            self.custom.pieChartDistritos[m][0].value \u003d self.custom.pieChartDistritos[m][0].value +1\n\t        elif estadoij \u003d\u003d \"Parada\":\n\t            dataTablas[m].append( estiloParo )\n\t            self.custom.pieChartDistritos[m][1].value \u003d self.custom.pieChartDistritos[m][1].value +1\n\t        else:\n\t            dataTablas[m].append( estiloIncierto )\n\t            self.custom.pieChartDistritos[m][2].value \u003d self.custom.pieChartDistritos[m][2].value +1\n\t\n\t        j \u003d j + 1\n\t        try: \n\t            thisDis \u003d myData[j].DISTRITO\n\t        except:\n\t            thisDis \u003d thisDis\n\t\n\t\n\t\n\tv_canvas.props.instances \u003d []\n\t\n\tfor distrito in range(len(lisDis)):\t #un canvas por item in lista distritos\t\n\t    \n\t    largoInstancia \u003d len(dataTablas[distrito])\n\t    ult \u003d len(v_canvas.props.instances)\n\t    \n\t    ####################POSICIONAMIENTO INICIAL###############\n\t    if (ult \u003d\u003d 0):\n\t        new_ins \u003d self.view.custom.int_canvas\n\t        new_ins.left \u003d str(\"0px\")\n\t        new_ins.zIndex \u003d 0\n\t    else:\n\t        new_ins \u003d v_canvas.props.instances[ult-1]\n\t        new_ins.zIndex \u003d ult\n\t        acum \u003d 0\n\t        ins \u003d 0\n\t        for ins in range(ult):\n\t            acum \u003d float(v_canvas.props.instances[ins].viewParams.ancho) + float(acum)\n\t        new_ins.left \u003d str(acum) + \"px\"\n\t    ####################POSICIONAMIENTO INICIAL###############\n\t    \n\t    ###################WIDTH INSTANCIA#####################\n\t    if largoInstancia \u003e\u003d 15:\n\t        #new_ins.width \u003d \"300px\" #str((anchoScreen/distrCortos)*2) + \"px\"\n\t        new_ins.viewParams.ancho \u003d float((anchoScreen/distrCortos)*2)\n\t    else: \n\t        #new_ins.width \u003d \"800px\"80\" #str(anchoScreen/distrCortos) + \"px\"\n\t        new_ins.viewParams.ancho \u003d float(anchoScreen/distrCortos)\n\t    ###################WIDTH INSTANCIA#####################\n\t\n\t    #################PARAMETROS ARRIBA#######################\n\t    new_ins.viewParams.pieChartDistritos \u003d self.custom.pieChartDistritos[distrito]\n\t    new_ins.viewParams.Location \u003d lisDis[distrito]\n\t    #################PARAMETROS ARRIBA#######################\n\t    \n\t    v_canvas.props.instances.append(new_ins)\n\t    if v_canvas.meta.visible \u003d\u003d False:\n\t        v_canvas.meta.visible \u003d True\n\t        self.custom.update \u003d True\n\t    else:\n\t        #################PASAJE DE DATOS#######################\n\t        if largoInstancia \u003c 15:\n\t        \tif new_ins.viewParams.Datos \u003c\u003e dataTablas[distrito]:\n\t\t\t\t\tnew_ins.viewParams.Datos \u003d dataTablas[distrito]\n\t        if largoInstancia \u003e\u003d 15:\n\t            dataTablaDos \u003d []\n\t            filita \u003d 0\n\t            while filita in range(largoInstancia):\n\t                try: # if largo mod 2 hago esto, analizar caso impar\n\t                    dataTablaDos.append({\"value1\": dataTablas[distrito][filita][0], \"value2\": dataTablas[distrito][filita+1][0]})\n\t                    filita \u003d filita + 2\n\t                except:\n\t                    dataTablaDos.append({\"value1\": dataTablas[distrito][filita][0], \"value2\": estiloNada})\n\t                    filita \u003d filita + 2\n\t            if new_ins.viewParams.Datos \u003c\u003e dataTablaDos:\n\t           \t\tnew_ins.viewParams.Datos \u003d dataTablaDos\n\t        #################PASAJE DE DATOS#######################\n\treturn value\n\t\n",
                  "type": "script"
                }
              ],
              "type": "query"
            }
          }
        },
        "props": {
          "bodyStyle": {
            "classes": "PopiedadesTabla/Exterran-Style-Table-bodyStyle"
          },
          "cells": {
            "allowEditOn": "long-press"
          },
          "columns": [
            {
              "align": "center",
              "boolean": "checkbox",
              "dateFormat": "MM/DD/YYYY",
              "editable": false,
              "field": "",
              "footer": {
                "align": "center",
                "justify": "left",
                "style": {
                  "classes": ""
                },
                "title": ""
              },
              "header": {
                "align": "center",
                "justify": "left",
                "style": {
                  "classes": ""
                },
                "title": ""
              },
              "justify": "auto",
              "number": "value",
              "numberFormat": "0,0.##",
              "progressBar": {
                "bar": {
                  "color": "",
                  "style": {
                    "classes": ""
                  }
                },
                "max": 100,
                "min": 0,
                "track": {
                  "color": "",
                  "style": {
                    "classes": ""
                  }
                },
                "value": {
                  "enabled": true,
                  "format": "0,0.##",
                  "justify": "center",
                  "style": {
                    "classes": ""
                  }
                }
              },
              "render": "auto",
              "resizable": true,
              "sort": "none",
              "sortable": true,
              "strictWidth": false,
              "style": {
                "classes": ""
              },
              "toggleSwitch": {
                "color": {
                  "selected": "",
                  "unselected": ""
                }
              },
              "viewParams": {},
              "viewPath": "",
              "visible": true,
              "width": ""
            }
          ],
          "dragOrderable": false,
          "emptyMessage": {
            "noData": {
              "icon": {
                "color": "#FFFFFF",
                "path": "material/360",
                "style": {
                  "backgroundColor": "303030"
                }
              },
              "text": "Esperando datos...",
              "textStyle": {
                "color": "#FFFFFF",
                "fontFamily": "Roboto",
                "fontSize": 20
              }
            },
            "style": {
              "classes": "PopiedadesTabla/Exterran-Style-EmpityMessagebackground"
            }
          },
          "filter": {
            "style": {
              "classes": "PopiedadesTabla/Exterran-Style-Table-Filter"
            }
          },
          "headerStyle": {
            "classes": "PopiedadesTabla/Exterran-Style-Table-Header"
          },
          "instances": [],
          "pager": {
            "bottom": false,
            "initialOption": 0,
            "options": [
              10,
              30,
              50,
              100,
              150
            ],
            "style": {
              "classes": "PopiedadesTabla/Exterran-Style-Table-Pager"
            }
          },
          "rows": {
            "height": 30,
            "highlight": {
              "color": "#122E42"
            },
            "striped": {
              "enabled": false
            },
            "style": {
              "classes": "PopiedadesTabla/Exterran-Style-Table-Rows"
            },
            "subview": {
              "enabled": true,
              "viewParams": {
                "key": ""
              },
              "viewPath": "Exterran-EstadoFlota/IconAlarma"
            }
          },
          "selection": {
            "enableColumnSelection": true
          },
          "style": {
            "classes": "PopiedadesTabla/Exterran-Style-StyleGeneral",
            "fontSize": 12
          },
          "virtualized": false
        },
        "scripts": {
          "customMethods": [],
          "extensionFunctions": null,
          "messageHandlers": [
            {
              "messageType": "mensajito",
              "pageScope": true,
              "script": "\t# implement your handler here\n\tself.custom.REGION \u003d payload[\"regionSes\"]\n\tself.custom.PAIS \u003d payload[\"paisSes\"]\n\tself.custom.DISTRITO \u003d payload[\"distritoSes\"]\n\tself.custom.YACIMIENTO \u003d payload[\"yacimientoSes\"]\n\tself.custom.LOCACION \u003d payload[\"locacionSes\"]\n\tself.custom.ACTIVO \u003d payload[\"activoSes\"]\n\tself.custom.LEVELVAR \u003d payload[\"levelvarSes\"]",
              "sessionScope": false,
              "viewScope": false
            },
            {
              "messageType": "botonExcel",
              "pageScope": true,
              "script": "\tdatos \u003d system.dataset.toPyDataSet(self.props.data) #datos tabla es un label que contiene el value [dataset] de la tabla \n\texcel \u003d system.dataset.toCSV(datos)\n\tfilename\u003d \u0027datos de Tabla.csv\u0027\n\tsystem.perspective.download(filename,excel)",
              "sessionScope": false,
              "viewScope": false
            }
          ]
        },
        "type": "ia.display.table"
      },
      {
        "children": [
          {
            "events": {
              "dom": {
                "onMouseEnter": {
                  "config": {
                    "script": "\tself.props.style.color\u003d \"#3496FF\" "
                  },
                  "scope": "G",
                  "type": "script"
                },
                "onMouseLeave": {
                  "config": {
                    "script": "\tself.props.style.color\u003d \"#007BFF\""
                  },
                  "scope": "G",
                  "type": "script"
                }
              }
            },
            "meta": {
              "name": "HomeLink"
            },
            "position": {
              "basis": "49px"
            },
            "props": {
              "style": {
                "classes": "Exterran-NavLinkStyleHome",
                "color": "#007BFF"
              },
              "target": "self",
              "text": "Home ",
              "url": "/"
            },
            "type": "ia.navigation.link"
          },
          {
            "meta": {
              "name": "Estado de flota"
            },
            "position": {
              "basis": "180px"
            },
            "props": {
              "alignVertical": "bottom",
              "style": {
                "classes": "Exterran-NavLinkStyle"
              },
              "text": "/  Estado de Flota"
            },
            "type": "ia.display.label"
          }
        ],
        "meta": {
          "name": "RutaNav"
        },
        "position": {
          "height": 20,
          "width": 250,
          "y": "2%0"
        },
        "propConfig": {
          "position.x": {
            "binding": {
              "config": {
                "path": "page.props.dimensions.primaryView.width"
              },
              "transforms": [
                {
                  "code": "\treturn value-250",
                  "type": "script"
                }
              ],
              "type": "property"
            }
          }
        },
        "type": "ia.container.flex"
      }
    ],
    "custom": {
      "key": {
        "bottom": "auto",
        "height": "auto",
        "left": "0px",
        "position": "absolute",
        "right": "auto",
        "style": {
          "classes": ""
        },
        "top": "0px",
        "viewParams": {
          "Datos": [
            [
              {
                "style": {
                  "backgroundColor": "#00FF00"
                },
                "value": "72807-043 Cutral-Co"
              },
              {
                "style": {
                  "backgroundColor": "#EF0922"
                },
                "value": "72807-043 Cutral-CU"
              }
            ],
            [
              {
                "style": {
                  "backgroundColor": "#EF0922"
                },
                "value": "72807-043 Cutral-Co"
              },
              {
                "style": {
                  "backgroundColor": "#00FF00"
                },
                "value": "72807-043 Diadema"
              },
              {
                "style": {
                  "backgroundColor": "#EF0922"
                },
                "value": "72807-043 Cutral-Co"
              },
              {
                "style": {
                  "backgroundColor": "#00FF00"
                },
                "value": "72807-043 Diadema"
              },
              {
                "style": {
                  "backgroundColor": "#EF0922"
                },
                "value": "72807-043 Cutral-Co"
              },
              {
                "style": {
                  "backgroundColor": "#00FF00"
                },
                "value": "72807-043 Diadema"
              },
              {
                "style": {
                  "backgroundColor": "#EF0922"
                },
                "value": "72807-043 Cutral-Co"
              },
              {
                "style": {
                  "backgroundColor": "#00FF00"
                },
                "value": "72807-043 Diadema"
              },
              {
                "style": {
                  "backgroundColor": "#EF0922"
                },
                "value": "72807-043 Cutral-Co"
              },
              {
                "style": {
                  "backgroundColor": "#00FF00"
                },
                "value": "72807-043 Diadema"
              },
              {
                "style": {
                  "backgroundColor": "#EF0922"
                },
                "value": "72807-043 Cutral-Co"
              },
              {
                "style": {
                  "backgroundColor": "#00FF00"
                },
                "value": "72807-043 Diadema"
              },
              {
                "style": {
                  "backgroundColor": "#EF0922"
                },
                "value": "72807-043 Cutral-Co"
              },
              {
                "style": {
                  "backgroundColor": "#00FF00"
                },
                "value": "72807-043 Diadema"
              },
              {
                "style": {
                  "backgroundColor": "#EF0922"
                },
                "value": "72807-043 Cutral-Co"
              },
              {
                "style": {
                  "backgroundColor": "#00FF00"
                },
                "value": "72807-043 Diadema"
              },
              {
                "style": {
                  "backgroundColor": "#EF0922"
                },
                "value": "72807-043 Cutral-Co"
              },
              {
                "style": {
                  "backgroundColor": "#00FF00"
                },
                "value": "72807-043 Diadema"
              }
            ],
            [
              {
                "style": {
                  "backgroundColor": "#EF0922"
                },
                "value": "72807-043 Cutral-Co"
              },
              {
                "style": {
                  "backgroundColor": "#00FF00"
                },
                "value": "72807-043 Diadema"
              },
              {
                "style": {
                  "backgroundColor": "#EF0922"
                },
                "value": "72807-043 Cutral-Co"
              },
              {
                "style": {
                  "backgroundColor": "#00FF00"
                },
                "value": "72807-043 Diadema"
              },
              {
                "style": {
                  "backgroundColor": "#EF0922"
                },
                "value": "72807-043 Cutral-Co"
              },
              {
                "style": {
                  "backgroundColor": "#00FF00"
                },
                "value": "72807-043 Diadema"
              },
              {
                "style": {
                  "backgroundColor": "#EF0922"
                },
                "value": "72807-043 Cutral-Co"
              },
              {
                "style": {
                  "backgroundColor": "#00FF00"
                },
                "value": "72807-043 Diadema"
              },
              {
                "style": {
                  "backgroundColor": "#EF0922"
                },
                "value": "72807-043 Cutral-Co"
              },
              {
                "style": {
                  "backgroundColor": "#00FF00"
                },
                "value": "72807-043 Diadema"
              },
              {
                "style": {
                  "backgroundColor": "#EF0922"
                },
                "value": "72807-043 Cutral-Co"
              },
              {
                "style": {
                  "backgroundColor": "#00FF00"
                },
                "value": "72807-043 Diadema"
              },
              {
                "style": {
                  "backgroundColor": "#EF0922"
                },
                "value": "72807-043 Cutral-Co"
              },
              {
                "style": {
                  "backgroundColor": "#00FF00"
                },
                "value": "72807-043 Diadema"
              },
              {
                "style": {
                  "backgroundColor": "#EF0922"
                },
                "value": "72807-043 Cutral-Co"
              },
              {
                "style": {
                  "backgroundColor": "#00FF00"
                },
                "value": "72807-043 Diadema"
              },
              {
                "style": {
                  "backgroundColor": "#EF0922"
                },
                "value": "72807-043 Cutral-Co"
              },
              {
                "style": {
                  "backgroundColor": "#00FF00"
                },
                "value": "72807-043 Diadema"
              }
            ],
            [
              {
                "style": {
                  "backgroundColor": "#EF0922"
                },
                "value": "72807-043 Cutral-Co"
              },
              {
                "style": {
                  "backgroundColor": "#00FF00"
                },
                "value": "72807-043 Diadema"
              },
              {
                "style": {
                  "backgroundColor": "#EF0922"
                },
                "value": "72807-043 Cutral-Co"
              },
              {
                "style": {
                  "backgroundColor": "#00FF00"
                },
                "value": "72807-043 Diadema"
              },
              {
                "style": {
                  "backgroundColor": "#EF0922"
                },
                "value": "72807-043 Cutral-Co"
              },
              {
                "style": {
                  "backgroundColor": "#00FF00"
                },
                "value": "72807-043 Diadema"
              },
              {
                "style": {
                  "backgroundColor": "#EF0922"
                },
                "value": "72807-043 Cutral-Co"
              },
              {
                "style": {
                  "backgroundColor": "#00FF00"
                },
                "value": "72807-043 Diadema"
              },
              {
                "style": {
                  "backgroundColor": "#EF0922"
                },
                "value": "72807-043 Cutral-Co"
              },
              {
                "style": {
                  "backgroundColor": "#00FF00"
                },
                "value": "72807-043 Diadema"
              },
              {
                "style": {
                  "backgroundColor": "#EF0922"
                },
                "value": "72807-043 Cutral-Co"
              },
              {
                "style": {
                  "backgroundColor": "#00FF00"
                },
                "value": "72807-043 Diadema"
              },
              {
                "style": {
                  "backgroundColor": "#EF0922"
                },
                "value": "72807-043 Cutral-Co"
              },
              {
                "style": {
                  "backgroundColor": "#00FF00"
                },
                "value": "72807-043 Diadema"
              },
              {
                "style": {
                  "backgroundColor": "#EF0922"
                },
                "value": "72807-043 Cutral-Co"
              },
              {
                "style": {
                  "backgroundColor": "#00FF00"
                },
                "value": "72807-043 Diadema"
              },
              {
                "style": {
                  "backgroundColor": "#EF0922"
                },
                "value": "72807-043 Cutral-Co"
              },
              {
                "style": {
                  "backgroundColor": "#00FF00"
                },
                "value": "72807-043 Diadema"
              }
            ],
            [
              {
                "style": {
                  "backgroundColor": "#EF0922"
                },
                "value": "72807-043 Cutral-Co"
              },
              {
                "style": {
                  "backgroundColor": "#00FF00"
                },
                "value": "72807-043 Diadema"
              },
              {
                "style": {
                  "backgroundColor": "#EF0922"
                },
                "value": "72807-043 Cutral-Co"
              },
              {
                "style": {
                  "backgroundColor": "#00FF00"
                },
                "value": "72807-043 Diadema"
              },
              {
                "style": {
                  "backgroundColor": "#EF0922"
                },
                "value": "72807-043 Cutral-Co"
              },
              {
                "style": {
                  "backgroundColor": "#00FF00"
                },
                "value": "72807-043 Diadema"
              },
              {
                "style": {
                  "backgroundColor": "#EF0922"
                },
                "value": "72807-043 Cutral-Co"
              },
              {
                "style": {
                  "backgroundColor": "#00FF00"
                },
                "value": "72807-043 Diadema"
              },
              {
                "style": {
                  "backgroundColor": "#EF0922"
                },
                "value": "72807-043 Cutral-Co"
              },
              {
                "style": {
                  "backgroundColor": "#00FF00"
                },
                "value": "72807-043 Diadema"
              },
              {
                "style": {
                  "backgroundColor": "#EF0922"
                },
                "value": "72807-043 Cutral-Co"
              },
              {
                "style": {
                  "backgroundColor": "#00FF00"
                },
                "value": "72807-043 Diadema"
              },
              {
                "style": {
                  "backgroundColor": "#EF0922"
                },
                "value": "72807-043 Cutral-Co"
              },
              {
                "style": {
                  "backgroundColor": "#00FF00"
                },
                "value": "72807-043 Diadema"
              },
              {
                "style": {
                  "backgroundColor": "#EF0922"
                },
                "value": "72807-043 Cutral-Co"
              },
              {
                "style": {
                  "backgroundColor": "#00FF00"
                },
                "value": "72807-043 Diadema"
              },
              {
                "style": {
                  "backgroundColor": "#EF0922"
                },
                "value": "72807-043 Cutral-Co"
              },
              {
                "style": {
                  "backgroundColor": "#00FF00"
                },
                "value": "72807-043 Diadema"
              }
            ],
            [
              {
                "style": {
                  "backgroundColor": "#EF0922"
                },
                "value": "72807-043 Cutral-Co"
              },
              {
                "style": {
                  "backgroundColor": "#00FF00"
                },
                "value": "72807-043 Diadema"
              },
              {
                "style": {
                  "backgroundColor": "#EF0922"
                },
                "value": "72807-043 Cutral-Co"
              },
              {
                "style": {
                  "backgroundColor": "#00FF00"
                },
                "value": "72807-043 Diadema"
              },
              {
                "style": {
                  "backgroundColor": "#EF0922"
                },
                "value": "72807-043 Cutral-Co"
              },
              {
                "style": {
                  "backgroundColor": "#00FF00"
                },
                "value": "72807-043 Diadema"
              },
              {
                "style": {
                  "backgroundColor": "#EF0922"
                },
                "value": "72807-043 Cutral-Co"
              },
              {
                "style": {
                  "backgroundColor": "#00FF00"
                },
                "value": "72807-043 Diadema"
              },
              {
                "style": {
                  "backgroundColor": "#EF0922"
                },
                "value": "72807-043 Cutral-Co"
              },
              {
                "style": {
                  "backgroundColor": "#00FF00"
                },
                "value": "72807-043 Diadema"
              },
              {
                "style": {
                  "backgroundColor": "#EF0922"
                },
                "value": "72807-043 Cutral-Co"
              },
              {
                "style": {
                  "backgroundColor": "#00FF00"
                },
                "value": "72807-043 Diadema"
              },
              {
                "style": {
                  "backgroundColor": "#EF0922"
                },
                "value": "72807-043 Cutral-Co"
              },
              {
                "style": {
                  "backgroundColor": "#00FF00"
                },
                "value": "72807-043 Diadema"
              },
              {
                "style": {
                  "backgroundColor": "#EF0922"
                },
                "value": "72807-043 Cutral-Co"
              },
              {
                "style": {
                  "backgroundColor": "#00FF00"
                },
                "value": "72807-043 Diadema"
              },
              {
                "style": {
                  "backgroundColor": "#EF0922"
                },
                "value": "72807-043 Cutral-Co"
              },
              {
                "style": {
                  "backgroundColor": "#00FF00"
                },
                "value": "72807-043 Diadema"
              }
            ],
            [
              {
                "style": {
                  "backgroundColor": "#EF0922"
                },
                "value": "72807-043 Cutral-Co"
              },
              {
                "style": {
                  "backgroundColor": "#00FF00"
                },
                "value": "72807-043 Diadema"
              },
              {
                "style": {
                  "backgroundColor": "#EF0922"
                },
                "value": "72807-043 Cutral-Co"
              },
              {
                "style": {
                  "backgroundColor": "#00FF00"
                },
                "value": "72807-043 Diadema"
              },
              {
                "style": {
                  "backgroundColor": "#EF0922"
                },
                "value": "72807-043 Cutral-Co"
              },
              {
                "style": {
                  "backgroundColor": "#00FF00"
                },
                "value": "72807-043 Diadema"
              },
              {
                "style": {
                  "backgroundColor": "#EF0922"
                },
                "value": "72807-043 Cutral-Co"
              },
              {
                "style": {
                  "backgroundColor": "#00FF00"
                },
                "value": "72807-043 Diadema"
              },
              {
                "style": {
                  "backgroundColor": "#EF0922"
                },
                "value": "72807-043 Cutral-Co"
              },
              {
                "style": {
                  "backgroundColor": "#00FF00"
                },
                "value": "72807-043 Diadema"
              },
              {
                "style": {
                  "backgroundColor": "#EF0922"
                },
                "value": "72807-043 Cutral-Co"
              },
              {
                "style": {
                  "backgroundColor": "#00FF00"
                },
                "value": "72807-043 Diadema"
              },
              {
                "style": {
                  "backgroundColor": "#EF0922"
                },
                "value": "72807-043 Cutral-Co"
              },
              {
                "style": {
                  "backgroundColor": "#00FF00"
                },
                "value": "72807-043 Diadema"
              },
              {
                "style": {
                  "backgroundColor": "#EF0922"
                },
                "value": "72807-043 Cutral-Co"
              },
              {
                "style": {
                  "backgroundColor": "#00FF00"
                },
                "value": "72807-043 Diadema"
              },
              {
                "style": {
                  "backgroundColor": "#EF0922"
                },
                "value": "72807-043 Cutral-Co"
              },
              {
                "style": {
                  "backgroundColor": "#00FF00"
                },
                "value": "72807-043 Diadema"
              }
            ],
            [
              {
                "style": {
                  "backgroundColor": "#EF0922"
                },
                "value": "72807-043 Cutral-Co"
              },
              {
                "style": {
                  "backgroundColor": "#00FF00"
                },
                "value": "72807-043 Diadema"
              },
              {
                "style": {
                  "backgroundColor": "#EF0922"
                },
                "value": "72807-043 Cutral-Co"
              },
              {
                "style": {
                  "backgroundColor": "#00FF00"
                },
                "value": "72807-043 Diadema"
              },
              {
                "style": {
                  "backgroundColor": "#EF0922"
                },
                "value": "72807-043 Cutral-Co"
              },
              {
                "style": {
                  "backgroundColor": "#00FF00"
                },
                "value": "72807-043 Diadema"
              },
              {
                "style": {
                  "backgroundColor": "#EF0922"
                },
                "value": "72807-043 Cutral-Co"
              },
              {
                "style": {
                  "backgroundColor": "#00FF00"
                },
                "value": "72807-043 Diadema"
              },
              {
                "style": {
                  "backgroundColor": "#EF0922"
                },
                "value": "72807-043 Cutral-Co"
              },
              {
                "style": {
                  "backgroundColor": "#00FF00"
                },
                "value": "72807-043 Diadema"
              },
              {
                "style": {
                  "backgroundColor": "#EF0922"
                },
                "value": "72807-043 Cutral-Co"
              },
              {
                "style": {
                  "backgroundColor": "#00FF00"
                },
                "value": "72807-043 Diadema"
              },
              {
                "style": {
                  "backgroundColor": "#EF0922"
                },
                "value": "72807-043 Cutral-Co"
              },
              {
                "style": {
                  "backgroundColor": "#00FF00"
                },
                "value": "72807-043 Diadema"
              },
              {
                "style": {
                  "backgroundColor": "#EF0922"
                },
                "value": "72807-043 Cutral-Co"
              },
              {
                "style": {
                  "backgroundColor": "#00FF00"
                },
                "value": "72807-043 Diadema"
              },
              {
                "style": {
                  "backgroundColor": "#EF0922"
                },
                "value": "72807-043 Cutral-Co"
              },
              {
                "style": {
                  "backgroundColor": "#00FF00"
                },
                "value": "72807-043 Diadema"
              }
            ],
            [
              {
                "style": {
                  "backgroundColor": "#EF0922"
                },
                "value": "72807-043 Cutral-Co"
              },
              {
                "style": {
                  "backgroundColor": "#00FF00"
                },
                "value": "72807-043 Diadema"
              },
              {
                "style": {
                  "backgroundColor": "#EF0922"
                },
                "value": "72807-043 Cutral-Co"
              },
              {
                "style": {
                  "backgroundColor": "#00FF00"
                },
                "value": "72807-043 Diadema"
              },
              {
                "style": {
                  "backgroundColor": "#EF0922"
                },
                "value": "72807-043 Cutral-Co"
              },
              {
                "style": {
                  "backgroundColor": "#00FF00"
                },
                "value": "72807-043 Diadema"
              },
              {
                "style": {
                  "backgroundColor": "#EF0922"
                },
                "value": "72807-043 Cutral-Co"
              },
              {
                "style": {
                  "backgroundColor": "#00FF00"
                },
                "value": "72807-043 Diadema"
              },
              {
                "style": {
                  "backgroundColor": "#EF0922"
                },
                "value": "72807-043 Cutral-Co"
              },
              {
                "style": {
                  "backgroundColor": "#00FF00"
                },
                "value": "72807-043 Diadema"
              },
              {
                "style": {
                  "backgroundColor": "#EF0922"
                },
                "value": "72807-043 Cutral-Co"
              },
              {
                "style": {
                  "backgroundColor": "#00FF00"
                },
                "value": "72807-043 Diadema"
              },
              {
                "style": {
                  "backgroundColor": "#EF0922"
                },
                "value": "72807-043 Cutral-Co"
              },
              {
                "style": {
                  "backgroundColor": "#00FF00"
                },
                "value": "72807-043 Diadema"
              },
              {
                "style": {
                  "backgroundColor": "#EF0922"
                },
                "value": "72807-043 Cutral-Co"
              },
              {
                "style": {
                  "backgroundColor": "#00FF00"
                },
                "value": "72807-043 Diadema"
              },
              {
                "style": {
                  "backgroundColor": "#EF0922"
                },
                "value": "72807-043 Cutral-Co"
              },
              {
                "style": {
                  "backgroundColor": "#00FF00"
                },
                "value": "72807-043 Diadema"
              }
            ],
            [
              {
                "style": {
                  "backgroundColor": "#EF0922"
                },
                "value": "72807-043 Cutral-Co"
              },
              {
                "style": {
                  "backgroundColor": "#00FF00"
                },
                "value": "72807-043 Diadema"
              },
              {
                "style": {
                  "backgroundColor": "#EF0922"
                },
                "value": "72807-043 Cutral-Co"
              },
              {
                "style": {
                  "backgroundColor": "#00FF00"
                },
                "value": "72807-043 Diadema"
              },
              {
                "style": {
                  "backgroundColor": "#EF0922"
                },
                "value": "72807-043 Cutral-Co"
              },
              {
                "style": {
                  "backgroundColor": "#00FF00"
                },
                "value": "72807-043 Diadema"
              },
              {
                "style": {
                  "backgroundColor": "#EF0922"
                },
                "value": "72807-043 Cutral-Co"
              },
              {
                "style": {
                  "backgroundColor": "#00FF00"
                },
                "value": "72807-043 Diadema"
              },
              {
                "style": {
                  "backgroundColor": "#EF0922"
                },
                "value": "72807-043 Cutral-Co"
              },
              {
                "style": {
                  "backgroundColor": "#00FF00"
                },
                "value": "72807-043 Diadema"
              },
              {
                "style": {
                  "backgroundColor": "#EF0922"
                },
                "value": "72807-043 Cutral-Co"
              },
              {
                "style": {
                  "backgroundColor": "#00FF00"
                },
                "value": "72807-043 Diadema"
              },
              {
                "style": {
                  "backgroundColor": "#EF0922"
                },
                "value": "72807-043 Cutral-Co"
              },
              {
                "style": {
                  "backgroundColor": "#00FF00"
                },
                "value": "72807-043 Diadema"
              },
              {
                "style": {
                  "backgroundColor": "#EF0922"
                },
                "value": "72807-043 Cutral-Co"
              },
              {
                "style": {
                  "backgroundColor": "#00FF00"
                },
                "value": "72807-043 Diadema"
              },
              {
                "style": {
                  "backgroundColor": "#EF0922"
                },
                "value": "72807-043 Cutral-Co"
              },
              {
                "style": {
                  "backgroundColor": "#00FF00"
                },
                "value": "72807-043 Diadema"
              }
            ]
          ],
          "Location": "Location1"
        },
        "viewPath": "Exterran-EstadoFlota/EF-Table2",
        "width": "auto",
        "zIndex": 0
      }
    },
    "meta": {
      "name": "root"
    },
    "position": {
      "x": -370,
      "y": 52
    },
    "props": {
      "style": {
        "backgroundColor": "#454e55"
      }
    },
    "type": "ia.container.coord"
  }
}