{
  "custom": {},
  "params": {
    "rowData": ""
  },
  "propConfig": {
    "params.rowData": {
      "paramDirection": "input",
      "persistent": true
    }
  },
  "props": {
    "defaultSize": {
      "height": 30,
      "width": 55
    }
  },
  "root": {
    "children": [
      {
        "meta": {
          "name": "Image"
        },
        "position": {
          "height": 20,
          "width": 19,
          "x": 26.30629885559082,
          "y": 5.5
        },
        "props": {
          "fit": {
            "mode": "percent"
          },
          "source": "/system/images/Builtin/icons/16/navigate_down.png"
        },
        "type": "ia.display.image"
      },
      {
        "meta": {
          "name": "Label"
        },
        "position": {
          "height": 21,
          "width": 15.000000000000002,
          "x": 11.69629885559082,
          "y": 4.5
        },
        "propConfig": {
          "props.text": {
            "binding": {
              "config": {
                "path": "view.params.rowData[\"TotalParos\"]"
              },
              "type": "property"
            }
          }
        },
        "type": "ia.display.label"
      }
    ],
    "meta": {
      "name": "imagen"
    },
    "props": {
      "style": {
        "backgroundColor": ""
      }
    },
    "type": "ia.container.coord"
  }
}