{
  "custom": {},
  "params": {
    "myAncho": 1320,
    "myColumnas": [
      {
        "align": "center",
        "boolean": "checkbox",
        "dateFormat": "MM/DD/YYYY",
        "editable": false,
        "field": "Attribute",
        "footer": {
          "align": "center",
          "justify": "left",
          "style": {
            "classes": ""
          },
          "title": ""
        },
        "header": {
          "align": "center",
          "justify": "center",
          "style": {
            "classes": "PopiedadesTabla/Exterran-Style-ColumnHeader"
          },
          "title": "Atributo"
        },
        "justify": "center",
        "number": "value",
        "numberFormat": "0,0.##",
        "progressBar": {
          "bar": {
            "color": "",
            "style": {
              "classes": ""
            }
          },
          "max": 100,
          "min": 0,
          "track": {
            "color": "",
            "style": {
              "classes": ""
            }
          },
          "value": {
            "enabled": true,
            "format": "0,0.##",
            "justify": "center",
            "style": {
              "classes": ""
            }
          }
        },
        "render": "auto",
        "resizable": false,
        "sort": "none",
        "sortable": true,
        "strictWidth": false,
        "style": {
          "classes": "",
          "color": "#FFFFFF",
          "fontFamily": "Roboto",
          "fontSize": 11
        },
        "toggleSwitch": {
          "color": {
            "selected": "",
            "unselected": ""
          }
        },
        "viewParams": {},
        "viewPath": "",
        "visible": true,
        "width": "10%"
      },
      {
        "align": "center",
        "boolean": "checkbox",
        "dateFormat": "MM/DD/YYYY",
        "editable": false,
        "field": "actualValue",
        "footer": {
          "align": "center",
          "justify": "left",
          "style": {
            "classes": ""
          },
          "title": ""
        },
        "header": {
          "align": "center",
          "justify": "center",
          "style": {
            "classes": "PopiedadesTabla/Exterran-Style-ColumnHeader"
          },
          "title": "Valor Actual"
        },
        "justify": "center",
        "number": "value",
        "numberFormat": "0,0.##",
        "progressBar": {
          "bar": {
            "color": "",
            "style": {
              "classes": ""
            }
          },
          "max": 100,
          "min": 0,
          "track": {
            "color": "",
            "style": {
              "classes": ""
            }
          },
          "value": {
            "enabled": true,
            "format": "0,0.##",
            "justify": "center",
            "style": {
              "classes": ""
            }
          }
        },
        "render": "auto",
        "resizable": false,
        "sort": "none",
        "sortable": true,
        "strictWidth": false,
        "style": {
          "classes": "",
          "color": "#FFFFFF",
          "fontFamily": "Roboto",
          "fontSize": 11
        },
        "toggleSwitch": {
          "color": {
            "selected": "",
            "unselected": ""
          }
        },
        "viewParams": {},
        "viewPath": "",
        "visible": true,
        "width": "10%"
      },
      {
        "align": "center",
        "boolean": "checkbox",
        "dateFormat": "MM/DD/YYYY",
        "editable": false,
        "field": "UOM",
        "footer": {
          "align": "center",
          "justify": "left",
          "style": {
            "classes": ""
          },
          "title": ""
        },
        "header": {
          "align": "center",
          "justify": "center",
          "style": {
            "classes": "PopiedadesTabla/Exterran-Style-ColumnHeader"
          },
          "title": "UOM"
        },
        "justify": "center",
        "number": "value",
        "numberFormat": "0,0.##",
        "progressBar": {
          "bar": {
            "color": "",
            "style": {
              "classes": ""
            }
          },
          "max": 100,
          "min": 0,
          "track": {
            "color": "",
            "style": {
              "classes": ""
            }
          },
          "value": {
            "enabled": true,
            "format": "0,0.##",
            "justify": "center",
            "style": {
              "classes": ""
            }
          }
        },
        "render": "auto",
        "resizable": false,
        "sort": "none",
        "sortable": true,
        "strictWidth": false,
        "style": {
          "classes": "",
          "color": "#FFFFFF",
          "fontFamily": "Roboto",
          "fontSize": 11
        },
        "toggleSwitch": {
          "color": {
            "selected": "",
            "unselected": ""
          }
        },
        "viewParams": {},
        "viewPath": "",
        "visible": true,
        "width": "10%"
      },
      {
        "align": "center",
        "boolean": "checkbox",
        "dateFormat": "MM/DD/YYYY",
        "editable": false,
        "field": "2023-01-12 12:34",
        "footer": {
          "align": "center",
          "justify": "left",
          "style": {
            "classes": ""
          },
          "title": ""
        },
        "header": {
          "align": "center",
          "justify": "center",
          "style": {
            "classes": "PopiedadesTabla/Exterran-Style-ColumnHeader"
          },
          "title": "2023-01-12 15:34"
        },
        "justify": "center",
        "number": "value",
        "numberFormat": "0,0.##",
        "progressBar": {
          "bar": {
            "color": "",
            "style": {
              "classes": ""
            }
          },
          "max": 100,
          "min": 0,
          "track": {
            "color": "",
            "style": {
              "classes": ""
            }
          },
          "value": {
            "enabled": true,
            "format": "0,0.##",
            "justify": "center",
            "style": {
              "classes": ""
            }
          }
        },
        "render": "auto",
        "resizable": false,
        "sort": "none",
        "sortable": true,
        "strictWidth": false,
        "style": {
          "classes": "",
          "color": "#FFFFFF",
          "fontFamily": "Roboto",
          "fontSize": 11
        },
        "toggleSwitch": {
          "color": {
            "selected": "",
            "unselected": ""
          }
        },
        "viewParams": {},
        "viewPath": "",
        "visible": true,
        "width": "10%"
      },
      {
        "align": "center",
        "boolean": "checkbox",
        "dateFormat": "MM/DD/YYYY",
        "editable": false,
        "field": "2023-01-12 12:24",
        "footer": {
          "align": "center",
          "justify": "left",
          "style": {
            "classes": ""
          },
          "title": ""
        },
        "header": {
          "align": "center",
          "justify": "center",
          "style": {
            "classes": "PopiedadesTabla/Exterran-Style-ColumnHeader"
          },
          "title": "2023-01-12 15:24"
        },
        "justify": "center",
        "number": "value",
        "numberFormat": "0,0.##",
        "progressBar": {
          "bar": {
            "color": "",
            "style": {
              "classes": ""
            }
          },
          "max": 100,
          "min": 0,
          "track": {
            "color": "",
            "style": {
              "classes": ""
            }
          },
          "value": {
            "enabled": true,
            "format": "0,0.##",
            "justify": "center",
            "style": {
              "classes": ""
            }
          }
        },
        "render": "auto",
        "resizable": false,
        "sort": "none",
        "sortable": true,
        "strictWidth": false,
        "style": {
          "classes": "",
          "color": "#FFFFFF",
          "fontFamily": "Roboto",
          "fontSize": 11
        },
        "toggleSwitch": {
          "color": {
            "selected": "",
            "unselected": ""
          }
        },
        "viewParams": {},
        "viewPath": "",
        "visible": true,
        "width": "10%"
      },
      {
        "align": "center",
        "boolean": "checkbox",
        "dateFormat": "MM/DD/YYYY",
        "editable": false,
        "field": "2023-01-12 12:14",
        "footer": {
          "align": "center",
          "justify": "left",
          "style": {
            "classes": ""
          },
          "title": ""
        },
        "header": {
          "align": "center",
          "justify": "center",
          "style": {
            "classes": "PopiedadesTabla/Exterran-Style-ColumnHeader"
          },
          "title": "2023-01-12 15:14"
        },
        "justify": "center",
        "number": "value",
        "numberFormat": "0,0.##",
        "progressBar": {
          "bar": {
            "color": "",
            "style": {
              "classes": ""
            }
          },
          "max": 100,
          "min": 0,
          "track": {
            "color": "",
            "style": {
              "classes": ""
            }
          },
          "value": {
            "enabled": true,
            "format": "0,0.##",
            "justify": "center",
            "style": {
              "classes": ""
            }
          }
        },
        "render": "auto",
        "resizable": false,
        "sort": "none",
        "sortable": true,
        "strictWidth": false,
        "style": {
          "classes": "",
          "color": "#FFFFFF",
          "fontFamily": "Roboto",
          "fontSize": 11
        },
        "toggleSwitch": {
          "color": {
            "selected": "",
            "unselected": ""
          }
        },
        "viewParams": {},
        "viewPath": "",
        "visible": true,
        "width": "10%"
      },
      {
        "align": "center",
        "boolean": "checkbox",
        "dateFormat": "MM/DD/YYYY",
        "editable": false,
        "field": "2023-01-12 12:04",
        "footer": {
          "align": "center",
          "justify": "left",
          "style": {
            "classes": ""
          },
          "title": ""
        },
        "header": {
          "align": "center",
          "justify": "center",
          "style": {
            "classes": "PopiedadesTabla/Exterran-Style-ColumnHeader"
          },
          "title": "2023-01-12 15:04"
        },
        "justify": "center",
        "number": "value",
        "numberFormat": "0,0.##",
        "progressBar": {
          "bar": {
            "color": "",
            "style": {
              "classes": ""
            }
          },
          "max": 100,
          "min": 0,
          "track": {
            "color": "",
            "style": {
              "classes": ""
            }
          },
          "value": {
            "enabled": true,
            "format": "0,0.##",
            "justify": "center",
            "style": {
              "classes": ""
            }
          }
        },
        "render": "auto",
        "resizable": false,
        "sort": "none",
        "sortable": true,
        "strictWidth": false,
        "style": {
          "classes": "",
          "color": "#FFFFFF",
          "fontFamily": "Roboto",
          "fontSize": 11
        },
        "toggleSwitch": {
          "color": {
            "selected": "",
            "unselected": ""
          }
        },
        "viewParams": {},
        "viewPath": "",
        "visible": true,
        "width": "10%"
      }
    ],
    "myDatos": [
      {
        "2023-01-12 12:04": {
          "style": {
            "border-width": "4px",
            "borderColor": "#FFA500",
            "borderStyle": "double",
            "color": "#FFA500",
            "font-size": 11,
            "font-weight": "bold"
          },
          "value": 2147483648
        },
        "2023-01-12 12:14": {
          "style": {
            "border-width": "4px",
            "borderColor": "#FFA500",
            "borderStyle": "double",
            "color": "#FFA500",
            "font-size": 11,
            "font-weight": "bold"
          },
          "value": 2147483648
        },
        "2023-01-12 12:24": {
          "style": {
            "border-width": "4px",
            "borderColor": "#FFA500",
            "borderStyle": "double",
            "color": "#FFA500",
            "font-size": 11,
            "font-weight": "bold"
          },
          "value": 2147483648
        },
        "2023-01-12 12:34": {
          "style": {
            "border-width": "4px",
            "borderColor": "#FFA500",
            "borderStyle": "double",
            "color": "#FFA500",
            "font-size": 11,
            "font-weight": "bold"
          },
          "value": 2147483648
        },
        "Attribute": {
          "value": "Presión Aceite Compresor | Compresor"
        },
        "UOM": {
          "value": "psi"
        },
        "actualValue": {
          "value": 2147483648
        }
      },
      {
        "2023-01-12 12:04": {
          "style": {
            "border-width": "4px",
            "borderColor": "#FFA500",
            "borderStyle": "double",
            "color": "#FFA500",
            "font-size": 11,
            "font-weight": "bold"
          },
          "value": 2147483648
        },
        "2023-01-12 12:14": {
          "style": {
            "border-width": "4px",
            "borderColor": "#FFA500",
            "borderStyle": "double",
            "color": "#FFA500",
            "font-size": 11,
            "font-weight": "bold"
          },
          "value": 2147483648
        },
        "2023-01-12 12:24": {
          "style": {
            "border-width": "4px",
            "borderColor": "#FFA500",
            "borderStyle": "double",
            "color": "#FFA500",
            "font-size": 11,
            "font-weight": "bold"
          },
          "value": 2147483648
        },
        "2023-01-12 12:34": {
          "style": {
            "border-width": "4px",
            "borderColor": "#FFA500",
            "borderStyle": "double",
            "color": "#FFA500",
            "font-size": 11,
            "font-weight": "bold"
          },
          "value": 2147483648
        },
        "Attribute": {
          "value": "Presión Aceite Motor | Sistema Aceite"
        },
        "UOM": {
          "value": "psi"
        },
        "actualValue": {
          "value": 2147483648
        }
      },
      {
        "2023-01-12 12:04": {
          "style": {
            "border-width": "4px",
            "borderColor": "#FFA500",
            "borderStyle": "double",
            "color": "#FFA500",
            "font-size": 11,
            "font-weight": "bold"
          },
          "value": 2147483648
        },
        "2023-01-12 12:14": {
          "style": {
            "border-width": "4px",
            "borderColor": "#FFA500",
            "borderStyle": "double",
            "color": "#FFA500",
            "font-size": 11,
            "font-weight": "bold"
          },
          "value": 2147483648
        },
        "2023-01-12 12:24": {
          "style": {
            "border-width": "4px",
            "borderColor": "#FFA500",
            "borderStyle": "double",
            "color": "#FFA500",
            "font-size": 11,
            "font-weight": "bold"
          },
          "value": 2147483648
        },
        "2023-01-12 12:34": {
          "style": {
            "border-width": "4px",
            "borderColor": "#FFA500",
            "borderStyle": "double",
            "color": "#FFA500",
            "font-size": 11,
            "font-weight": "bold"
          },
          "value": 2147483648
        },
        "Attribute": {
          "value": "Presión de Succión | Planta y Proceso"
        },
        "UOM": {
          "value": "psi"
        },
        "actualValue": {
          "value": 2147483648
        }
      },
      {
        "2023-01-12 12:04": {
          "style": {
            "border-width": "4px",
            "borderColor": "#FFA500",
            "borderStyle": "double",
            "color": "#FFA500",
            "font-size": 11,
            "font-weight": "bold"
          },
          "value": 2147483648
        },
        "2023-01-12 12:14": {
          "style": {
            "border-width": "4px",
            "borderColor": "#FFA500",
            "borderStyle": "double",
            "color": "#FFA500",
            "font-size": 11,
            "font-weight": "bold"
          },
          "value": 2147483648
        },
        "2023-01-12 12:24": {
          "style": {
            "border-width": "4px",
            "borderColor": "#FFA500",
            "borderStyle": "double",
            "color": "#FFA500",
            "font-size": 11,
            "font-weight": "bold"
          },
          "value": 2147483648
        },
        "2023-01-12 12:34": {
          "style": {
            "border-width": "4px",
            "borderColor": "#FFA500",
            "borderStyle": "double",
            "color": "#FFA500",
            "font-size": 11,
            "font-weight": "bold"
          },
          "value": 2147483648
        },
        "Attribute": {
          "value": "Presión Descarga 1° Etapa Compresor | Planta y Proceso"
        },
        "UOM": {
          "value": "psi"
        },
        "actualValue": {
          "value": 2147483648
        }
      },
      {
        "2023-01-12 12:04": {
          "value": 2147483648
        },
        "2023-01-12 12:14": {
          "value": 2147483648
        },
        "2023-01-12 12:24": {
          "value": 2147483648
        },
        "2023-01-12 12:34": {
          "value": 2147483648
        },
        "Attribute": {
          "value": "Presión Descarga 2° Etapa Compresor | Planta y Proceso"
        },
        "UOM": {
          "value": "psi"
        },
        "actualValue": {
          "value": 2147483648
        }
      },
      {
        "2023-01-12 12:04": {
          "style": {
            "border-width": "4px",
            "borderColor": "#FFA500",
            "borderStyle": "double",
            "color": "#FFA500",
            "font-size": 11,
            "font-weight": "bold"
          },
          "value": 2147483648
        },
        "2023-01-12 12:14": {
          "style": {
            "border-width": "4px",
            "borderColor": "#FFA500",
            "borderStyle": "double",
            "color": "#FFA500",
            "font-size": 11,
            "font-weight": "bold"
          },
          "value": 2147483648
        },
        "2023-01-12 12:24": {
          "style": {
            "border-width": "4px",
            "borderColor": "#FFA500",
            "borderStyle": "double",
            "color": "#FFA500",
            "font-size": 11,
            "font-weight": "bold"
          },
          "value": 2147483648
        },
        "2023-01-12 12:34": {
          "style": {
            "border-width": "4px",
            "borderColor": "#FFA500",
            "borderStyle": "double",
            "color": "#FFA500",
            "font-size": 11,
            "font-weight": "bold"
          },
          "value": 2147483648
        },
        "Attribute": {
          "value": "Presión Manifold de Aire Motor | Manifold de Admisión"
        },
        "UOM": {
          "value": "psi"
        },
        "actualValue": {
          "value": 2147483648
        }
      },
      {
        "2023-01-12 12:04": {
          "style": {
            "border-width": "4px",
            "borderColor": "#FFA500",
            "borderStyle": "double",
            "color": "#FFA500",
            "font-size": 11,
            "font-weight": "bold"
          },
          "value": 2147483648
        },
        "2023-01-12 12:14": {
          "style": {
            "border-width": "4px",
            "borderColor": "#FFA500",
            "borderStyle": "double",
            "color": "#FFA500",
            "font-size": 11,
            "font-weight": "bold"
          },
          "value": 2147483648
        },
        "2023-01-12 12:24": {
          "style": {
            "border-width": "4px",
            "borderColor": "#FFA500",
            "borderStyle": "double",
            "color": "#FFA500",
            "font-size": 11,
            "font-weight": "bold"
          },
          "value": 2147483648
        },
        "2023-01-12 12:34": {
          "style": {
            "border-width": "4px",
            "borderColor": "#FFA500",
            "borderStyle": "double",
            "color": "#FFA500",
            "font-size": 11,
            "font-weight": "bold"
          },
          "value": 2147483648
        },
        "Attribute": {
          "value": "Presión Refrigerante Sistema Auxiliar | Sistema Refrigeración Auxiliar"
        },
        "UOM": {
          "value": "psi"
        },
        "actualValue": {
          "value": 2147483648
        }
      },
      {
        "2023-01-12 12:04": {
          "style": {
            "border-width": "4px",
            "borderColor": "#FFA500",
            "borderStyle": "double",
            "color": "#FFA500",
            "font-size": 11,
            "font-weight": "bold"
          },
          "value": 2147483648
        },
        "2023-01-12 12:14": {
          "style": {
            "border-width": "4px",
            "borderColor": "#FFA500",
            "borderStyle": "double",
            "color": "#FFA500",
            "font-size": 11,
            "font-weight": "bold"
          },
          "value": 2147483648
        },
        "2023-01-12 12:24": {
          "style": {
            "border-width": "4px",
            "borderColor": "#FFA500",
            "borderStyle": "double",
            "color": "#FFA500",
            "font-size": 11,
            "font-weight": "bold"
          },
          "value": 2147483648
        },
        "2023-01-12 12:34": {
          "style": {
            "border-width": "4px",
            "borderColor": "#FFA500",
            "borderStyle": "double",
            "color": "#FFA500",
            "font-size": 11,
            "font-weight": "bold"
          },
          "value": 2147483648
        },
        "Attribute": {
          "value": "Presión Refrigerante Sistema Principal | Sistema Refrigeración Principal"
        },
        "UOM": {
          "value": "psi"
        },
        "actualValue": {
          "value": 2147483648
        }
      },
      {
        "2023-01-12 12:04": {
          "style": {
            "border-width": "4px",
            "borderColor": "#FFA500",
            "borderStyle": "double",
            "color": "#FFA500",
            "font-size": 11,
            "font-weight": "bold"
          },
          "value": 2147483648
        },
        "2023-01-12 12:14": {
          "style": {
            "border-width": "4px",
            "borderColor": "#FFA500",
            "borderStyle": "double",
            "color": "#FFA500",
            "font-size": 11,
            "font-weight": "bold"
          },
          "value": 2147483648
        },
        "2023-01-12 12:24": {
          "style": {
            "border-width": "4px",
            "borderColor": "#FFA500",
            "borderStyle": "double",
            "color": "#FFA500",
            "font-size": 11,
            "font-weight": "bold"
          },
          "value": 2147483648
        },
        "2023-01-12 12:34": {
          "style": {
            "border-width": "4px",
            "borderColor": "#FFA500",
            "borderStyle": "double",
            "color": "#FFA500",
            "font-size": 11,
            "font-weight": "bold"
          },
          "value": 2147483648
        },
        "Attribute": {
          "value": "Temperatura Aceite Compresor | Compresor"
        },
        "UOM": {
          "value": "°F"
        },
        "actualValue": {
          "value": 2147483648
        }
      },
      {
        "2023-01-12 12:04": {
          "style": {
            "border-width": "4px",
            "borderColor": "#FFA500",
            "borderStyle": "double",
            "color": "#FFA500",
            "font-size": 11,
            "font-weight": "bold"
          },
          "value": 2147483648
        },
        "2023-01-12 12:14": {
          "style": {
            "border-width": "4px",
            "borderColor": "#FFA500",
            "borderStyle": "double",
            "color": "#FFA500",
            "font-size": 11,
            "font-weight": "bold"
          },
          "value": 2147483648
        },
        "2023-01-12 12:24": {
          "style": {
            "border-width": "4px",
            "borderColor": "#FFA500",
            "borderStyle": "double",
            "color": "#FFA500",
            "font-size": 11,
            "font-weight": "bold"
          },
          "value": 2147483648
        },
        "2023-01-12 12:34": {
          "style": {
            "border-width": "4px",
            "borderColor": "#FFA500",
            "borderStyle": "double",
            "color": "#FFA500",
            "font-size": 11,
            "font-weight": "bold"
          },
          "value": 2147483648
        },
        "Attribute": {
          "value": "Temperatura Aceite Motor | Sistema Aceite"
        },
        "UOM": {
          "value": "°F"
        },
        "actualValue": {
          "value": 2147483648
        }
      },
      {
        "2023-01-12 12:04": {
          "style": {
            "border-width": "4px",
            "borderColor": "#FFA500",
            "borderStyle": "double",
            "color": "#FFA500",
            "font-size": 11,
            "font-weight": "bold"
          },
          "value": 2147483648
        },
        "2023-01-12 12:14": {
          "style": {
            "border-width": "4px",
            "borderColor": "#FFA500",
            "borderStyle": "double",
            "color": "#FFA500",
            "font-size": 11,
            "font-weight": "bold"
          },
          "value": 2147483648
        },
        "2023-01-12 12:24": {
          "style": {
            "border-width": "4px",
            "borderColor": "#FFA500",
            "borderStyle": "double",
            "color": "#FFA500",
            "font-size": 11,
            "font-weight": "bold"
          },
          "value": 2147483648
        },
        "2023-01-12 12:34": {
          "style": {
            "border-width": "4px",
            "borderColor": "#FFA500",
            "borderStyle": "double",
            "color": "#FFA500",
            "font-size": 11,
            "font-weight": "bold"
          },
          "value": 2147483648
        },
        "Attribute": {
          "value": "Temperatura Gas de Succión | Planta y Proceso"
        },
        "UOM": {
          "value": "°F"
        },
        "actualValue": {
          "value": 2147483648
        }
      },
      {
        "2023-01-12 12:04": {
          "style": {
            "border-width": "4px",
            "borderColor": "#FFA500",
            "borderStyle": "double",
            "color": "#FFA500",
            "font-size": 11,
            "font-weight": "bold"
          },
          "value": 2147483648
        },
        "2023-01-12 12:14": {
          "style": {
            "border-width": "4px",
            "borderColor": "#FFA500",
            "borderStyle": "double",
            "color": "#FFA500",
            "font-size": 11,
            "font-weight": "bold"
          },
          "value": 2147483648
        },
        "2023-01-12 12:24": {
          "style": {
            "border-width": "4px",
            "borderColor": "#FFA500",
            "borderStyle": "double",
            "color": "#FFA500",
            "font-size": 11,
            "font-weight": "bold"
          },
          "value": 2147483648
        },
        "2023-01-12 12:34": {
          "style": {
            "border-width": "4px",
            "borderColor": "#FFA500",
            "borderStyle": "double",
            "color": "#FFA500",
            "font-size": 11,
            "font-weight": "bold"
          },
          "value": 2147483648
        },
        "Attribute": {
          "value": "Temperatura Gas Descarga Final | Planta y Proceso"
        },
        "UOM": {
          "value": "°F"
        },
        "actualValue": {
          "value": 2147483648
        }
      },
      {
        "2023-01-12 12:04": {
          "style": {
            "border-width": "4px",
            "borderColor": "#FFA500",
            "borderStyle": "double",
            "color": "#FFA500",
            "font-size": 11,
            "font-weight": "bold"
          },
          "value": 2147483648
        },
        "2023-01-12 12:14": {
          "style": {
            "border-width": "4px",
            "borderColor": "#FFA500",
            "borderStyle": "double",
            "color": "#FFA500",
            "font-size": 11,
            "font-weight": "bold"
          },
          "value": 2147483648
        },
        "2023-01-12 12:24": {
          "style": {
            "border-width": "4px",
            "borderColor": "#FFA500",
            "borderStyle": "double",
            "color": "#FFA500",
            "font-size": 11,
            "font-weight": "bold"
          },
          "value": 2147483648
        },
        "2023-01-12 12:34": {
          "style": {
            "border-width": "4px",
            "borderColor": "#FFA500",
            "borderStyle": "double",
            "color": "#FFA500",
            "font-size": 11,
            "font-weight": "bold"
          },
          "value": 2147483648
        },
        "Attribute": {
          "value": "Temperatura Manifold de Aire Motor | Manifold de Admisión"
        },
        "UOM": {
          "value": "°F"
        },
        "actualValue": {
          "value": 2147483648
        }
      },
      {
        "2023-01-12 12:04": {
          "style": {
            "border-width": "4px",
            "borderColor": "#FFA500",
            "borderStyle": "double",
            "color": "#FFA500",
            "font-size": 11,
            "font-weight": "bold"
          },
          "value": 2147483648
        },
        "2023-01-12 12:14": {
          "style": {
            "border-width": "4px",
            "borderColor": "#FFA500",
            "borderStyle": "double",
            "color": "#FFA500",
            "font-size": 11,
            "font-weight": "bold"
          },
          "value": 2147483648
        },
        "2023-01-12 12:24": {
          "style": {
            "border-width": "4px",
            "borderColor": "#FFA500",
            "borderStyle": "double",
            "color": "#FFA500",
            "font-size": 11,
            "font-weight": "bold"
          },
          "value": 2147483648
        },
        "2023-01-12 12:34": {
          "style": {
            "border-width": "4px",
            "borderColor": "#FFA500",
            "borderStyle": "double",
            "color": "#FFA500",
            "font-size": 11,
            "font-weight": "bold"
          },
          "value": 2147483648
        },
        "Attribute": {
          "value": "Temperatura Refrigerante Sistema Auxiliar | Sistema Refrigeración Auxiliar"
        },
        "UOM": {
          "value": "°F"
        },
        "actualValue": {
          "value": 2147483648
        }
      },
      {
        "2023-01-12 12:04": {
          "style": {
            "border-width": "4px",
            "borderColor": "#FFA500",
            "borderStyle": "double",
            "color": "#FFA500",
            "font-size": 11,
            "font-weight": "bold"
          },
          "value": 2147483648
        },
        "2023-01-12 12:14": {
          "style": {
            "border-width": "4px",
            "borderColor": "#FFA500",
            "borderStyle": "double",
            "color": "#FFA500",
            "font-size": 11,
            "font-weight": "bold"
          },
          "value": 2147483648
        },
        "2023-01-12 12:24": {
          "style": {
            "border-width": "4px",
            "borderColor": "#FFA500",
            "borderStyle": "double",
            "color": "#FFA500",
            "font-size": 11,
            "font-weight": "bold"
          },
          "value": 2147483648
        },
        "2023-01-12 12:34": {
          "style": {
            "border-width": "4px",
            "borderColor": "#FFA500",
            "borderStyle": "double",
            "color": "#FFA500",
            "font-size": 11,
            "font-weight": "bold"
          },
          "value": 2147483648
        },
        "Attribute": {
          "value": "Temperatura Refrigerante Sistema Principal | Sistema Refrigeración Principal"
        },
        "UOM": {
          "value": "°F"
        },
        "actualValue": {
          "value": 2147483648
        }
      },
      {
        "2023-01-12 12:04": {
          "style": {
            "border-width": "4px",
            "borderColor": "#FFA500",
            "borderStyle": "double",
            "color": "#FFA500",
            "font-size": 11,
            "font-weight": "bold"
          },
          "value": 2147483648
        },
        "2023-01-12 12:14": {
          "style": {
            "border-width": "4px",
            "borderColor": "#FFA500",
            "borderStyle": "double",
            "color": "#FFA500",
            "font-size": 11,
            "font-weight": "bold"
          },
          "value": 2147483648
        },
        "2023-01-12 12:24": {
          "style": {
            "border-width": "4px",
            "borderColor": "#FFA500",
            "borderStyle": "double",
            "color": "#FFA500",
            "font-size": 11,
            "font-weight": "bold"
          },
          "value": 2147483648
        },
        "2023-01-12 12:34": {
          "style": {
            "border-width": "4px",
            "borderColor": "#FFA500",
            "borderStyle": "double",
            "color": "#FFA500",
            "font-size": 11,
            "font-weight": "bold"
          },
          "value": 2147483648
        },
        "Attribute": {
          "value": "Velocidad | Motor Combustión"
        },
        "UOM": {
          "value": "rpm"
        },
        "actualValue": {
          "value": 2147483648
        }
      }
    ]
  },
  "propConfig": {
    "params.myAncho": {
      "paramDirection": "input",
      "persistent": true
    },
    "params.myColumnas": {
      "paramDirection": "input",
      "persistent": true
    },
    "params.myDatos": {
      "paramDirection": "input",
      "persistent": true
    }
  },
  "props": {
    "defaultSize": {
      "height": 576,
      "width": 1062
    }
  },
  "root": {
    "children": [
      {
        "custom": {
          "datacount": "",
          "fechaint": "10m",
          "intervalo": 10,
          "myColumn": {
            "align": "center",
            "boolean": "checkbox",
            "dateFormat": "MM/DD/YYYY",
            "editable": false,
            "field": "2023-01-12 07:47",
            "footer": {
              "align": "center",
              "justify": "left",
              "style": {
                "classes": ""
              },
              "title": ""
            },
            "header": {
              "align": "center",
              "justify": "center",
              "style": {
                "classes": "PopiedadesTabla/Exterran-Style-ColumnHeader"
              },
              "title": "2023-01-12 10:47"
            },
            "justify": "center",
            "number": "value",
            "numberFormat": "0,0.##",
            "progressBar": {
              "bar": {
                "color": "",
                "style": {
                  "classes": ""
                }
              },
              "max": 100,
              "min": 0,
              "track": {
                "color": "",
                "style": {
                  "classes": ""
                }
              },
              "value": {
                "enabled": true,
                "format": "0,0.##",
                "justify": "center",
                "style": {
                  "classes": ""
                }
              }
            },
            "render": "auto",
            "resizable": false,
            "sort": "none",
            "sortable": true,
            "strictWidth": false,
            "style": {
              "classes": "",
              "color": "#FFFFFF",
              "fontFamily": "Roboto",
              "fontSize": 11
            },
            "toggleSwitch": {
              "color": {
                "selected": "",
                "unselected": ""
              }
            },
            "viewParams": {},
            "viewPath": "",
            "visible": true,
            "width": "10%"
          }
        },
        "meta": {
          "name": "Table_new",
          "tooltip": {
            "enabled": true
          }
        },
        "position": {
          "height": "100%",
          "width": "100%"
        },
        "propConfig": {
          "meta.tooltip.text": {
            "binding": {
              "config": {
                "path": "this.props.selection.data[0]"
              },
              "transforms": [
                {
                  "code": "\treturn str(value[\u0027Attribute\u0027])+\"|\"+ (value[\u0027UOM\u0027])",
                  "type": "script"
                }
              ],
              "type": "property"
            }
          },
          "props.columns": {
            "binding": {
              "config": {
                "path": "view.params.myColumnas"
              },
              "type": "property"
            }
          },
          "props.data": {
            "binding": {
              "config": {
                "path": "view.params.myDatos"
              },
              "transforms": [
                {
                  "code": "\tself.props.columns[0].width \u003d 300\n\tself.props.columns[0].justify \u003d \u0027left\u0027\n\treturn value",
                  "type": "script"
                }
              ],
              "type": "property"
            }
          }
        },
        "props": {
          "bodyStyle": {
            "classes": "PopiedadesTabla/Exterran-Style-Table-bodyStyle"
          },
          "cells": {
            "style": {
              "backgroundColor": "#454D55",
              "classes": "PopiedadesTabla/Exterran-Style-TablaVariables-Cells"
            }
          },
          "emptyMessage": {
            "noData": {
              "icon": {
                "color": "#FFFFFF",
                "path": "material/360",
                "style": {
                  "backgroundColor": "303030"
                }
              },
              "text": "Esperando datos...",
              "textStyle": {
                "color": "#FFFFFF",
                "fontFamily": "Roboto",
                "fontSize": 20
              }
            },
            "style": {
              "classes": "PopiedadesTabla/Exterran-Style-EmpityMessagebackground"
            }
          },
          "headerStyle": {
            "classes": "ExterranHistoricoDeEventos/TablaPropiedades/Table-Header"
          },
          "style": {
            "backgroundColor": "#454D55",
            "classes": "PopiedadesTabla/Exterran-Style-TablaVariables-Cells"
          },
          "virtualized": false
        },
        "scripts": {
          "customMethods": [],
          "extensionFunctions": null,
          "messageHandlers": [
            {
              "messageType": "botonExcel",
              "pageScope": true,
              "script": "#list \u003d self.getSibling(\"Table\").custom.dataexcel\n\tdef jsonToDataset(list):\n\t\tcolumns \u003d []\n\t\t#myDict \u003d dict(list[0]).keys()\n\t\t\n\t\ti\u003d0\n\t\tfor i in range(len(self.getSibling(\"Table\").props.columns)):\n\t\t\tki \u003d i\n\t\t\tcolumns.append(self.getSibling(\"Table\").props.columns[ki].field)\n\t\t\t\n\t\tdata \u003d []\n\t\tfor item in list:\n\t\t\trow \u003d []\n\t\t\tfor column in columns:\n\t\t\t\tcellValue \u003d item.get(column, \u0027\u0027)\n\t\t\t\ttry:\n\t\t\t\t\tdict(cellValue)\n\t\t\t\t\tcellValue \u003d cellValue[\u0027value\u0027]\n\t\t\t\texcept:\n\t\t\t\t\tpass\n\t\t\t\trow.append(cellValue)\n\t\t\tdata.append(row)\n\t\t\tsystem.perspective.print(str(\u0027COLUMNAS\u0027) + \u0027 \u0027 + str(columns))\n\t\treturn system.dataset.toDataSet(columns, data)\n#\tsystem.perspective.print(str(columns))\n#\tsystem.perspective.print(str(data))\n\tjson \u003d self.getSibling(\"Table\").props.data\n\tdata \u003d jsonToDataset(json)\n\tExcel_xlsx \u003d system.dataset.toExcel(True,[data])\n\tsystem.perspective.download(\"DetalleVariables.xlsx\",Excel_xlsx)",
              "sessionScope": false,
              "viewScope": false
            }
          ]
        },
        "type": "ia.display.table"
      }
    ],
    "meta": {
      "name": "root"
    },
    "type": "ia.container.coord"
  }
}