{
  "custom": {},
  "params": {
    "ACTIVO": ""
  },
  "propConfig": {
    "params.ACTIVO": {
      "paramDirection": "input",
      "persistent": true
    }
  },
  "props": {
    "defaultSize": {
      "height": 337,
      "width": 672
    }
  },
  "root": {
    "children": [
      {
        "custom": {
          "distinto": "(ef.ID\u003c\u003e\u002700000000-0000-0000-0000-000000000000\u0027)"
        },
        "meta": {
          "name": "Table"
        },
        "position": {
          "height": "70%",
          "width": "100%",
          "x": "0%",
          "y": "5%"
        },
        "propConfig": {
          "props.data": {
            "binding": {
              "config": {
                "parameters": {
                  "distinto": "{this.custom.distinto}",
                  "myActivo": "{view.params.ACTIVO}"
                },
                "queryPath": "Queries Tablas/Log Paros/RTQP-PopUp"
              },
              "type": "query"
            }
          }
        },
        "props": {
          "bodyStyle": {
            "classes": "ExterranLogParos/Table-bodyStyle"
          },
          "columns": [
            {
              "align": "center",
              "boolean": "checkbox",
              "dateFormat": "MM/DD/YYYY",
              "editable": false,
              "field": "Inicio",
              "footer": {
                "align": "center",
                "justify": "left",
                "style": {
                  "classes": ""
                },
                "title": ""
              },
              "header": {
                "align": "center",
                "justify": "left",
                "style": {
                  "classes": "PopiedadesTabla/Exterran-Style-ColumnHeader"
                },
                "title": "Inicio"
              },
              "justify": "auto",
              "number": "value",
              "numberFormat": "0,0.##",
              "progressBar": {
                "bar": {
                  "color": "",
                  "style": {
                    "classes": ""
                  }
                },
                "max": 100,
                "min": 0,
                "track": {
                  "color": "",
                  "style": {
                    "classes": ""
                  }
                },
                "value": {
                  "enabled": true,
                  "format": "0,0.##",
                  "justify": "center",
                  "style": {
                    "classes": ""
                  }
                }
              },
              "render": "auto",
              "resizable": true,
              "sort": "none",
              "sortable": true,
              "strictWidth": false,
              "style": {
                "classes": "PopiedadesTabla/Exterran-Style-ColumnStyleGneral"
              },
              "toggleSwitch": {
                "color": {
                  "selected": "",
                  "unselected": ""
                }
              },
              "viewParams": {},
              "viewPath": "",
              "visible": true,
              "width": ""
            },
            {
              "align": "center",
              "boolean": "checkbox",
              "dateFormat": "MM/DD/YYYY",
              "editable": false,
              "field": "Fin",
              "footer": {
                "align": "center",
                "justify": "left",
                "style": {
                  "classes": ""
                },
                "title": ""
              },
              "header": {
                "align": "center",
                "justify": "left",
                "style": {
                  "classes": "PopiedadesTabla/Exterran-Style-ColumnHeader"
                },
                "title": "Fin"
              },
              "justify": "auto",
              "number": "value",
              "numberFormat": "0,0.##",
              "progressBar": {
                "bar": {
                  "color": "",
                  "style": {
                    "classes": ""
                  }
                },
                "max": 100,
                "min": 0,
                "track": {
                  "color": "",
                  "style": {
                    "classes": ""
                  }
                },
                "value": {
                  "enabled": true,
                  "format": "0,0.##",
                  "justify": "center",
                  "style": {
                    "classes": ""
                  }
                }
              },
              "render": "auto",
              "resizable": true,
              "sort": "none",
              "sortable": true,
              "strictWidth": false,
              "style": {
                "classes": "PopiedadesTabla/Exterran-Style-ColumnStyleGneral"
              },
              "toggleSwitch": {
                "color": {
                  "selected": "",
                  "unselected": ""
                }
              },
              "viewParams": {},
              "viewPath": "",
              "visible": true,
              "width": ""
            },
            {
              "align": "center",
              "boolean": "checkbox",
              "dateFormat": "MM/DD/YYYY",
              "editable": false,
              "field": "Descripcion",
              "footer": {
                "align": "center",
                "justify": "left",
                "style": {
                  "classes": ""
                },
                "title": ""
              },
              "header": {
                "align": "center",
                "justify": "left",
                "style": {
                  "classes": "PopiedadesTabla/Exterran-Style-ColumnHeader"
                },
                "title": "Descripcion"
              },
              "justify": "auto",
              "number": "value",
              "numberFormat": "0,0.##",
              "progressBar": {
                "bar": {
                  "color": "",
                  "style": {
                    "classes": ""
                  }
                },
                "max": 100,
                "min": 0,
                "track": {
                  "color": "",
                  "style": {
                    "classes": ""
                  }
                },
                "value": {
                  "enabled": true,
                  "format": "0,0.##",
                  "justify": "center",
                  "style": {
                    "classes": ""
                  }
                }
              },
              "render": "auto",
              "resizable": true,
              "sort": "none",
              "sortable": true,
              "strictWidth": false,
              "style": {
                "classes": "PopiedadesTabla/Exterran-Style-ColumnStyleGneral"
              },
              "toggleSwitch": {
                "color": {
                  "selected": "",
                  "unselected": ""
                }
              },
              "viewParams": {},
              "viewPath": "",
              "visible": true,
              "width": ""
            },
            {
              "align": "center",
              "boolean": "checkbox",
              "dateFormat": "MM/DD/YYYY",
              "editable": false,
              "field": "ACTIVO",
              "footer": {
                "align": "center",
                "justify": "left",
                "style": {
                  "classes": ""
                },
                "title": ""
              },
              "header": {
                "align": "center",
                "justify": "left",
                "style": {
                  "classes": ""
                },
                "title": "Activo"
              },
              "justify": "auto",
              "number": "value",
              "numberFormat": "0,0.##",
              "progressBar": {
                "bar": {
                  "color": "",
                  "style": {
                    "classes": ""
                  }
                },
                "max": 100,
                "min": 0,
                "track": {
                  "color": "",
                  "style": {
                    "classes": ""
                  }
                },
                "value": {
                  "enabled": true,
                  "format": "0,0.##",
                  "justify": "center",
                  "style": {
                    "classes": ""
                  }
                }
              },
              "render": "auto",
              "resizable": true,
              "sort": "none",
              "sortable": true,
              "strictWidth": false,
              "style": {
                "classes": "PopiedadesTabla/Exterran-Style-ColumnStyleGneral"
              },
              "toggleSwitch": {
                "color": {
                  "selected": "",
                  "unselected": ""
                }
              },
              "viewParams": {},
              "viewPath": "",
              "visible": false,
              "width": ""
            }
          ],
          "headerStyle": {
            "classes": "PopiedadesTabla/Exterran-Style-Table-Header"
          },
          "pager": {
            "bottom": false
          },
          "rows": {
            "highlight": {
              "enabled": false
            },
            "style": {
              "classes": "PopiedadesTabla/Exterran-Style-Table-Rows"
            }
          },
          "selection": {
            "enableRowSelection": false
          },
          "style": {
            "classes": "PopiedadesTabla/Exterran-Style-StyleGeneral"
          }
        },
        "type": "ia.display.table"
      },
      {
        "custom": {
          "LeaDatos": [
            "68fd22da-56ea-11ed-9294-000c29e4aa7d",
            "68fd22dc-56ea-11ed-9294-000c29e4aa7d"
          ],
          "booleano": false
        },
        "events": {
          "dom": {
            "onClick": {
              "config": {
                "script": "\tsystem.perspective.closePopup(\"popuplogparos\")"
              },
              "scope": "G",
              "type": "script"
            },
            "onMouseEnter": {
              "config": {
                "script": "\tself.props.style.backgroundColor \u003d \u0027#335476\u0027 # color oscuro"
              },
              "scope": "G",
              "type": "script"
            },
            "onMouseLeave": {
              "config": {
                "script": "\tself.props.style.backgroundColor \u003d \u0027#3f6791\u0027 # color claro"
              },
              "scope": "G",
              "type": "script"
            }
          }
        },
        "meta": {
          "name": "Button"
        },
        "position": {
          "height": "10%",
          "width": "100%",
          "y": 260
        },
        "props": {
          "style": {
            "backgroundColor": "#3f6791",
            "borderBottomStyle": "none",
            "borderLeftStyle": "none",
            "borderRightStyle": "none",
            "borderTopStyle": "none",
            "color": "#ffffff",
            "fontFamily": "Roboto",
            "fontSize": 13
          },
          "text": "Cerrar"
        },
        "type": "ia.input.button"
      }
    ],
    "meta": {
      "name": "root"
    },
    "props": {
      "style": {
        "animationDirection": "alternate-reverse",
        "backgroundColor": "#515151"
      }
    },
    "type": "ia.container.coord"
  }
}