{
  "custom": {},
  "params": {
    "rowData": ""
  },
  "propConfig": {
    "params.rowData": {
      "paramDirection": "input",
      "persistent": true
    }
  },
  "props": {
    "defaultSize": {
      "height": 21,
      "width": 50
    }
  },
  "root": {
    "children": [
      {
        "meta": {
          "name": "T_icono_estado_amarillo",
          "visible": false
        },
        "position": {
          "height": 20,
          "width": 20,
          "x": "45%",
          "y": 1
        },
        "props": {
          "fit": {
            "mode": "fill"
          },
          "source": "/system/images/Exterran/T_icono_estado_amarillo.png"
        },
        "type": "ia.display.image"
      },
      {
        "meta": {
          "name": "T_icono_estado_gris"
        },
        "position": {
          "height": 20,
          "width": 20,
          "x": "45%",
          "y": 1
        },
        "props": {
          "fit": {
            "mode": "fill"
          },
          "source": "/system/images/Exterran/T_icono_estado_gris.png",
          "tint": {
            "color": ""
          }
        },
        "type": "ia.display.image"
      },
      {
        "meta": {
          "name": "T_icono_estado_naranja",
          "visible": false
        },
        "position": {
          "height": 20,
          "width": 20,
          "x": "45%",
          "y": 1
        },
        "props": {
          "fit": {
            "mode": "fill"
          },
          "source": "/system/images/Exterran/T_icono_estado_naranja.png"
        },
        "type": "ia.display.image"
      },
      {
        "meta": {
          "name": "T_icono_estado_rojo"
        },
        "position": {
          "height": 20,
          "width": 20,
          "x": "45%",
          "y": 1
        },
        "propConfig": {
          "meta.visible": {
            "binding": {
              "config": {
                "path": "view.params.rowData[\"LOCACION\"]"
              },
              "transforms": [
                {
                  "code": "\tif value \u003d\u003d \u0027GUANTANAMO\u0027:\n\t\treturn True\n\telse:\n\t\treturn False",
                  "type": "script"
                }
              ],
              "type": "property"
            }
          }
        },
        "props": {
          "fit": {
            "mode": "fill"
          },
          "source": "/system/images/Exterran/T_icono_estado_rojo.png"
        },
        "type": "ia.display.image"
      },
      {
        "meta": {
          "name": "T_icono_estado_verde"
        },
        "position": {
          "height": 20,
          "width": 20,
          "x": "45%",
          "y": 1
        },
        "propConfig": {
          "meta.visible": {
            "binding": {
              "config": {
                "path": "view.params.rowData[\"LOCACION\"]"
              },
              "transforms": [
                {
                  "code": "\tif value \u003d\u003d \u0027Diadema\u0027:\n\t\treturn True\n\telse:\n\t\treturn False",
                  "type": "script"
                }
              ],
              "type": "property"
            }
          }
        },
        "props": {
          "fit": {
            "mode": "fill"
          },
          "source": "/system/images/Exterran/T_icono_estado_verde.png"
        },
        "type": "ia.display.image"
      }
    ],
    "meta": {
      "name": "root"
    },
    "type": "ia.container.coord"
  }
}