{
  "custom": {
    "mensajitodock": "",
    "mensajitotitulo": "",
    "path": ""
  },
  "params": {
    "datos": ""
  },
  "propConfig": {
    "custom.mensajitodock": {
      "persistent": true
    },
    "custom.mensajitotitulo": {
      "persistent": true
    },
    "custom.path": {
      "persistent": true
    },
    "params.datos": {
      "paramDirection": "input",
      "persistent": true
    }
  },
  "props": {
    "defaultSize": {
      "height": 196,
      "width": 1613
    }
  },
  "root": {
    "children": [
      {
        "children": [
          {
            "children": [
              {
                "meta": {
                  "name": "Activo"
                },
                "position": {
                  "basis": "51px"
                },
                "props": {
                  "text": "Activo:",
                  "textStyle": {
                    "color": "#FFFFFF",
                    "fontFamily": "sans-serif",
                    "fontSize": 14
                  }
                },
                "type": "ia.display.label"
              },
              {
                "meta": {
                  "name": "Activo2"
                },
                "position": {
                  "basis": "87px"
                },
                "propConfig": {
                  "meta.visible": {
                    "binding": {
                      "config": {
                        "path": "this.props.text"
                      },
                      "transforms": [
                        {
                          "code": "\tif value\u003d\u003d\"\" or value\u003d\u003dNone:\n\t\treturn False\n\telse:\n\t\treturn True",
                          "type": "script"
                        }
                      ],
                      "type": "property"
                    }
                  },
                  "props.text": {
                    "binding": {
                      "config": {
                        "path": "view.custom.mensajitodock"
                      },
                      "type": "property"
                    }
                  }
                },
                "props": {
                  "style": {
                    "backgroundColor": "#007bff",
                    "borderBottomLeftRadius": 2,
                    "borderBottomRightRadius": 2,
                    "borderStyle": "none",
                    "borderTopLeftRadius": 2,
                    "borderTopRightRadius": 2
                  },
                  "textStyle": {
                    "color": "#FFFFFF",
                    "fontFamily": "sans-serif",
                    "fontSize": 14,
                    "textAlign": "center"
                  }
                },
                "type": "ia.display.label"
              }
            ],
            "meta": {
              "name": "Activo"
            },
            "position": {
              "basis": "12%"
            },
            "type": "ia.container.flex"
          },
          {
            "children": [
              {
                "meta": {
                  "name": "Estado"
                },
                "position": {
                  "basis": "59px"
                },
                "props": {
                  "text": "Estado:",
                  "textStyle": {
                    "color": "#FFFFFF",
                    "fontFamily": "sans-serif",
                    "fontSize": 14
                  }
                },
                "type": "ia.display.label"
              },
              {
                "meta": {
                  "name": "Estado2"
                },
                "position": {
                  "basis": "70px"
                },
                "propConfig": {
                  "meta.visible": {
                    "binding": {
                      "config": {
                        "path": "this.props.text"
                      },
                      "transforms": [
                        {
                          "code": "\tif value\u003d\u003d\"\" or value\u003d\u003dNone:\n\t\treturn False\n\telse:\n\t\treturn True",
                          "type": "script"
                        }
                      ],
                      "type": "property"
                    }
                  },
                  "props.style.backgroundColor": {
                    "binding": {
                      "config": {
                        "path": "this.props.text"
                      },
                      "transforms": [
                        {
                          "code": "\tif value \u003d\u003d \u0027Marcha\u0027:\n\t\treturn \u0027green\u0027\n\tif value \u003d\u003d \u0027Incierto\u0027:\n\t\treturn \u0027#c0c0c0\u0027\n\tif value \u003d\u003d \u0027Parada\u0027:\n\t\treturn \u0027red\u0027\n\telse:\n\t\treturn \u0027#c0c0c0\u0027",
                          "type": "script"
                        }
                      ],
                      "type": "property"
                    }
                  },
                  "props.text": {
                    "binding": {
                      "config": {
                        "parameters": {
                          "myActivo": "{view.custom.mensajitodock}"
                        },
                        "queryPath": "Queries Labels/ESTADO Label",
                        "returnFormat": "json"
                      },
                      "transforms": [
                        {
                          "code": "\treturn value[0][\"ESTADOIJ\"]",
                          "type": "script"
                        }
                      ],
                      "type": "query"
                    }
                  }
                },
                "props": {
                  "style": {
                    "borderBottomLeftRadius": 2,
                    "borderBottomRightRadius": 2,
                    "borderStyle": "none",
                    "borderTopLeftRadius": 2,
                    "borderTopRightRadius": 2
                  },
                  "textStyle": {
                    "color": "#FFFFFF",
                    "fontFamily": "sans-serif",
                    "fontSize": 14,
                    "textAlign": "center"
                  }
                },
                "type": "ia.display.label"
              }
            ],
            "meta": {
              "name": "Estado"
            },
            "position": {
              "basis": "12%"
            },
            "type": "ia.container.flex"
          },
          {
            "meta": {
              "name": "Region"
            },
            "position": {
              "basis": "10%"
            },
            "propConfig": {
              "meta.visible": {
                "binding": {
                  "config": {
                    "path": "this.props.text"
                  },
                  "transforms": [
                    {
                      "code": "\tif value\u003d\u003dNone:\n\t\treturn False\n\telse:\n\t\treturn True",
                      "type": "script"
                    }
                  ],
                  "type": "property"
                }
              },
              "props.text": {
                "binding": {
                  "config": {
                    "parameters": {
                      "myActivo": "{../Activo/Activo2.props.text}"
                    },
                    "queryPath": "Queries Labels/PATH Labels",
                    "returnFormat": "json"
                  },
                  "transforms": [
                    {
                      "code": "\treturn \"Region: \"+ (value[0][\"REGION\"])",
                      "type": "script"
                    }
                  ],
                  "type": "query"
                }
              }
            },
            "props": {
              "textStyle": {
                "color": "#FFFFFF",
                "fontFamily": "sans-serif",
                "fontSize": 14
              }
            },
            "type": "ia.display.label"
          },
          {
            "meta": {
              "name": "Pais"
            },
            "position": {
              "basis": "10%"
            },
            "propConfig": {
              "meta.visible": {
                "binding": {
                  "config": {
                    "path": "this.props.text"
                  },
                  "transforms": [
                    {
                      "code": "\tif value\u003d\u003dNone:\n\t\treturn False\n\telse:\n\t\treturn True",
                      "type": "script"
                    }
                  ],
                  "type": "property"
                }
              },
              "props.text": {
                "binding": {
                  "config": {
                    "parameters": {
                      "myActivo": "{../Activo/Activo2.props.text}"
                    },
                    "queryPath": "Queries Labels/PATH Labels",
                    "returnFormat": "json"
                  },
                  "transforms": [
                    {
                      "code": "\treturn \"Pais: \"+ (value[0][\"PAIS\"])",
                      "type": "script"
                    }
                  ],
                  "type": "query"
                }
              }
            },
            "props": {
              "textStyle": {
                "color": "#FFFFFF",
                "fontFamily": "sans-serif",
                "fontSize": 14
              }
            },
            "type": "ia.display.label"
          },
          {
            "meta": {
              "name": "Distrito"
            },
            "position": {
              "basis": "15%"
            },
            "propConfig": {
              "meta.visible": {
                "binding": {
                  "config": {
                    "path": "this.props.text"
                  },
                  "transforms": [
                    {
                      "code": "\tif value\u003d\u003dNone:\n\t\treturn False\n\telse:\n\t\treturn True",
                      "type": "script"
                    }
                  ],
                  "type": "property"
                }
              },
              "props.text": {
                "binding": {
                  "config": {
                    "parameters": {
                      "myActivo": "{../Activo/Activo2.props.text}"
                    },
                    "queryPath": "Queries Labels/PATH Labels",
                    "returnFormat": "json"
                  },
                  "transforms": [
                    {
                      "code": "\treturn \"Distrito: \"+ (value[0][\"DISTRITO\"])",
                      "type": "script"
                    }
                  ],
                  "type": "query"
                }
              }
            },
            "props": {
              "textStyle": {
                "color": "#FFFFFF",
                "fontFamily": "sans-serif",
                "fontSize": 14
              }
            },
            "type": "ia.display.label"
          },
          {
            "meta": {
              "name": "Yacimiento"
            },
            "position": {
              "basis": "20%"
            },
            "propConfig": {
              "meta.visible": {
                "binding": {
                  "config": {
                    "path": "this.props.text"
                  },
                  "transforms": [
                    {
                      "code": "\tif value\u003d\u003dNone:\n\t\treturn False\n\telse:\n\t\treturn True",
                      "type": "script"
                    }
                  ],
                  "type": "property"
                }
              },
              "props.text": {
                "binding": {
                  "config": {
                    "parameters": {
                      "myActivo": "{../Activo/Activo2.props.text}"
                    },
                    "queryPath": "Queries Labels/PATH Labels",
                    "returnFormat": "json"
                  },
                  "transforms": [
                    {
                      "code": "\treturn \"Yacimiento: \"+ (value[0][\"YACIMIENTO\"])",
                      "type": "script"
                    }
                  ],
                  "type": "query"
                }
              }
            },
            "props": {
              "textStyle": {
                "color": "#FFFFFF",
                "fontFamily": "sans-serif",
                "fontSize": 14
              }
            },
            "type": "ia.display.label"
          },
          {
            "meta": {
              "name": "Locacion"
            },
            "position": {
              "basis": "20.8%"
            },
            "propConfig": {
              "meta.visible": {
                "binding": {
                  "config": {
                    "path": "this.props.text"
                  },
                  "transforms": [
                    {
                      "code": "\tif value\u003d\u003dNone:\n\t\treturn False\n\telse:\n\t\treturn True",
                      "type": "script"
                    }
                  ],
                  "type": "property"
                }
              },
              "props.text": {
                "binding": {
                  "config": {
                    "parameters": {
                      "myActivo": "{../Activo/Activo2.props.text}"
                    },
                    "queryPath": "Queries Labels/PATH Labels",
                    "returnFormat": "json"
                  },
                  "transforms": [
                    {
                      "code": "\treturn \"Locacion: \"+ (value[0][\"LOCACION\"])",
                      "type": "script"
                    }
                  ],
                  "type": "query"
                }
              }
            },
            "props": {
              "textStyle": {
                "color": "#FFFFFF",
                "fontFamily": "sans-serif",
                "fontSize": 14
              }
            },
            "type": "ia.display.label"
          }
        ],
        "meta": {
          "name": "Labels"
        },
        "position": {
          "height": 40,
          "width": "98%",
          "x": "1%",
          "y": 35
        },
        "props": {
          "alignItems": "center"
        },
        "type": "ia.container.flex"
      },
      {
        "meta": {
          "name": "Table_1"
        },
        "position": {
          "height": 65,
          "width": "99%",
          "y": 105
        },
        "propConfig": {
          "props.data": {
            "binding": {
              "config": {
                "parameters": {
                  "myActivo": "{../Labels/Activo/Activo2.props.text}"
                },
                "queryPath": "Queries Tablas/InformacionActivos/RTQP-LabelInfActual",
                "returnFormat": "json"
              },
              "transforms": [
                {
                  "code": "# convert the incoming value data\n\theader \u003d [\"VLCD\", \"POTMOTOR\", \"FACTOR\", \"CAUDALGCOMP\", \"CONSUMO\", \"HDMT\", \"PSUC\", \"PRESDESC\"]\n\t\n\t#rango \u003d range(len(value)) # de 0 a 4, si hay 5 filas\n\tlist_aux\u003d[]\n\tprim \u003d \"-\"\n\tsegu \u003d \"-\"\n\tterc \u003d \"-\"\n\tcuar \u003d \"-\"\n\tquin \u003d \"-\"\n\tsext \u003d \"-\"\n\tsept \u003d \"-\"\n\tocta \u003d \"-\"\n\t\n\tki \u003d 0\n\texiste \u003d 0\n\ttry:\n\t\twhile ki \u003c\u003d len(value)-1 and existe \u003d\u003d 0: #hasta el ultimo del original\n\t\t\tssj \u003d ki\n\t\t\tif not value[ssj][\"VLCD\"] is None:\n\t\t\t\tprim \u003d str(value[ssj][\"VLCD\"])\n\t\t\t\texiste \u003d 1\n\t\t\tki \u003d ki + 1\n\t\t\n\t\tki \u003d 0\n\t\texiste \u003d 0\n\t\twhile ki \u003c\u003d len(value)-1 and existe \u003d\u003d 0: #hasta el ultimo del original\n\t\t\t\tssj \u003d ki\n\t\t\t\tif not value[ssj][\"POTMOTOR\"] is None:\n\t\t\t\t\tsegu \u003d str(value[ssj][\"POTMOTOR\"])\n\t\t\t\t\texiste \u003d 1\n\t\t\t\tki \u003d ki + 1\n\t\n\t\tki \u003d 0\t\n\t\texiste \u003d 0\n\t\twhile ki \u003c\u003d len(value)-1 and existe \u003d\u003d 0: #hasta el ultimo del original\n\t\t\t\tssj \u003d ki\n\t\t\t\tif not value[ssj][\"CAUDALGCOMP\"] is None:\n\t\t\t\t\tcuart \u003d str(value[ssj][\"CAUDALGCOMP\"])\n\t\t\t\t\texiste \u003d 1\n\t\t\t\tki \u003d ki + 1\n\t\n\t\tki \u003d 0\n\t\texiste \u003d 0\t\t\n\t\twhile ki \u003c\u003d len(value)-1 and existe \u003d\u003d 0: #hasta el ultimo del original\n\t\t\tssj \u003d ki\n\t\t\tif not value[ssj][\"CONSUMO\"] is None:\n\t\t\t\tquin \u003d str(value[ssj][\"CONSUMO\"])\n\t\t\t\texiste \u003d 1\n\t\t\tki \u003d ki + 1\n\t\n\t\tki \u003d 0\n\t\texiste \u003d 0\n\t\twhile ki \u003c\u003d len(value)-1 and existe \u003d\u003d 0: #hasta el ultimo del original\n\t\t\tssj \u003d ki\n\t\t\tif not value[ssj][\"HDMT\"] is None:\n\t\t\t\tsext \u003d str(value[ssj][\"HDMT\"])\n\t\t\t\texiste \u003d 1\n\t\t\tki \u003d ki + 1\n\t\t\n\t\tki \u003d 0\n\t\texiste \u003d 0\n\t\twhile ki \u003c\u003d len(value)-1 and existe \u003d\u003d 0: #hasta el ultimo del original\n\t\t\tssj \u003d ki\n\t\t\tif not value[ssj][\"PSUC\"] is None:\n\t\t\t\tsept \u003d str(value[ssj][\"PSUC\"])\n\t\t\t\texiste \u003d 1\n\t\t\tki \u003d ki + 1\n\t\t\n\t\tki \u003d 0\n\t\texiste \u003d 0\n\t\twhile ki \u003c\u003d len(value)-1 and existe \u003d\u003d 0: #hasta el ultimo del original\n\t\t\tssj \u003d ki\n\t\t\tif not value[ssj][\"PRESDESC\"] is None:\n\t\t\t\tocta \u003d str(value[ssj][\"PRESDESC\"])\n\t\t\t\texiste \u003d 1\n\t\t\tki \u003d ki + 1\n\t\t\n\t\tki \u003d 0\t\n\t\texiste \u003d 0\n\t\twhile ki \u003c\u003d len(value)-1 and existe \u003d\u003d 0: #hasta el ultimo del original\n\t\t\tssj \u003d ki\n\t\t\tif not value[ssj][\"FACTOR\"] is None:\n\t\t\t\tterc \u003d str(value[ssj][\"FACTOR\"])\n\t\t\t\texiste \u003d 1\n\t\t\tki \u003d ki + 1\n\t\n\t\tlist_aux.append([prim,  segu, terc, cuar, quin, sext, sept, octa])\n\t\t\t\t\n\t\t#END WHILE i\n\t\t# return the results\n\t\tdsds \u003d system.dataset.toDataSet(header, list_aux) \n\t\n\t\n\t\treturn dsds\n\texcept:\n\t\treturn \"Vacio \"",
                  "type": "script"
                }
              ],
              "type": "query"
            }
          }
        },
        "props": {
          "bodyStyle": {
            "backgroundColor": "#454d55",
            "fontFamily": "sans-serif",
            "fontSize": 12
          },
          "cells": {
            "style": {
              "borderBottomStyle": "none",
              "borderLeftStyle": "none",
              "borderRightStyle": "solid",
              "borderRightWidth": 1,
              "borderTopStyle": "none",
              "classes": "ExterranResumenActivo/DetalleSetPoints-StyleTabla1x8"
            }
          },
          "columns": [
            {
              "align": "center",
              "boolean": "checkbox",
              "dateFormat": "MM/DD/YYYY",
              "editable": false,
              "field": "VLCD",
              "footer": {
                "align": "center",
                "justify": "left",
                "style": {
                  "classes": ""
                },
                "title": ""
              },
              "header": {
                "align": "center",
                "justify": "center",
                "style": {
                  "classes": "",
                  "color": "#a9a9a9",
                  "fontFamily": "Roboto",
                  "fontWeight": "lighter"
                },
                "title": "Velocidad"
              },
              "justify": "center",
              "number": "value",
              "numberFormat": "0,0.##",
              "progressBar": {
                "bar": {
                  "color": "",
                  "style": {
                    "classes": ""
                  }
                },
                "max": 100,
                "min": 0,
                "track": {
                  "color": "",
                  "style": {
                    "classes": ""
                  }
                },
                "value": {
                  "enabled": true,
                  "format": "0,0.##",
                  "justify": "center",
                  "style": {
                    "classes": ""
                  }
                }
              },
              "render": "auto",
              "resizable": false,
              "sort": "none",
              "sortable": false,
              "strictWidth": false,
              "style": {
                "classes": "",
                "color": "#FFFFFF",
                "fontFamily": "Roboto",
                "fontWeight": "bolder"
              },
              "toggleSwitch": {
                "color": {
                  "selected": "",
                  "unselected": ""
                }
              },
              "viewParams": {},
              "viewPath": "",
              "visible": true,
              "width": 40
            },
            {
              "align": "center",
              "boolean": "checkbox",
              "dateFormat": "MM/DD/YYYY",
              "editable": false,
              "field": "POTMOTOR",
              "footer": {
                "align": "center",
                "justify": "left",
                "style": {
                  "classes": ""
                },
                "title": ""
              },
              "header": {
                "align": "center",
                "justify": "center",
                "style": {
                  "classes": "",
                  "color": "#a9a9a9",
                  "fontFamily": "Roboto",
                  "fontWeight": "lighter"
                },
                "title": "Potencia Motor"
              },
              "justify": "center",
              "number": "value",
              "numberFormat": "0,0.##",
              "progressBar": {
                "bar": {
                  "color": "",
                  "style": {
                    "classes": ""
                  }
                },
                "max": 100,
                "min": 0,
                "track": {
                  "color": "",
                  "style": {
                    "classes": ""
                  }
                },
                "value": {
                  "enabled": true,
                  "format": "0,0.##",
                  "justify": "center",
                  "style": {
                    "classes": ""
                  }
                }
              },
              "render": "auto",
              "resizable": false,
              "sort": "none",
              "sortable": false,
              "strictWidth": false,
              "style": {
                "classes": "",
                "color": "#FFFFFF",
                "fontFamily": "Roboto",
                "fontWeight": "bolder"
              },
              "toggleSwitch": {
                "color": {
                  "selected": "",
                  "unselected": ""
                }
              },
              "viewParams": {},
              "viewPath": "",
              "visible": true,
              "width": 60
            },
            {
              "align": "center",
              "boolean": "checkbox",
              "dateFormat": "MM/DD/YYYY",
              "editable": false,
              "field": "FACTOR",
              "footer": {
                "align": "center",
                "justify": "left",
                "style": {
                  "classes": ""
                },
                "title": ""
              },
              "header": {
                "align": "center",
                "justify": "center",
                "style": {
                  "classes": "",
                  "color": "#a9a9a9",
                  "fontFamily": "Roboto",
                  "fontWeight": "lighter"
                },
                "title": "Factor de Carga"
              },
              "justify": "center",
              "number": "value",
              "numberFormat": "0,0.##",
              "progressBar": {
                "bar": {
                  "color": "",
                  "style": {
                    "classes": ""
                  }
                },
                "max": 100,
                "min": 0,
                "track": {
                  "color": "",
                  "style": {
                    "classes": ""
                  }
                },
                "value": {
                  "enabled": true,
                  "format": "0,0.##",
                  "justify": "center",
                  "style": {
                    "classes": ""
                  }
                }
              },
              "render": "auto",
              "resizable": false,
              "sort": "none",
              "sortable": false,
              "strictWidth": false,
              "style": {
                "classes": "",
                "color": "#FFFFFF",
                "fontFamily": "Roboto",
                "fontWeight": "bold"
              },
              "toggleSwitch": {
                "color": {
                  "selected": "",
                  "unselected": ""
                }
              },
              "viewParams": {},
              "viewPath": "",
              "visible": true,
              "width": 60
            },
            {
              "align": "center",
              "boolean": "checkbox",
              "dateFormat": "MM/DD/YYYY",
              "editable": false,
              "field": "CAUDALGCOMP",
              "footer": {
                "align": "center",
                "justify": "left",
                "style": {
                  "classes": ""
                },
                "title": ""
              },
              "header": {
                "align": "center",
                "justify": "center",
                "style": {
                  "classes": "",
                  "color": "#a9a9a9",
                  "fontFamily": "Roboto",
                  "fontWeight": "lighter"
                },
                "title": "Caudal gas comprimido"
              },
              "justify": "center",
              "number": "value",
              "numberFormat": "0,0.##",
              "progressBar": {
                "bar": {
                  "color": "",
                  "style": {
                    "classes": ""
                  }
                },
                "max": 100,
                "min": 0,
                "track": {
                  "color": "",
                  "style": {
                    "classes": ""
                  }
                },
                "value": {
                  "enabled": true,
                  "format": "0,0.##",
                  "justify": "center",
                  "style": {
                    "classes": ""
                  }
                }
              },
              "render": "auto",
              "resizable": false,
              "sort": "none",
              "sortable": false,
              "strictWidth": false,
              "style": {
                "classes": "",
                "color": "#FFFFFF",
                "fontFamily": "Roboto",
                "fontWeight": "bold"
              },
              "toggleSwitch": {
                "color": {
                  "selected": "",
                  "unselected": ""
                }
              },
              "viewParams": {},
              "viewPath": "",
              "visible": true,
              "width": 80
            },
            {
              "align": "center",
              "boolean": "checkbox",
              "dateFormat": "MM/DD/YYYY",
              "editable": false,
              "field": "CONSUMO",
              "footer": {
                "align": "center",
                "justify": "left",
                "style": {
                  "classes": ""
                },
                "title": ""
              },
              "header": {
                "align": "center",
                "justify": "center",
                "style": {
                  "classes": "",
                  "color": "#a9a9a9",
                  "fontFamily": "Roboto",
                  "fontWeight": "lighter"
                },
                "title": "Consumo gas Combustible"
              },
              "justify": "center",
              "number": "value",
              "numberFormat": "0,0.##",
              "progressBar": {
                "bar": {
                  "color": "",
                  "style": {
                    "classes": ""
                  }
                },
                "max": 100,
                "min": 0,
                "track": {
                  "color": "",
                  "style": {
                    "classes": ""
                  }
                },
                "value": {
                  "enabled": true,
                  "format": "0,0.##",
                  "justify": "center",
                  "style": {
                    "classes": ""
                  }
                }
              },
              "render": "auto",
              "resizable": false,
              "sort": "none",
              "sortable": false,
              "strictWidth": false,
              "style": {
                "classes": "",
                "color": "#FFFFFF",
                "fontFamily": "Roboto",
                "fontWeight": "bold"
              },
              "toggleSwitch": {
                "color": {
                  "selected": "",
                  "unselected": ""
                }
              },
              "viewParams": {},
              "viewPath": "",
              "visible": true,
              "width": 80
            },
            {
              "align": "center",
              "boolean": "checkbox",
              "dateFormat": "MM/DD/YYYY",
              "editable": false,
              "field": "HDMT",
              "footer": {
                "align": "center",
                "justify": "left",
                "style": {
                  "classes": ""
                },
                "title": ""
              },
              "header": {
                "align": "center",
                "justify": "center",
                "style": {
                  "classes": "",
                  "color": "#a9a9a9",
                  "fontFamily": "Roboto",
                  "fontWeight": "lighter"
                },
                "title": "Horas Marcha"
              },
              "justify": "center",
              "number": "value",
              "numberFormat": "0,0.##",
              "progressBar": {
                "bar": {
                  "color": "",
                  "style": {
                    "classes": ""
                  }
                },
                "max": 100,
                "min": 0,
                "track": {
                  "color": "",
                  "style": {
                    "classes": ""
                  }
                },
                "value": {
                  "enabled": true,
                  "format": "0,0.##",
                  "justify": "center",
                  "style": {
                    "classes": ""
                  }
                }
              },
              "render": "auto",
              "resizable": false,
              "sort": "none",
              "sortable": false,
              "strictWidth": false,
              "style": {
                "classes": "",
                "color": "#FFFFFF",
                "fontFamily": "Roboto",
                "fontWeight": "bold"
              },
              "toggleSwitch": {
                "color": {
                  "selected": "",
                  "unselected": ""
                }
              },
              "viewParams": {},
              "viewPath": "",
              "visible": true,
              "width": 60
            },
            {
              "align": "center",
              "boolean": "checkbox",
              "dateFormat": "MM/DD/YYYY",
              "editable": false,
              "field": "PSUC",
              "footer": {
                "align": "center",
                "justify": "left",
                "style": {
                  "classes": ""
                },
                "title": ""
              },
              "header": {
                "align": "center",
                "justify": "center",
                "style": {
                  "classes": "",
                  "color": "#a9a9a9",
                  "fontFamily": "Roboto",
                  "fontWeight": "lighter"
                },
                "title": "Presion Succion"
              },
              "justify": "center",
              "number": "value",
              "numberFormat": "0,0.##",
              "progressBar": {
                "bar": {
                  "color": "",
                  "style": {
                    "classes": ""
                  }
                },
                "max": 100,
                "min": 0,
                "track": {
                  "color": "",
                  "style": {
                    "classes": ""
                  }
                },
                "value": {
                  "enabled": true,
                  "format": "0,0.##",
                  "justify": "center",
                  "style": {
                    "classes": ""
                  }
                }
              },
              "render": "auto",
              "resizable": false,
              "sort": "none",
              "sortable": false,
              "strictWidth": false,
              "style": {
                "classes": "",
                "color": "#FFFFFF",
                "fontFamily": "Roboto",
                "fontWeight": "bold",
                "textAlign": "center"
              },
              "toggleSwitch": {
                "color": {
                  "selected": "",
                  "unselected": ""
                }
              },
              "viewParams": {},
              "viewPath": "",
              "visible": true,
              "width": 60
            },
            {
              "align": "center",
              "boolean": "checkbox",
              "dateFormat": "MM/DD/YYYY",
              "editable": false,
              "field": "PRESDESC",
              "footer": {
                "align": "center",
                "justify": "left",
                "style": {
                  "classes": ""
                },
                "title": ""
              },
              "header": {
                "align": "center",
                "justify": "center",
                "style": {
                  "classes": "",
                  "color": "#a9a9a9",
                  "fontFamily": "Roboto",
                  "fontWeight": "lighter"
                },
                "title": "Presion Desc.Final"
              },
              "justify": "center",
              "number": "value",
              "numberFormat": "0,0.##",
              "progressBar": {
                "bar": {
                  "color": "",
                  "style": {
                    "classes": ""
                  }
                },
                "max": 100,
                "min": 0,
                "track": {
                  "color": "",
                  "style": {
                    "classes": ""
                  }
                },
                "value": {
                  "enabled": true,
                  "format": "0,0.##",
                  "justify": "center",
                  "style": {
                    "classes": ""
                  }
                }
              },
              "render": "auto",
              "resizable": false,
              "sort": "none",
              "sortable": false,
              "strictWidth": false,
              "style": {
                "classes": "",
                "color": "#FFFFFF",
                "fontFamily": "Roboto",
                "fontWeight": "bold"
              },
              "toggleSwitch": {
                "color": {
                  "selected": "",
                  "unselected": ""
                }
              },
              "viewParams": {},
              "viewPath": "",
              "visible": true,
              "width": 60
            }
          ],
          "dragOrderable": false,
          "emptyMessage": {
            "noData": {
              "icon": {
                "color": "#FFFFFF",
                "path": "material/360"
              },
              "text": "Esperando datos...",
              "textStyle": {
                "color": "#ffffff",
                "fontFamily": "Roboto",
                "fontSize": 11
              }
            },
            "style": {
              "backgroundColor": "#454d55"
            }
          },
          "headerStyle": {
            "backgroundColor": "#454d55",
            "borderBottomStyle": "none",
            "borderLeftStyle": "none",
            "borderRightStyle": "solid",
            "borderRightWidth": 1,
            "borderTopStyle": "none"
          },
          "pager": {
            "bottom": false
          },
          "rows": {
            "height": "30%",
            "highlight": {
              "enabled": false
            },
            "striped": {
              "enabled": false
            }
          },
          "selection": {
            "enableRowSelection": false
          },
          "style": {
            "backgroundColor": "#454d55",
            "borderBottomStyle": "solid",
            "borderBottomWidth": 1,
            "borderLeftStyle": "none",
            "borderRightStyle": "none",
            "borderTopStyle": "none",
            "classes": "ExterranResumenActivo/DetalleSetPoints-StyleTabla1x8"
          },
          "virtualized": false
        },
        "type": "ia.display.table"
      },
      {
        "meta": {
          "name": "Label_fake_container"
        },
        "position": {
          "height": 34,
          "width": "99%",
          "y": 71
        },
        "props": {
          "style": {
            "backgroundColor": "#6c757d"
          }
        },
        "type": "ia.display.label"
      },
      {
        "events": {
          "system": {
            "onStartup": {
              "config": {
                "script": "\tself.props.text \u003d self.view.custom.mensajitotitulo"
              },
              "scope": "G",
              "type": "script"
            }
          }
        },
        "meta": {
          "name": "Titulo"
        },
        "position": {
          "height": 31,
          "width": 400,
          "x": 16,
          "y": 6
        },
        "propConfig": {
          "props.text": {
            "binding": {
              "config": {
                "path": "view.custom.mensajitotitulo"
              },
              "type": "property"
            }
          }
        },
        "props": {
          "textStyle": {
            "color": "#FFFFFF",
            "fontFamily": "sans-serif",
            "fontSize": 24
          }
        },
        "type": "ia.display.label"
      },
      {
        "children": [
          {
            "custom": {
              "booleano_Variables": 0
            },
            "events": {
              "component": {
                "onActionPerformed": {
                  "config": {
                    "script": "\tx \u003d str(self.view.custom.mensajitodock) # mensajitodock tiene el dato ACTIVO que le llega a traves de un mensaje\n\ty \u003d str(\"Variables\")\n\tsystem.perspective.navigate(\u0027/variables/\u0027+ x +\u0027/\u0027+y, newTab\u003d False) \n\t#/variables/:datos/:titulo"
                  },
                  "scope": "G",
                  "type": "script"
                }
              },
              "dom": {
                "onClick": {
                  "config": {
                    "script": "\tself.props.style.backgroundColor\u003d\"#FFA50080\"\n\tself.getSibling(\"nav6\").props.style.backgroundColor\u003d\"#FFA500\"\n\tself.getSibling(\"nav5\").props.style.backgroundColor\u003d\"#FFA500\"\n\tself.getSibling(\"nav4\").props.style.backgroundColor\u003d\"#424D73\"\n\tself.getSibling(\"nav3\").props.style.backgroundColor\u003d\"#11A664\"\n\tself.getSibling(\"nav2\").props.style.backgroundColor\u003d\"#11A664\"\n\tself.getSibling(\"nav1\").props.style.backgroundColor\u003d\"#11A664\"\n\tself.getSibling(\"nav00\").props.style.backgroundColor\u003d\"#424D73\"\n"
                  },
                  "scope": "G",
                  "type": "script"
                },
                "onMouseEnter": {
                  "config": {
                    "script": "\tself.props.textStyle.color \u003d \u0027#FFFFFF\u0027"
                  },
                  "scope": "G",
                  "type": "script"
                },
                "onMouseLeave": {
                  "config": {
                    "script": "\tself.props.textStyle.color \u003d \u0027#000000\u0027"
                  },
                  "scope": "G",
                  "type": "script"
                }
              }
            },
            "meta": {
              "name": "nav7"
            },
            "position": {
              "x": -960
            },
            "propConfig": {
              "position.x": {
                "binding": {
                  "config": {
                    "path": "page.props.dimensions.viewport.width"
                  },
                  "enabled": false,
                  "transforms": [
                    {
                      "code": "\treturn value-960",
                      "type": "script"
                    }
                  ],
                  "type": "property"
                }
              },
              "props.style.backgroundColor": {
                "binding": {
                  "config": {
                    "path": "view.custom.mensajitotitulo"
                  },
                  "transforms": [
                    {
                      "code": "\tif value \u003d\u003d \u0027Variables\u0027:\n\t\tcolor \u003d \u0027#FFA50080\u0027 \n\telse:\n\t\tcolor \u003d \u0027#FFA500\u0027\n\treturn color",
                      "type": "script"
                    }
                  ],
                  "type": "property"
                }
              }
            },
            "props": {
              "image": {
                "width": 30
              },
              "style": {
                "borderBottomLeftRadius": 1,
                "borderBottomRightRadius": 1,
                "borderColor": "#333333",
                "borderStyle": "solid",
                "borderTopLeftRadius": 1,
                "borderTopRightRadius": 1,
                "borderWidth": "1px"
              },
              "text": "Variables",
              "textStyle": {
                "color": "#000000",
                "fontFamily": "sans-serif",
                "fontSize": 12,
                "fontWeight": "normal"
              }
            },
            "type": "ia.input.button"
          },
          {
            "custom": {
              "booleando_SetPoints": 0
            },
            "events": {
              "dom": {
                "onClick": {
                  "config": {
                    "script": "\n\tx \u003d str(self.view.custom.mensajitodock) # mensajitodock tiene el dato ACTIVO que le llega a traves de un mensaje\n\ty \u003d str(\"Set Points\")\n\tsystem.perspective.navigate(\u0027/setpoints/\u0027+ x +\u0027/\u0027+y, newTab\u003dFalse)\n\t#/variables/:datos/:titulo\n\t\n\t#Efecto botón presionado\n\tself.getSibling(\"nav7\").props.style.backgroundColor\u003d\"#FFA500\"\n\tself.props.style.backgroundColor\u003d\"#FFA50080\"\n\tself.getSibling(\"nav5\").props.style.backgroundColor\u003d\"#FFA500\"\n\tself.getSibling(\"nav4\").props.style.backgroundColor\u003d\"#424D73\"\n\tself.getSibling(\"nav3\").props.style.backgroundColor\u003d\"#11A664\"\n\tself.getSibling(\"nav2\").props.style.backgroundColor\u003d\"#11A664\"\n\tself.getSibling(\"nav1\").props.style.backgroundColor\u003d\"#11A664\"\n\tself.getSibling(\"nav00\").props.style.backgroundColor\u003d\"#424D73\""
                  },
                  "scope": "G",
                  "type": "script"
                },
                "onMouseEnter": {
                  "config": {
                    "script": "\tself.props.textStyle.color \u003d \u0027#FFFFFF\u0027"
                  },
                  "scope": "G",
                  "type": "script"
                },
                "onMouseLeave": {
                  "config": {
                    "script": "\tself.props.textStyle.color \u003d \u0027#000000\u0027"
                  },
                  "scope": "G",
                  "type": "script"
                }
              }
            },
            "meta": {
              "name": "nav6"
            },
            "position": {
              "x": -840
            },
            "propConfig": {
              "position.x": {
                "binding": {
                  "config": {
                    "path": "page.props.dimensions.viewport.width"
                  },
                  "enabled": false,
                  "transforms": [
                    {
                      "code": "\treturn value-960",
                      "type": "script"
                    }
                  ],
                  "type": "property"
                }
              },
              "props.style.backgroundColor": {
                "binding": {
                  "config": {
                    "path": "view.custom.mensajitotitulo"
                  },
                  "transforms": [
                    {
                      "code": "\tif value \u003d\u003d \u0027Set Points\u0027:\n\t\tcolor \u003d \u0027#FFA50080\u0027 \n\telse:\n\t\tcolor \u003d \u0027#FFA500\u0027\n\treturn color",
                      "type": "script"
                    }
                  ],
                  "type": "property"
                }
              }
            },
            "props": {
              "image": {
                "width": 30
              },
              "style": {
                "borderBottomLeftRadius": 1,
                "borderBottomRightRadius": 1,
                "borderColor": "#333333",
                "borderStyle": "solid",
                "borderTopLeftRadius": 1,
                "borderTopRightRadius": 1,
                "borderWidth": "1px"
              },
              "text": "Set Points",
              "textStyle": {
                "color": "#000000",
                "fontFamily": "sans-serif",
                "fontSize": 12,
                "fontWeight": "normal"
              }
            },
            "type": "ia.input.button"
          },
          {
            "custom": {
              "booleando_Tendencias": 0
            },
            "events": {
              "component": {
                "onActionPerformed": {
                  "config": {
                    "script": "\t#system.perspective.navigate(\u0027/\u0027, newTab\u003dFalse)"
                  },
                  "scope": "G",
                  "type": "script"
                }
              },
              "dom": {
                "onClick": {
                  "config": {
                    "script": "\t#Efecto botón presionado\n\tx \u003d str(self.view.custom.mensajitodock) # mensajitodock tiene el dato ACTIVO que le llega a traves de un mensaje\n\ty \u003d str(\"Tendencias\")\n\tsystem.perspective.navigate(\u0027/detalleTendencias/\u0027+ x +\u0027/\u0027+y, newTab\u003dFalse)\n\t\n\tself.getSibling(\"nav7\").props.style.backgroundColor\u003d\"#FFA500\"\n\tself.getSibling(\"nav6\").props.style.backgroundColor\u003d\"#FFA500\"\n\tself.props.style.backgroundColor\u003d\"#FFA50080\"\n\tself.getSibling(\"nav4\").props.style.backgroundColor\u003d\"#424D73\"\n\tself.getSibling(\"nav3\").props.style.backgroundColor\u003d\"#11A664\"\n\tself.getSibling(\"nav2\").props.style.backgroundColor\u003d\"#11A664\"\n\tself.getSibling(\"nav1\").props.style.backgroundColor\u003d\"#11A664\"\n\tself.getSibling(\"nav00\").props.style.backgroundColor\u003d\"#424D73\""
                  },
                  "scope": "G",
                  "type": "script"
                },
                "onMouseEnter": {
                  "config": {
                    "script": "\tself.props.textStyle.color \u003d \u0027#FFFFFF\u0027"
                  },
                  "scope": "G",
                  "type": "script"
                },
                "onMouseLeave": {
                  "config": {
                    "script": "\tself.props.textStyle.color \u003d \u0027#000000\u0027"
                  },
                  "scope": "G",
                  "type": "script"
                }
              }
            },
            "meta": {
              "name": "nav5"
            },
            "position": {
              "x": -720
            },
            "propConfig": {
              "position.x": {
                "binding": {
                  "config": {
                    "path": "page.props.dimensions.viewport.width"
                  },
                  "enabled": false,
                  "transforms": [
                    {
                      "code": "\treturn value-960",
                      "type": "script"
                    }
                  ],
                  "type": "property"
                }
              }
            },
            "props": {
              "image": {
                "width": 30
              },
              "style": {
                "backgroundColor": "#FFA500",
                "borderBottomLeftRadius": 1,
                "borderBottomRightRadius": 1,
                "borderColor": "#333333",
                "borderStyle": "solid",
                "borderTopLeftRadius": 1,
                "borderTopRightRadius": 1,
                "borderWidth": "1px"
              },
              "text": "Tendencias",
              "textStyle": {
                "color": "#000000",
                "fontFamily": "sans-serif",
                "fontSize": 12,
                "fontWeight": "normal"
              }
            },
            "type": "ia.input.button"
          },
          {
            "custom": {
              "booleando_DatosTecnicos": 0
            },
            "events": {
              "component": {
                "onActionPerformed": {
                  "config": {
                    "script": "\tsystem.perspective.navigate(\u0027/Resumen-Datos-Tecnicos\u0027, newTab\u003dFalse)"
                  },
                  "scope": "G",
                  "type": "script"
                }
              },
              "dom": {
                "onClick": {
                  "config": {
                    "script": "\t#Efecto botón presionado\n\tself.getSibling(\"nav7\").props.style.backgroundColor\u003d\"#FFA500\"\n\tself.getSibling(\"nav6\").props.style.backgroundColor\u003d\"#FFA500\"\n\tself.getSibling(\"nav5\").props.style.backgroundColor\u003d\"#FFA500\"\n\tself.props.style.backgroundColor\u003d\"#424D7380\"\n\tself.getSibling(\"nav3\").props.style.backgroundColor\u003d\"#11A664\"\n\tself.getSibling(\"nav2\").props.style.backgroundColor\u003d\"#11A664\"\n\tself.getSibling(\"nav1\").props.style.backgroundColor\u003d\"#11A664\"\n\tself.getSibling(\"nav00\").props.style.backgroundColor\u003d\"#424D73\""
                  },
                  "scope": "G",
                  "type": "script"
                }
              }
            },
            "meta": {
              "name": "nav4"
            },
            "position": {
              "x": -600
            },
            "propConfig": {
              "position.x": {
                "binding": {
                  "config": {
                    "path": "page.props.dimensions.viewport.width"
                  },
                  "enabled": false,
                  "transforms": [
                    {
                      "code": "\treturn value-960",
                      "type": "script"
                    }
                  ],
                  "type": "property"
                }
              }
            },
            "props": {
              "image": {
                "width": 30
              },
              "style": {
                "backgroundColor": "#424D73",
                "borderBottomLeftRadius": 1,
                "borderBottomRightRadius": 1,
                "borderColor": "#333333",
                "borderStyle": "solid",
                "borderTopLeftRadius": 1,
                "borderTopRightRadius": 1,
                "borderWidth": "1px"
              },
              "text": "Datos Técnicos",
              "textStyle": {
                "fontFamily": "sans-serif",
                "fontSize": 12,
                "fontWeight": "normal"
              }
            },
            "type": "ia.input.button"
          },
          {
            "custom": {
              "booleando_Historico": 0
            },
            "events": {
              "component": {
                "onActionPerformed": {
                  "config": {
                    "script": "\ty \u003d str(\"Historico de Eventos\")\n\tx \u003d self.parent.parent.getChild(\"Labels\").getChild(\"Activo\").getChild(\"Activo2\").props.text\n\tsystem.perspective.navigate(\u0027/historico-de-eventos-subv/\u0027+ x +\u0027/\u0027+y, newTab\u003dFalse)"
                  },
                  "scope": "G",
                  "type": "script"
                }
              },
              "dom": {
                "onClick": {
                  "config": {
                    "script": "\t#Efecto botón presionado\n\tself.getSibling(\"nav7\").props.style.backgroundColor\u003d\"#FFA500\"\n\tself.getSibling(\"nav6\").props.style.backgroundColor\u003d\"#FFA500\"\n\tself.getSibling(\"nav5\").props.style.backgroundColor\u003d\"#FFA500\"\n\tself.getSibling(\"nav4\").props.style.backgroundColor\u003d\"#424D73\"\n\tself.props.style.backgroundColor\u003d\"#11A66480\"\n\tself.getSibling(\"nav2\").props.style.backgroundColor\u003d\"#11A664\"\n\tself.getSibling(\"nav1\").props.style.backgroundColor\u003d\"#11A664\"\n\tself.getSibling(\"nav00\").props.style.backgroundColor\u003d\"#424D73\""
                  },
                  "scope": "G",
                  "type": "script"
                },
                "onMouseEnter": {
                  "config": {
                    "script": "\tself.props.style.backgroundColor \u003d \u0027#11A66480\u0027"
                  },
                  "scope": "G",
                  "type": "script"
                },
                "onMouseLeave": {
                  "config": {
                    "script": "\tself.props.style.backgroundColor \u003d \u0027#11A664\u0027"
                  },
                  "scope": "G",
                  "type": "script"
                }
              }
            },
            "meta": {
              "name": "nav3"
            },
            "position": {
              "x": -480
            },
            "propConfig": {
              "position.x": {
                "binding": {
                  "config": {
                    "path": "page.props.dimensions.viewport.width"
                  },
                  "enabled": false,
                  "transforms": [
                    {
                      "code": "\treturn value-960",
                      "type": "script"
                    }
                  ],
                  "type": "property"
                }
              }
            },
            "props": {
              "image": {
                "width": 30
              },
              "style": {
                "backgroundColor": "#11A664",
                "borderBottomLeftRadius": 1,
                "borderBottomRightRadius": 1,
                "borderColor": "#333333",
                "borderStyle": "solid",
                "borderTopLeftRadius": 1,
                "borderTopRightRadius": 1,
                "borderWidth": "1px"
              },
              "text": "Histórico Eventos",
              "textStyle": {
                "fontFamily": "sans-serif",
                "fontSize": 12,
                "fontWeight": "normal"
              }
            },
            "type": "ia.input.button"
          },
          {
            "custom": {
              "booleando_ResumenEventos": 0
            },
            "events": {
              "component": {
                "onActionPerformed": {
                  "config": {
                    "script": "\t#system.perspective.sendMessage(messageType\u003d\u0027mensajitodatostabla\u0027, payload\u003d{\u0027regionView\u0027:self.parent.parent.getChild(\"Labels\").getChild(\"Region\").props.text, \u0027paisView\u0027: self.parent.parent.getChild(\"Labels\").getChild(\"Pais\").props.text, \u0027distritoView\u0027: self.parent.parent.getChild(\"Labels\").getChild(\"Distrito\").props.text, \u0027yacimientoView\u0027: self.parent.parent.getChild(\"Labels\").getChild(\"Yacimiento\").props.text, \u0027locacionView\u0027: self.parent.parent.getChild(\"Labels\").getChild(\"Locacion\").props.text, \u0027activoView\u0027: self.parent.parent.getChild(\"Labels\").getChild(\"Activo\").getChild(\"Activo2\").props.text, \u0027levelvarView\u0027: levelvara }, scope\u003d\u0027page\u0027)\n\ty \u003d str(\"Resumen de Eventos\")\n\tx \u003d self.parent.parent.getChild(\"Labels\").getChild(\"Activo\").getChild(\"Activo2\").props.text\n\tsystem.perspective.navigate(\u0027/resumen-de-eventos/\u0027+ x +\u0027/\u0027+y, newTab\u003dFalse)"
                  },
                  "scope": "G",
                  "type": "script"
                }
              },
              "dom": {
                "onClick": {
                  "config": {
                    "script": "\t#Efecto botón presionado\n\tself.getSibling(\"nav7\").props.style.backgroundColor\u003d\"#FFA500\"\n\tself.getSibling(\"nav6\").props.style.backgroundColor\u003d\"#FFA500\"\n\tself.getSibling(\"nav5\").props.style.backgroundColor\u003d\"#FFA500\"\n\tself.getSibling(\"nav4\").props.style.backgroundColor\u003d\"#424D73\"\n\tself.getSibling(\"nav3\").props.style.backgroundColor\u003d\"#11A664\"\n\tself.props.style.backgroundColor\u003d\"#11A66480\"\n\tself.getSibling(\"nav1\").props.style.backgroundColor\u003d\"#11A664\"\n\tself.getSibling(\"nav00\").props.style.backgroundColor\u003d\"#424D73\""
                  },
                  "scope": "G",
                  "type": "script"
                },
                "onMouseEnter": {
                  "config": {
                    "script": "\tself.props.style.backgroundColor \u003d \u0027#11A66480\u0027"
                  },
                  "scope": "G",
                  "type": "script"
                },
                "onMouseLeave": {
                  "config": {
                    "script": "\tself.props.style.backgroundColor \u003d \u0027#11A664\u0027 "
                  },
                  "scope": "G",
                  "type": "script"
                }
              }
            },
            "meta": {
              "name": "nav2"
            },
            "position": {
              "x": -360
            },
            "propConfig": {
              "position.x": {
                "binding": {
                  "config": {
                    "path": "page.props.dimensions.viewport.width"
                  },
                  "enabled": false,
                  "transforms": [
                    {
                      "code": "\treturn value-960",
                      "type": "script"
                    }
                  ],
                  "type": "property"
                }
              }
            },
            "props": {
              "image": {
                "width": 30
              },
              "style": {
                "backgroundColor": "#11A664",
                "borderBottomLeftRadius": 1,
                "borderBottomRightRadius": 1,
                "borderColor": "#333333",
                "borderStyle": "solid",
                "borderTopLeftRadius": 1,
                "borderTopRightRadius": 1,
                "borderWidth": "1px"
              },
              "text": "Resumen Eventos",
              "textStyle": {
                "fontFamily": "sans-serif",
                "fontSize": 12,
                "fontWeight": "normal"
              }
            },
            "type": "ia.input.button"
          },
          {
            "custom": {
              "booleando_LogParos": 0
            },
            "events": {
              "component": {
                "onActionPerformed": {
                  "config": {
                    "script": "\ty \u003d str(\"Log Paros\")\n\tx \u003d self.parent.parent.getChild(\"Labels\").getChild(\"Activo\").getChild(\"Activo2\").props.text\n\tsystem.perspective.navigate(\u0027/log-paros-subv/\u0027+ x +\u0027/\u0027+y, newTab\u003dFalse)"
                  },
                  "scope": "G",
                  "type": "script"
                }
              },
              "dom": {
                "onClick": {
                  "config": {
                    "script": "\t#Efecto botón presionado\n\tself.getSibling(\"nav7\").props.style.backgroundColor\u003d\"#FFA500\"\n\tself.getSibling(\"nav6\").props.style.backgroundColor\u003d\"#FFA500\"\n\tself.getSibling(\"nav5\").props.style.backgroundColor\u003d\"#FFA500\"\n\tself.getSibling(\"nav4\").props.style.backgroundColor\u003d\"#424D73\"\n\tself.getSibling(\"nav3\").props.style.backgroundColor\u003d\"#11A664\"\n\tself.getSibling(\"nav2\").props.style.backgroundColor\u003d\"#11A664\"\n\tself.props.style.backgroundColor\u003d\"#11A66480\"\n\tself.getSibling(\"nav00\").props.style.backgroundColor\u003d\"#424D73\""
                  },
                  "scope": "G",
                  "type": "script"
                },
                "onMouseEnter": {
                  "config": {
                    "script": "\tself.props.style.backgroundColor\u003d\"#11A66480\""
                  },
                  "scope": "G",
                  "type": "script"
                },
                "onMouseLeave": {
                  "config": {
                    "script": "\tself.props.style.backgroundColor \u003d \u0027#11A664\u0027"
                  },
                  "scope": "G",
                  "type": "script"
                }
              }
            },
            "meta": {
              "name": "nav1"
            },
            "position": {
              "x": -240
            },
            "propConfig": {
              "position.x": {
                "binding": {
                  "config": {
                    "path": "page.props.dimensions.viewport.width"
                  },
                  "enabled": false,
                  "transforms": [
                    {
                      "code": "\treturn value-960",
                      "type": "script"
                    }
                  ],
                  "type": "property"
                }
              }
            },
            "props": {
              "image": {
                "width": 30
              },
              "style": {
                "backgroundColor": "#11A664",
                "borderBottomLeftRadius": 1,
                "borderBottomRightRadius": 1,
                "borderColor": "#333333",
                "borderStyle": "solid",
                "borderTopLeftRadius": 1,
                "borderTopRightRadius": 1,
                "borderWidth": "1px"
              },
              "text": "Log Paros",
              "textStyle": {
                "fontFamily": "sans-serif",
                "fontSize": 12,
                "fontWeight": "normal"
              }
            },
            "type": "ia.input.button"
          },
          {
            "custom": {
              "booleando_Reportes": 0
            },
            "events": {
              "component": {
                "onActionPerformed": {
                  "config": {
                    "script": "\tsystem.perspective.navigate(\u0027/\u0027, newTab\u003dFalse)"
                  },
                  "scope": "G",
                  "type": "script"
                }
              },
              "dom": {
                "onClick": {
                  "config": {
                    "script": "\t#Efecto botón presionado\n\tself.getSibling(\"nav7\").props.style.backgroundColor\u003d\"#FFA500\"\n\tself.getSibling(\"nav6\").props.style.backgroundColor\u003d\"#FFA500\"\n\tself.getSibling(\"nav5\").props.style.backgroundColor\u003d\"#FFA500\"\n\tself.getSibling(\"nav4\").props.style.backgroundColor\u003d\"#424D73\"\n\tself.getSibling(\"nav3\").props.style.backgroundColor\u003d\"#11A664\"\n\tself.getSibling(\"nav2\").props.style.backgroundColor\u003d\"#11A664\"\n\tself.getSibling(\"nav1\").props.style.backgroundColor\u003d\"#11A664\"\n\tself.props.style.backgroundColor\u003d\"#424D7380\"\n"
                  },
                  "scope": "G",
                  "type": "script"
                }
              }
            },
            "meta": {
              "name": "nav00"
            },
            "position": {
              "x": -120
            },
            "propConfig": {
              "position.x": {
                "binding": {
                  "config": {
                    "path": "page.props.dimensions.viewport.width"
                  },
                  "enabled": false,
                  "transforms": [
                    {
                      "code": "\treturn value-960",
                      "type": "script"
                    }
                  ],
                  "type": "property"
                }
              }
            },
            "props": {
              "image": {
                "width": 30
              },
              "style": {
                "backgroundColor": "#424D73",
                "borderBottomLeftRadius": 1,
                "borderBottomRightRadius": 1,
                "borderColor": "#333333",
                "borderStyle": "solid",
                "borderTopLeftRadius": 1,
                "borderTopRightRadius": 1,
                "borderWidth": "1px"
              },
              "text": "Reportes",
              "textStyle": {
                "fontFamily": "sans-serif",
                "fontSize": 12,
                "fontWeight": "normal"
              }
            },
            "type": "ia.input.button"
          }
        ],
        "meta": {
          "name": "FlexContainer"
        },
        "position": {
          "height": 26,
          "width": "99%",
          "y": 75
        },
        "props": {
          "justify": "flex-end"
        },
        "type": "ia.container.flex"
      },
      {
        "children": [
          {
            "meta": {
              "name": "ExportImage"
            },
            "position": {
              "height": 25,
              "width": 25
            },
            "props": {
              "fit": {
                "mode": "fill"
              },
              "source": "/system/images/download-pdf-icon-white.png",
              "tint": {
                "color": "#17a2b8",
                "enabled": true
              }
            },
            "type": "ia.display.image"
          },
          {
            "events": {
              "dom": {
                "onClick": {
                  "config": {
                    "draggable": true,
                    "id": "exportpopup",
                    "modal": true,
                    "overlayDismiss": true,
                    "resizable": false,
                    "showCloseIcon": true,
                    "title": "¿Descargar datos de tabla?",
                    "type": "open",
                    "viewPath": "Docks/PopUpExport",
                    "viewportBound": false
                  },
                  "scope": "C",
                  "type": "popup"
                }
              }
            },
            "meta": {
              "name": "Informacion de Activos"
            },
            "position": {
              "height": 20,
              "width": 120,
              "x": 28,
              "y": 3
            },
            "props": {
              "alignVertical": "bottom",
              "style": {
                "classes": "Exterran-NavLinkStyle"
              },
              "text": "Exportar",
              "textStyle": {
                "textDecoration": "underline"
              }
            },
            "type": "ia.display.label"
          },
          {
            "events": {
              "dom": {
                "onClick": {
                  "config": {
                    "draggable": true,
                    "id": "exportpopup",
                    "modal": true,
                    "overlayDismiss": true,
                    "resizable": false,
                    "showCloseIcon": true,
                    "title": "¿Descargar datos de tabla?",
                    "type": "open",
                    "viewPath": "Docks/PopUpExport",
                    "viewportBound": false
                  },
                  "scope": "C",
                  "type": "popup"
                }
              }
            },
            "meta": {
              "name": "FlexLink"
            },
            "position": {
              "height": 20,
              "width": 93
            },
            "props": {
              "style": {
                "borderBottomColor": "#6c757d",
                "cursor": "pointer"
              }
            },
            "type": "ia.container.flex"
          }
        ],
        "meta": {
          "name": "CoordinateContainer"
        },
        "position": {
          "height": 26,
          "width": 400,
          "y": 13
        },
        "propConfig": {
          "position.x": {
            "binding": {
              "config": {
                "path": "page.props.dimensions.primaryView.width"
              },
              "transforms": [
                {
                  "code": "\treturn value -410",
                  "type": "script"
                }
              ],
              "type": "property"
            }
          }
        },
        "type": "ia.container.coord"
      },
      {
        "children": [
          {
            "meta": {
              "name": "Gestion de Eventos"
            },
            "position": {
              "basis": "195px"
            },
            "propConfig": {
              "props.text": {
                "binding": {
                  "config": {
                    "path": "view.custom.mensajitotitulo"
                  },
                  "transforms": [
                    {
                      "code": "\treturn (\u0027   \u0027+ \u0027/\u0027+ \u0027 \u0027 + value)\n\t\n\t#.../Titulo.props.text",
                      "type": "script"
                    }
                  ],
                  "type": "property"
                }
              }
            },
            "props": {
              "alignVertical": "bottom",
              "style": {
                "classes": "Exterran-NavLinkStyle"
              }
            },
            "type": "ia.display.label"
          },
          {
            "events": {
              "dom": {
                "onMouseEnter": {
                  "config": {
                    "script": "\tself.props.style.color\u003d \"#3496FF\""
                  },
                  "scope": "G",
                  "type": "script"
                },
                "onMouseLeave": {
                  "config": {
                    "script": "\tself.props.style.color\u003d \"#007BFF\""
                  },
                  "scope": "G",
                  "type": "script"
                }
              }
            },
            "meta": {
              "name": "HomeLink"
            },
            "position": {
              "basis": "50px"
            },
            "props": {
              "style": {
                "classes": "Exterran-NavLinkStyleHome",
                "color": "#3496FF"
              },
              "target": "self",
              "text": "Home ",
              "url": "/seleccion-de-activos"
            },
            "type": "ia.navigation.link"
          }
        ],
        "meta": {
          "name": "RutaNav"
        },
        "position": {
          "height": 20,
          "width": 250,
          "y": 15
        },
        "propConfig": {
          "position.x": {
            "binding": {
              "config": {
                "path": "page.props.dimensions.primaryView.width"
              },
              "transforms": [
                {
                  "code": "\treturn value -250",
                  "type": "script"
                }
              ],
              "type": "property"
            }
          }
        },
        "props": {
          "alignItems": "flex-start",
          "direction": "row-reverse"
        },
        "type": "ia.container.flex"
      },
      {
        "events": {
          "system": {
            "onStartup": {
              "config": {
                "script": "\tsystem.perspective.sendMessage(messageType\u003d\u0027status\u0027, payload\u003d{\u0027test\u0027:\"andando\"}, scope\u003d\u0027page\u0027)"
              },
              "scope": "G",
              "type": "script"
            }
          }
        },
        "meta": {
          "name": "Label"
        },
        "position": {
          "height": 32,
          "width": 76,
          "x": 341,
          "y": 5
        },
        "propConfig": {
          "props.text": {
            "binding": {
              "config": {
                "path": "view.custom.mensajitodock"
              },
              "type": "property"
            }
          }
        },
        "props": {
          "style": {
            "backgroundColor": "#CA8F8F"
          },
          "textStyle": {
            "color": "#FFFFFF"
          }
        },
        "type": "ia.display.label"
      }
    ],
    "meta": {
      "name": "root"
    },
    "props": {
      "style": {
        "classes": "ExterranHistoricoDeEventos/Container-Background-General"
      }
    },
    "scripts": {
      "customMethods": [],
      "extensionFunctions": null,
      "messageHandlers": [
        {
          "messageType": "mensajitodock",
          "pageScope": true,
          "script": "\tself.view.custom.mensajitodock \u003d payload[\"mensajitodock\"]",
          "sessionScope": false,
          "viewScope": false
        },
        {
          "messageType": "mensajitotitulo",
          "pageScope": true,
          "script": "\tself.view.custom.mensajitotitulo \u003d payload[\"mensajitotitulo\"]",
          "sessionScope": false,
          "viewScope": false
        }
      ]
    },
    "type": "ia.container.coord"
  }
}